id_cliente,dni,nombre_completo,telefono,email,direccion,distrito,fecha_registro,consentimiento_datos,activo
1,1000000,Claudia Cruz Espinoza,910010001,claudia.cruz.espinoza1@gmail.com,Jr. Contreras 432,Cajamarca,2024-04-09,1,1
2,1000001,Paola Fernández Salazar,910010002,paola.fernandez.salazar2@gmail.com,Jr. Díaz 707,Cajamarca,2025-03-18,1,1
3,1000002,Andrea Morales Becerra,910010003,andrea.morales.becerra3@gmail.com,Jr. Puga 671,Baños del Inca,2023-03-21,1,1
4,1000003,Álvaro Huamán Mendoza,910010004,alvaro.huaman.mendoza4@gmail.com,Av. Fernández 757,Cajamarca,2023-07-28,1,1
5,1000004,Ana Salazar Díaz,910010005,ana.salazar.diaz5@gmail.com,Jr. Paredes 587,Cajamarca,2022-05-31,1,1
6,1000005,Elena Salazar Contreras,910010006,elena.salazar.contreras6@gmail.com,Ca. García 206,Cajamarca,2023-01-02,1,1
7,1000006,Patricia Vargas Contreras,910010007,patricia.vargas.contreras7@gmail.com,Av. García 578,Cajamarca,2023-10-15,0,1
8,1000007,Johana Quispe Vargas,910010008,johana.quispe.vargas8@gmail.com,Ca. Alva 906,La Encañada,2022-07-27,1,1
9,1000008,Roberto Díaz Ríos,910010009,roberto.diaz.rios9@gmail.com,Jr. Herrera 779,Porcón,2023-11-30,1,1
10,1000009,Ana Vega Tello,910010010,ana.vega.tello10@gmail.com,Ca. Puga 346,Cajamarca,2024-05-13,1,1
11,1000010,Milagros Jiménez Altamirano,910010011,milagros.jimenez.altamirano11@gmail.com,Av. Campos 899,Baños del Inca,2025-06-29,0,1
12,1000011,Renzo Ramos López,910010012,renzo.ramos.lopez12@gmail.com,Ca. Silva 532,Cajamarca,2022-11-12,1,1
13,10000013,Sebastián Mendoza Flores,910010013,sebastian.mendoza.flores13gmail.com,Av. Alva 495,San Sebastián,2022-11-27,1,1
14,10000014,Rosa Díaz Reyes,910010014,rosa.diaz.reyes14gmail.com,Jr. Contreras 496,Cajamarca,2024-03-13,1,1
15,10000015,Valeria Silva Mendoza,910010015,valeria.silva.mendoza15gmail.com,Jr. Cruz 346,Cajamarca,2023-03-12,1,1
16,10000016,Álvaro Guerrero Vega,910010016,alvaro.guerrero.vega16gmail.com,Av. Salazar 339,Cajamarca,2025-05-29,1,1
17,10000017,Lucía Torres Ramos,910010017,lucia.torres.ramos17gmail.com,Av. Contreras 368,San Sebastián,2022-02-09,1,1
18,10000018,Ana Paredes Ramos,,ana.paredes.ramos18gmail.com,Ca. Quispe 894,La Encañada,2022-11-20,0,1
19,10000019,Luis Vargas Huamán,910010019,luis.vargas.huaman19gmail.com,Jr. Soto 869,Baños del Inca,2023-08-10,0,1
20,10000020,Ángela Becerra Puga,910010020,angela.becerra.puga20gmail.com,Ca. Vega 116,Llacanora,2022-04-18,1,1
21,10000021,Carlos Ríos Reyes,910010021,carlos.rios.reyes21gmail.com,Av. Vargas 871,Cajamarca,2022-08-06,0,1
22,10000022,Patricia Díaz Morales,,patricia.diaz.morales22gmail.com,Ca. Fernández 161,Cajamarca,2025-04-25,0,1
23,10000023,Ricardo Espinoza Becerra,910010023,ricardo.espinoza.becerra23gmail.com,Av. Tello 947,Cajamarca,2023-05-18,1,1
24,10000024,Fiorella Vega Vega,910010024,fiorella.vega.vega24gmail.com,Jr. Ibañez 794,Cajamarca,2024-07-26,1,1
25,10000025,Eduardo Medina Medina,910010025,eduardo.medina.medina25gmail.com,Ca. Becerra 841,Cajamarca,2023-07-29,1,1
26,10000026,Joaquín Morales Flores,910010026,joaquin.morales.flores26gmail.com,Jr. Domínguez 938,Cajamarca,2022-09-02,1,1
27,10000027,Gladys Cárdenas Morales,910010027,gladys.cardenas.morales27gmail.com,Av. Reyes 961,Cajamarca,2022-05-04,1,1
28,10000028,Sara Flores Gonzales,910010028,sara.flores.gonzales28gmail.com,Av. Ríos 688,Porcón,2022-11-02,1,1
29,10000029,Andrea Alva Ríos,910010029,andrea.alva.rios29gmail.com,Jr. Castro 471,Cajamarca,2024-12-31,1,1
30,10000030,Elena Torres Becerra,910010030,,Av. Jiménez 887,Cajamarca,2022-12-21,0,1
31,10000031,Fiorella Soto Delgado,910010031,fiorella.soto.delgado31@gmail.com,Jr. Díaz 642,Cajamarca,2025-06-02,1,1
32,10000032,Manuel Gonzales Guerrero,910010032,manuel.gonzales.guerrero32@gmail.com,Jr. Torres 515,Cajamarca,2024-04-29,1,1
33,10000033,Sebastián Castro Vargas,910010033,sebastian.castro.vargas33@gmail.com,Jr. Cárdenas 869,Cajamarca,2025-04-23,0,1
34,10000034,María Castro Espinoza,910010034,maria.castro.espinoza34@gmail.com,Av. Morales 753,Cajamarca,2025-02-25,1,1
35,10000035,Alonso Ibañez Sánchez,910010035,alonso.ibanez.sanchez35@gmail.com,Av. Torres 996,Cajamarca,2025-03-22,1,1
36,10000036,Juan Mendoza Espinoza,910010036,juan.mendoza.espinoza36@gmail.com,Av. Gonzales 141,Cajamarca,2022-09-01,1,1
37,10000037,Juana Vargas Campos,910010037,juana.vargas.campos37@gmail.com,Jr. Jiménez 222,Baños del Inca,2023-09-24,1,1
38,10000038,Carmen Espinoza Torres,910010038,carmen.espinoza.torres38@gmail.com,Jr. Rojas 753,Porcón,2024-05-05,1,1
39,10000039,Karin Campos Ríos,910010039,karin.campos.rios39@gmail.com,Jr. Domínguez 149,Cajamarca,2022-11-27,1,1
40,10000040,Jackeline Puga Puga,910010040,jackeline.puga.puga40@gmail.com,Ca. Altamirano 550,Cajamarca,2023-04-15,1,1
41,10000041,Yolanda Chávez Huamán,910010041,yolanda.chavez.huaman41@gmail.com,Ca. Campos 729,Cajamarca,2024-04-03,1,1
42,10000042,Nancy Castro Silva,910010042,nancy.castro.silva42@gmail.com,Av. Ramos 736,Cajamarca,2022-07-19,1,1
43,10000043,Ricardo Domínguez Ríos,910010043,,Ca. Quispe 956,Cajamarca,2022-07-02,1,1
44,10000044,Jackeline Torres Castro,910010044,jackeline.torres.castro44@gmail.com,Av. Cruz 899,Cajamarca,2024-04-19,1,1
45,10000045,Nancy Contreras Morales,910010045,nancy.contreras.morales45@gmail.com,Ca. Guevara 308,Cajamarca,2022-05-29,1,1
46,10000046,Eduardo Huamán Puga,910010046,eduardo.huaman.puga46@gmail.com,Ca. Gonzales 935,Porcón,2023-10-25,0,1
47,10000047,Yolanda Ramos Ramos,910010047,yolanda.ramos.ramos47@gmail.com,Ca. Tello 955,Cajamarca,2022-04-30,0,1
48,10000048,Alonso Puga Cárdenas,910010048,alonso.puga.cardenas48@gmail.com,Jr. Torres 506,Llacanora,2022-12-23,1,1
49,10000049,Ana Contreras Huamán,910010049,ana.contreras.huaman49@gmail.com,Jr. Díaz 193,Llacanora,2023-08-28,1,1
50,10000050,Johana Reyes Flores,910010050,johana.reyes.flores50@gmail.com,Av. Herrera 464,Cajamarca,2023-04-07,1,1
51,10000051,Joaquín Puga Ramos,910010051,joaquin.puga.ramos51@gmail.com,Jr. Alva 738,Jesús,2025-06-12,1,1
52,10000052,Rodrigo Gonzales García,910010052,rodrigo.gonzales.garcia52@gmail.com,Ca. Sánchez 178,La Encañada,2023-01-27,0,1
53,10000053,Francisco Cruz Salazar,910010053,francisco.cruz.salazar53@gmail.com,Jr. Paredes 894,Cajamarca,2022-10-13,1,1
54,10000054,Lucía Cárdenas Ríos,910010054,lucia.cardenas.rios54@gmail.com,Jr. Silva 483,Cajamarca,2024-08-23,1,1
55,10000055,Carlos Becerra Herrera,910010055,carlos.becerra.herrera55@gmail.com,Ca. Mendoza 914,Cajamarca,2023-01-08,1,1
56,10000056,Jorge García Quispe,910010056,jorge.garcia.quispe56@gmail.com,Jr. Ramos 606,Cajamarca,2024-12-14,1,1
57,10000057,Manuel Puga Espinoza,910010057,manuel.puga.espinoza57@gmail.com,Av. Fernández 542,Cajamarca,2022-11-30,1,1
58,10000058,Diego Salazar Rojas,910010058,diego.salazar.rojas58@gmail.com,Jr. Morales 849,Cajamarca,2022-11-09,1,1
59,10000059,Andrés Paredes Silva,910010059,andres.paredes.silva59@gmail.com,Av. Guevara 383,Baños del Inca,2022-10-10,0,1
60,10000060,Juan Sánchez Chávez,910010060,juan.sanchez.chavez60@gmail.com,Jr. Domínguez 196,Cajamarca,2023-01-02,1,1
61,10000061,Luis Cruz Puga,910010061,luis.cruz.puga61@gmail.com,Av. Paredes 813,Cajamarca,2024-12-13,0,1
62,10000062,Antonio Torres Vargas,910010062,antonio.torres.vargas62@gmail.com,Ca. López 440,Cajamarca,2022-08-14,1,1
63,10000063,Luis Contreras García,910010063,luis.contreras.garcia63@gmail.com,Jr. Jiménez 792,Cajamarca,2024-06-13,1,1
64,10000064,Gabriela Espinoza Rojas,910010064,gabriela.espinoza.rojas64@gmail.com,Jr. Rojas 530,La Encañada,2024-08-15,1,1
65,10000065,Luis Cárdenas Flores,910010065,luis.cardenas.flores65@gmail.com,Jr. Contreras 573,Cajamarca,2025-04-25,1,1
66,10000066,Mónica Espinoza Cárdenas,910010066,monica.espinoza.cardenas66@gmail.com,Ca. Contreras 480,Cajamarca,2024-02-17,1,1
67,10000067,Claudia Espinoza Cruz,910010067,claudia.espinoza.cruz67@gmail.com,Av. Huamán 499,Llacanora,2023-09-23,1,1
68,10000068,Bruno Díaz Campos,910010068,bruno.diaz.campos68@gmail.com,Ca. Paredes 181,Jesús,2024-06-05,1,1
69,10000069,Gladys Ríos Jiménez,910010069,gladys.rios.jimenez69@gmail.com,Av. Ramos 213,Cajamarca,2023-09-21,1,1
70,10000070,Andrea Salazar López,910010070,andrea.salazar.lopez70@gmail.com,Ca. Chávez 528,Cajamarca,2022-07-10,1,1
71,10000071,Johana Espinoza Quispe,910010071,johana.espinoza.quispe71@gmail.com,Av. Espinoza 657,Cajamarca,2022-09-08,1,1
72,10000072,Nancy Salazar Díaz,910010072,nancy.salazar.diaz72@gmail.com,Jr. Espinoza 224,Cajamarca,2022-02-06,1,1
73,10000073,Andrés Delgado Alva,910010073,andres.delgado.alva73@gmail.com,Jr. Tello 828,Cajamarca,2023-08-16,0,1
74,10000074,Valeria Puga Cruz,910010074,valeria.puga.cruz74@gmail.com,Av. Medina 975,Llacanora,2022-07-17,1,1
75,10000075,Karin Herrera Silva,910010075,karin.herrera.silva75@gmail.com,Av. Salazar 356,Llacanora,2022-04-06,1,1
76,10000076,Rosa Mendoza Becerra,910010076,rosa.mendoza.becerra76@gmail.com,Av. García 172,Cajamarca,2023-07-15,0,1
77,10000077,Patricia Herrera Vargas,910010077,patricia.herrera.vargas77@gmail.com,Ca. Vega 102,Cajamarca,2022-10-11,1,1
78,10000078,Andrés Mendoza Torres,910010078,andres.mendoza.torres78@gmail.com,Ca. López 515,Cajamarca,2024-12-31,1,1
79,10000079,Andrés Fernández Cruz,910010079,,Av. Gonzales 997,Cajamarca,2025-06-06,1,1
80,10000080,César Alva López,910010080,cesar.alva.lopez80@gmail.com,Jr. Flores 923,San Sebastián,2022-02-14,1,1
81,10000081,Eduardo Sánchez Fernández,910010081,eduardo.sanchez.fernandez81@gmail.com,Av. Sánchez 112,Cajamarca,2022-05-10,0,1
82,10000082,Pedro Vega Torres,910010082,pedro.vega.torres82@gmail.com,Jr. Cruz 264,Cajamarca,2025-07-20,1,1
83,10000083,Andrea Reyes Cárdenas,910010083,andrea.reyes.cardenas83@gmail.com,Av. Soto 803,Cajamarca,2024-10-24,1,1
84,10000084,Eduardo Quispe Chávez,910010084,eduardo.quispe.chavez84@gmail.com,Av. Herrera 319,Cajamarca,2023-07-19,1,1
85,10000085,Pedro Reyes López,910010085,pedro.reyes.lopez85@gmail.com,Ca. Cárdenas 870,San Sebastián,2025-06-08,0,1
86,10000086,Yolanda Contreras Silva,910010086,yolanda.contreras.silva86@gmail.com,Jr. Díaz 145,Porcón,2025-06-08,0,1
87,10000087,Carlos Paredes Ibañez,910010087,carlos.paredes.ibanez87@gmail.com,Ca. García 237,Jesús,2022-11-29,1,1
88,10000088,Eduardo Cárdenas Becerra,910010088,eduardo.cardenas.becerra88@gmail.com,Av. Puga 276,Cajamarca,2024-08-29,1,1
89,10000089,Andrea Díaz Silva,910010089,andrea.diaz.silva89@gmail.com,Av. Soto 980,Cajamarca,2022-12-20,1,1
90,10000090,Mónica Sánchez Quispe,910010090,monica.sanchez.quispe90@gmail.com,Av. Rojas 276,Cajamarca,2025-01-27,1,1
91,10000091,Eduardo Ibañez Tello,910010091,eduardo.ibanez.tello91@gmail.com,Jr. García 379,Cajamarca,2023-05-27,1,1
92,10000092,Lucía Domínguez Delgado,910010092,lucia.dominguez.delgado92@gmail.com,Jr. Flores 909,Cajamarca,2025-04-18,1,1
93,10000093,Lucía Medina Chávez,910010093,lucia.medina.chavez93@gmail.com,Av. Ramos 320,Cajamarca,2023-11-16,1,1
94,10000094,Fiorella Huamán Ibañez,910010094,fiorella.huaman.ibanez94@gmail.com,Av. Morales 559,Cajamarca,2022-02-28,1,1
95,10000095,Carlos Medina Ibañez,910010095,,Ca. Fernández 133,Cajamarca,2022-08-09,0,1
96,10000096,Milagros Vargas Castro,910010096,milagros.vargas.castro96@gmail.com,Av. Contreras 280,Cajamarca,2025-05-25,1,1
97,10000097,Alonso Altamirano Ríos,910010097,alonso.altamirano.rios0@gmail.com,Ca. Altamirano 375,Cajamarca,2022-10-23,0,1
98,10000098,Johana Flores Quispe,910010098,johana.flores.quispe1@gmail.com,Av. Mendoza 299,Cajamarca,2023-03-20,0,1
99,10000099,Rosa Domínguez Vega,910010099,rosa.dominguez.vega2@gmail.com,Ca. Reyes 299,Cajamarca,2024-11-14,1,1
100,10000100,César Domínguez Sánchez,910010100,cesar.dominguez.sanchez3@gmail.com,Jr. Díaz 273,San Sebastián,2022-04-19,1,1
101,10000101,Jorge Silva Becerra,910010101,jorge.silva.becerra4@gmail.com,Ca. Vega 390,CAJAMARCA,2024-09-22,1,1
102,10000102,Johana Domínguez Gonzales,910010102,johana.dominguez.gonzales5@gmail.com,Av. Chávez 351,BAÑOS DEL INCA,2025-07-10,0,1
103,10000103,Elena Huamán Castro,910010103,elena.huaman.castro6@gmail.com,Jr. Guerrero 902,BANOS DEL INCA,2023-02-27,1,1
104,10000104,Nancy Chávez Herrera,910010104,,Jr. Campos 568,San Sebastian,2024-08-15,1,1
105,10000105,Álvaro Salazar Guerrero,910010105,alvaro.salazar.guerrero8@gmail.com,Ca. Huamán 508,SAN SEBASTIÁN,2022-05-01,1,1
106,10000106,Antonio Guerrero Tello,910010106,antonio.guerrero.tello9@gmail.com,Av. Alva 770,PORCON,2024-03-11,0,1
107,10000107,César Soto Reyes,910010107,cesar.soto.reyes10@gmail.com,Av. Cárdenas 185,PORCÓN,2023-09-19,1,1
108,10000108,Bruno Salazar Guerrero,910010108,bruno.salazar.guerrero11@gmail.com,Jr. Cárdenas 876,LA ENCAÑADA,2025-01-04,1,1
109,10000109,Renzo Fernández Torres,910010109,renzo.fernandez.torres12@gmail.com,Jr. Becerra 788,JESUS,2023-11-15,1,1
110,10000110,Luis Castro Fernández,910010110,luis.castro.fernandez13@gmail.com,Jr. Cruz 286,Chetilla,2023-10-10,1,1
111,10000111,Patricia Cruz Huamán,910010111,patricia.cruz.huaman14@gmail.com,Jr. Cárdenas 557,Cajamarca,2024-03-18,1,1
112,10000112,Gladys Silva Sánchez,910010112,gladys.silva.sanchez15@gmail.com,Ca. Salazar 453,Cajamarca,2024-09-21,1,1
113,10000113,Daniela Torres Salazar,910010113,daniela.torres.salazar16@gmail.com,Av. Vega 670,Cajamarca,2022-07-13,1,1
114,10000114,Andrea Herrera Díaz,910010114,andrea.herrera.diaz17@gmail.com,Jr. Huamán 905,Baños del Inca,2022-10-11,1,1
115,10000115,Mónica Delgado Soto,910010115,monica.delgado.soto18@gmail.com,Jr. Ibañez 890,Porcón,2025-06-23,0,1
116,10000116,Johana Ríos Paredes,910010116,johana.rios.paredes19@gmail.com,Av. Huamán 296,Cajamarca,2022-10-26,1,1
117,10000117,Ricardo Flores Ríos,910010117,ricardo.flores.rios20@gmail.com,Jr. Vega 178,Cajamarca,2023-12-17,1,1
118,10000118,Jackeline Salazar Cárdenas,910010118,jackeline.salazar.cardenas21@gmail.com,Jr. Altamirano 313,Cajamarca,2024-05-10,1,1
119,10000119,Manuel Castro Torres,910010119,,Ca. Cruz 521,Cajamarca,2022-09-13,1,1
120,10000120,Carmen Cárdenas Guerrero,910010120,carmen.cardenas.guerrero23@gmail.com,Av. Gonzales 344,Cajamarca,2022-07-06,1,1
121,10000121,Francisco Espinoza Reyes,910010121,francisco.espinoza.reyes24@gmail.com,Jr. Salazar 273,Cajamarca,2024-05-15,1,1
122,10000122,Elena Guevara Torres,910010122,elena.guevara.torres25@gmail.com,Av. Vega 639,Jesús,2024-09-11,1,1
123,10000123,Rosa Gonzales Huamán,910010123,rosa.gonzales.huaman26@gmail.com,Av. Fernández 775,Baños del Inca,2022-12-23,0,1
124,10000124,María Salazar Mendoza,910010124,maria.salazar.mendoza27@gmail.com,Ca. Altamirano 461,Cajamarca,2023-09-03,1,1
125,10000125,Rosa Delgado Chávez,910010125,rosa.delgado.chavez28@gmail.com,Jr. Soto 687,Cajamarca,2022-06-23,1,1
126,10000126,Paola Morales Morales,910010126,paola.morales.morales29@gmail.com,Jr. Puga 681,Cajamarca,2023-04-14,1,1
127,10000127,Yolanda Herrera Chávez,910010127,,Jr. Flores 721,Cajamarca,2025-04-18,1,1
128,10000128,Gladys García Cárdenas,910010128,gladys.garcia.cardenas31@gmail.com,Ca. Cruz 612,Llacanora,2023-12-03,1,1
129,10000129,Cecilia Morales Castro,910010129,cecilia.morales.castro32@gmail.com,Av. Domínguez 718,Cajamarca,2025-02-28,0,1
130,10000130,Gladys Guevara Fernández,910010130,,Ca. Ríos 216,Baños del Inca,2022-12-30,0,1
131,10000131,Alonso Ríos Herrera,910010131,alonso.rios.herrera34@gmail.com,Ca. Quispe 838,Cajamarca,2023-06-06,1,1
132,10000132,Miguel Cárdenas Guevara,910010132,miguel.cardenas.guevara35@gmail.com,Jr. Puga 101,Cajamarca,2024-03-14,1,1
133,10000133,Elena Campos Medina,910010133,elena.campos.medina36@gmail.com,Av. Guevara 282,La Encañada,2023-10-04,1,1
134,10000134,Daniela Salazar Delgado,910010134,daniela.salazar.delgado37@gmail.com,Jr. Huamán 389,Baños del Inca,2024-08-04,0,1
135,10000135,Paola Huamán Vega,910010135,paola.huaman.vega38@gmail.com,Ca. Herrera 792,Cajamarca,2022-07-25,1,1
136,10000136,Yolanda Altamirano Silva,910010136,yolanda.altamirano.silva39@gmail.com,Ca. García 202,Cajamarca,2024-12-11,1,1
137,10000137,Valeria Morales Soto,910010137,valeria.morales.soto40@gmail.com,Av. Herrera 531,Llacanora,2023-08-17,1,1
138,10000138,Gladys Contreras Campos,910010138,gladys.contreras.campos41@gmail.com,Ca. Ríos 938,Llacanora,2022-11-25,1,1
139,10000139,Pedro Torres Vega,910010139,,Jr. López 992,Cajamarca,2024-12-17,1,1
140,10000140,Renzo Mendoza Herrera,910010140,renzo.mendoza.herrera43@gmail.com,Jr. Fernández 359,Cajamarca,2023-11-05,1,1
141,10000141,José Jiménez Medina,910010141,jose.jimenez.medina44@gmail.com,Ca. Herrera 530,Cajamarca,2022-12-02,1,1
142,10000142,Lucía Ramos Puga,910010142,,Ca. Flores 725,Porcón,2024-08-20,1,1
143,10000143,Ricardo Ramos Alva,910010143,ricardo.ramos.alva46@gmail.com,Av. Silva 784,Baños del Inca,2023-05-11,1,1
144,10000144,Francisco Becerra Espinoza,910010144,francisco.becerra.espinoza47@gmail.com,Av. Vega 663,Cajamarca,2024-06-05,1,1
145,10000145,Roberto Guerrero Alva,910010145,roberto.guerrero.alva48@gmail.com,Jr. García 319,Cajamarca,2023-10-16,1,1
146,10000146,Lucía Alva Cruz,910010146,lucia.alva.cruz49@gmail.com,Av. Alva 973,Baños del Inca,2023-11-07,1,1
147,10000147,Pedro Salazar Domínguez,910010147,pedro.salazar.dominguez50@gmail.com,Jr. Campos 130,Cajamarca,2024-06-16,1,1
148,10000148,Bruno Fernández Vega,910010148,bruno.fernandez.vega51@gmail.com,Av. Guerrero 766,Cajamarca,2023-12-04,1,1
149,10000149,Pedro Silva Sánchez,910010149,pedro.silva.sanchez52@gmail.com,Av. Vega 153,Cajamarca,2025-04-25,1,1
150,10000150,Carmen Ríos Flores,910010150,carmen.rios.flores53@gmail.com,Av. Ramos 992,Cajamarca,2023-05-05,1,1
151,10000151,Antonio Tello Quispe,910010151,antonio.tello.quispe54@gmail.com,Ca. Gonzales 237,Cajamarca,2023-07-01,0,1
152,10000152,Rodrigo Morales Contreras,910010152,rodrigo.morales.contreras55@gmail.com,Jr. Sánchez 684,Cajamarca,2022-04-13,0,1
153,10000153,Francisco Cruz Díaz,910010153,francisco.cruz.diaz56@gmail.com,Ca. Vargas 364,Baños del Inca,2025-04-27,1,1
154,10000154,Renzo Soto Soto,910010154,,Ca. Tello 232,Cajamarca,2024-02-10,1,1
155,10000155,Miguel Paredes Fernández,910010155,miguel.paredes.fernandez58@gmail.com,Ca. Domínguez 564,Cajamarca,2023-07-31,1,1
156,10000156,Marco Guevara Paredes,910010156,marco.guevara.paredes59@gmail.com,Av. Espinoza 253,Cajamarca,2023-12-03,1,1
157,10000157,Daniela Torres Cárdenas,910010157,daniela.torres.cardenas60@gmail.com,Jr. Campos 531,Cajamarca,2025-05-21,0,1
158,10000158,Roberto Delgado Vargas,910010158,roberto.delgado.vargas61@gmail.com,Jr. Torres 511,Cajamarca,2022-04-18,1,1
159,10000159,Andrea Guevara García,910010159,andrea.guevara.garcia62@gmail.com,Ca. Altamirano 893,Cajamarca,2022-03-16,1,1
160,10000160,Yolanda Ramos Reyes,910010160,yolanda.ramos.reyes63@gmail.com,Jr. Guevara 561,Baños del Inca,2023-03-09,1,1
161,10000161,Carmen Contreras Chávez,910010161,carmen.contreras.chavez64@gmail.com,Jr. Torres 988,Cajamarca,2022-05-09,1,1
162,10000162,Yolanda Torres Reyes,910010162,,Ca. Guevara 394,Cajamarca,2022-11-08,1,1
163,10000163,Patricia Quispe Castro,910010163,patricia.quispe.castro66@gmail.com,Av. Sánchez 581,Cajamarca,2023-01-05,1,1
164,10000164,Carmen Gonzales Guerrero,910010164,carmen.gonzales.guerrero67@gmail.com,Av. Paredes 423,Cajamarca,2023-09-01,1,1
165,10000165,Pedro Alva Quispe,910010165,pedro.alva.quispe68@gmail.com,Jr. Domínguez 156,Cajamarca,2023-12-30,1,1
166,10000166,Carlos Vega Torres,910010166,carlos.vega.torres69@gmail.com,Ca. Paredes 920,Cajamarca,2024-10-13,1,1
167,10000167,Jorge Gonzales Becerra,910010167,jorge.gonzales.becerra70@gmail.com,Av. Reyes 957,Cajamarca,2025-02-22,1,1
168,10000168,Diego Castro Rojas,910010168,diego.castro.rojas71@gmail.com,Av. Herrera 887,Cajamarca,2025-07-16,1,1
169,10000169,Juan Díaz Ibañez,910010169,juan.diaz.ibanez72@gmail.com,Ca. Herrera 755,Cajamarca,2023-12-31,1,1
170,10000170,Andrea Castro García,910010170,andrea.castro.garcia73@gmail.com,Ca. Cárdenas 718,Cajamarca,2024-03-20,0,1
171,10000171,Carmen Espinoza Guevara,910010171,carmen.espinoza.guevara74@gmail.com,Av. Gonzales 498,Cajamarca,2023-06-23,1,1
172,10000172,Patricia Chávez Delgado,910010172,patricia.chavez.delgado75@gmail.com,Av. Gonzales 153,Cajamarca,2025-02-15,0,1
173,10000173,Francisco Delgado Ibañez,910010173,francisco.delgado.ibanez76@gmail.com,Ca. Ríos 228,Cajamarca,2024-07-18,1,1
174,10000174,Rosa Soto Alva,910010174,rosa.soto.alva77@gmail.com,Jr. Flores 557,Cajamarca,2024-06-05,1,1
175,10000175,Eduardo Sánchez Campos,910010175,eduardo.sanchez.campos78@gmail.com,Jr. Campos 742,Chetilla,2022-08-02,1,1
176,10000176,Roberto García Ramos,,roberto.garcia.ramos79@gmail.com,Ca. Medina 872,Cajamarca,2022-09-30,1,1
177,10000177,Renzo Cárdenas Medina,910010177,renzo.cardenas.medina80@gmail.com,Jr. García 779,Cajamarca,2024-11-27,1,1
178,10000178,Milagros Gonzales Herrera,910010178,milagros.gonzales.herrera81@gmail.com,Jr. Guerrero 634,Cajamarca,2023-03-07,1,1
179,10000179,Karin Herrera Altamirano,910010179,karin.herrera.altamirano82@gmail.com,Ca. Guevara 406,Cajamarca,2025-05-14,1,1
180,10000180,Luis Paredes Jiménez,910010180,luis.paredes.jimenez83@gmail.com,Av. Herrera 868,Cajamarca,2025-02-22,1,1
181,10000181,Lucía Jiménez Castro,910010181,lucia.jimenez.castro84@gmail.com,Ca. García 396,Cajamarca,2022-07-11,0,1
182,10000182,Ana Ríos Medina,910010182,,Jr. Campos 989,La Encañada,2024-06-21,0,1
183,10000183,Antonio Huamán Herrera,910010183,antonio.huaman.herrera86@gmail.com,Av. Díaz 733,La Encañada,2025-07-13,1,1
184,10000184,Carmen Silva Alva,910010184,carmen.silva.alva87@gmail.com,Jr. Tello 920,Cajamarca,2022-07-27,1,1
185,10000185,Pedro Herrera Mendoza,910010185,pedro.herrera.mendoza88@gmail.com,Jr. Paredes 369,Cajamarca,2025-03-11,1,1
186,10000186,Paola García Díaz,910010186,paola.garcia.diaz89@gmail.com,Jr. Reyes 143,Cajamarca,2023-12-13,1,1
187,10000187,Juana Díaz Delgado,910010187,,Jr. Mendoza 558,Cajamarca,2023-04-04,0,1
188,10000188,Mónica Tello Ibañez,910010188,,Jr. Fernández 391,Cajamarca,2024-09-30,1,1
189,10000189,Ricardo Sánchez Vargas,910010189,ricardo.sanchez.vargas92@gmail.com,Av. Rojas 620,Cajamarca,2024-09-14,1,1
190,10000190,Alonso Delgado Puga,,alonso.delgado.puga93@gmail.com,Av. Medina 162,Porcón,2025-04-04,1,1
191,10000191,Elena Flores Ibañez,910010191,elena.flores.ibanez94@gmail.com,Ca. Cárdenas 523,Cajamarca,2023-03-17,1,1
192,10000192,Antonio Gonzales Alva,910010192,antonio.gonzales.alva95@gmail.com,Av. Tello 849,Cajamarca,2024-09-27,1,1
193,10000193,Nancy Silva Puga,,nancy.silva.puga96@gmail.com,Ca. Reyes 986,Cajamarca,2024-10-27,1,1
194,10000194,Marco Salazar Jiménez,910010194,marco.salazar.jimenez0@gmail.com,Jr. Morales 624,Cajamarca,2023-05-23,1,1
195,10000195,Jackeline Soto Soto,910010195,jackeline.soto.soto1@gmail.com,Av. Morales 697,Cajamarca,2023-09-04,1,1
196,10000196,Diego Chávez Altamirano,910010196,diego.chavez.altamirano2@gmail.com,Av. Cárdenas 417,Cajamarca,2022-01-05,1,1
197,10000197,Fiorella Paredes Rojas,910010197,fiorella.paredes.rojas3@gmail.com,Jr. Rojas 170,Cajamarca,2022-07-18,0,1
198,10000198,Renzo Medina Guerrero,910010198,renzo.medina.guerrero4@gmail.com,Av. Delgado 817,Cajamarca,2025-06-14,1,1
199,10000199,Elena Sánchez Vargas,910010199,elena.sanchez.vargas5@gmail.com,Av. Delgado 786,Baños del Inca,2022-04-07,1,1
200,10000200,Joaquín Ramos Jiménez,,,Ca. Campos 746,Baños del Inca,2025-02-11,1,1
201,10000201,Carlos Ramos Domínguez,910010201,carlos.ramos.dominguez7@gmail.com,Jr. Vargas 317,Cajamarca,2022-12-02,1,1
202,10000202,Nancy Salazar García,910010202,nancy.salazar.garcia8@gmail.com,Jr. Castro 780,Baños del Inca,2024-06-11,1,1
203,10000203,Miguel Torres Ibañez,910010203,miguel.torres.ibanez9@gmail.com,Jr. Fernández 635,San Sebastián,2024-12-19,1,1
204,10000204,Nancy Tello Guerrero,910010204,nancy.tello.guerrero10@gmail.com,Jr. Fernández 374,Cajamarca,2024-11-27,0,1
205,10000205,Luis Morales Vargas,910010205,luis.morales.vargas11@gmail.com,Jr. Alva 738,Llacanora,2022-09-15,0,1
206,10000206,Daniela Domínguez Ríos,910010206,daniela.dominguez.rios12@gmail.com,Av. Fernández 247,Cajamarca,2024-01-04,1,1
207,10000207,Claudia Salazar Reyes,910010207,claudia.salazar.reyes13@gmail.com,Jr. Becerra 880,Cajamarca,2025-03-26,1,1
208,10000208,Carmen Ibañez Altamirano,910010208,carmen.ibanez.altamirano14@gmail.com,Jr. Campos 576,Cajamarca,2024-06-04,1,1
209,10000209,Nancy Huamán Ibañez,910010209,nancy.huaman.ibanez15@gmail.com,Jr. Ríos 434,Cajamarca,2023-07-12,0,1
210,10000210,Francisco Sánchez López,910010210,francisco.sanchez.lopez16@gmail.com,Ca. Sánchez 174,Cajamarca,2023-03-21,1,1
211,10000211,Elena Huamán Domínguez,910010211,elena.huaman.dominguez17@gmail.com,Ca. Guerrero 161,Cajamarca,2023-02-16,1,1
212,10000212,Johana Fernández Sánchez,910010212,johana.fernandez.sanchez18@gmail.com,Av. Vargas 775,Cajamarca,2025-02-19,0,1
213,10000213,Johana Guerrero Fernández,910010213,johana.guerrero.fernandez19@gmail.com,Ca. Chávez 976,Cajamarca,2024-06-19,1,1
214,10000214,Luis López Ramos,910010214,luis.lopez.ramos20@gmail.com,Ca. Gonzales 643,San Sebastián,2023-09-06,1,1
215,10000215,Sara Cruz Sánchez,,sara.cruz.sanchez21@gmail.com,Ca. Ibañez 607,Cajamarca,2022-06-10,1,1
216,10000216,Jorge Mendoza Fernández,910010216,jorge.mendoza.fernandez22@gmail.com,Jr. Guerrero 412,Cajamarca,2022-03-12,1,1
217,10000217,Gladys López Ríos,910010217,gladys.lopez.rios23@gmail.com,Av. Puga 476,Cajamarca,2022-06-27,1,1
218,10000218,Juan García Jiménez,910010218,juan.garcia.jimenez24@gmail.com,Jr. Chávez 159,Cajamarca,2023-07-05,1,1
219,10000219,Ricardo Contreras Jiménez,910010219,ricardo.contreras.jimenez25@gmail.com,Av. Puga 672,Baños del Inca,2023-10-12,0,1
220,10000220,Elena Jiménez Fernández,910010220,elena.jimenez.fernandez26@gmail.com,Jr. Cárdenas 413,Cajamarca,2022-01-01,1,1
221,10000221,Lucía Becerra Salazar,910010221,lucia.becerra.salazar27@gmail.com,Ca. Rojas 903,Cajamarca,2023-10-06,1,1
222,10000222,Milagros Ríos Domínguez,910010222,milagros.rios.dominguez28@gmail.com,Jr. Reyes 218,Cajamarca,2022-10-09,1,1
223,10000223,Fiorella Guevara Flores,,fiorella.guevara.flores29@gmail.com,Ca. Guerrero 865,Cajamarca,2025-01-27,1,1
224,10000224,Rodrigo Tello Paredes,910010224,rodrigo.tello.paredes30@gmail.com,Ca. Delgado 808,Baños del Inca,2024-07-29,1,1
225,10000225,Ana Domínguez Ibañez,910010225,ana.dominguez.ibanez31@gmail.com,Jr. Domínguez 956,Cajamarca,2022-09-17,0,1
226,10000226,Joaquín Guerrero Gonzales,910010226,joaquin.guerrero.gonzales32@gmail.com,Ca. Delgado 993,Cajamarca,2024-07-19,1,1
227,10000227,Andrés Jiménez Ibañez,910010227,andres.jimenez.ibanez33@gmail.com,Av. Ramos 153,Cajamarca,2024-07-23,1,1
228,10000228,Milagros Delgado Altamirano,910010228,milagros.delgado.altamirano34@gmail.com,Av. Ramos 320,San Sebastián,2024-07-24,1,1
229,10000229,Lucía Salazar Silva,910010229,lucia.salazar.silva35@gmail.com,Jr. Gonzales 972,Cajamarca,2024-07-02,1,1
230,10000230,Valeria Quispe Jiménez,910010230,valeria.quispe.jimenez36@gmail.com,Av. Domínguez 154,Jesús,2024-10-03,1,1
231,10000231,Carmen Castro Paredes,910010231,carmen.castro.paredes37@gmail.com,Jr. Guerrero 545,Cajamarca,2023-03-09,0,1
232,10000232,José Becerra Contreras,910010232,jose.becerra.contreras38@gmail.com,Av. Huamán 380,Baños del Inca,2024-09-23,1,1
233,10000233,Alonso Salazar Flores,910010233,alonso.salazar.flores39@gmail.com,Ca. Espinoza 732,Cajamarca,2024-02-29,1,1
234,10000234,Carlos Altamirano Herrera,910010234,carlos.altamirano.herrera40@gmail.com,Av. Torres 539,Baños del Inca,2025-01-31,1,1
235,10000235,Johana Torres Vargas,910010235,johana.torres.vargas41@gmail.com,Jr. Guerrero 596,Cajamarca,2022-04-17,1,1
236,10000236,Álvaro Vega Puga,910010236,alvaro.vega.puga42@gmail.com,Jr. Huamán 821,Cajamarca,2025-03-02,1,1
237,10000237,Gabriela Campos Delgado,910010237,gabriela.campos.delgado43@gmail.com,Av. Díaz 500,Baños del Inca,2023-01-22,0,1
238,10000238,Álvaro Espinoza Espinoza,910010238,,Ca. Guerrero 647,Cajamarca,2023-01-04,1,1
239,10000239,Luis Cruz Torres,910010239,luis.cruz.torres45@gmail.com,Jr. Guevara 536,Cajamarca,2023-10-13,1,1
240,10000240,Diego Campos Fernández,910010240,,Ca. Ramos 935,Cajamarca,2025-03-08,1,1
241,10000241,Johana Paredes Cárdenas,910010241,johana.paredes.cardenas47@gmail.com,Av. Reyes 686,Cajamarca,2025-01-20,1,1
242,10000242,Diego Jiménez Herrera,910010242,diego.jimenez.herrera48@gmail.com,Av. Ibañez 450,Baños del Inca,2024-02-19,1,1
243,10000243,Sara Castro Silva,910010243,sara.castro.silva49@gmail.com,Jr. Ramos 525,Cajamarca,2023-03-25,1,1
244,10000244,Patricia Rojas Fernández,910010244,patricia.rojas.fernandez50@gmail.com,Ca. Soto 503,Chetilla,2024-03-09,1,1
245,10000245,Yolanda Vargas Puga,910010245,yolanda.vargas.puga51@gmail.com,Jr. Torres 147,Cajamarca,2024-04-19,0,1
246,10000246,Bruno Ramos Alva,910010246,bruno.ramos.alva52@gmail.com,Av. López 542,Cajamarca,2023-10-05,1,1
247,10000247,Ana Ramos Campos,910010247,,Av. Ríos 795,Cajamarca,2022-11-03,1,1
248,10000248,Yolanda Herrera Rojas,910010248,yolanda.herrera.rojas54@gmail.com,Jr. Jiménez 548,Jesús,2024-05-07,0,1
249,10000249,Milagros Mendoza Alva,,milagros.mendoza.alva55@gmail.com,Av. Alva 851,Baños del Inca,2025-04-08,0,1
250,10000250,Patricia Rojas Silva,910010250,patricia.rojas.silva56@gmail.com,Jr. Ríos 546,Cajamarca,2022-01-13,1,1
251,10000251,Nancy Soto Castro,910010251,nancy.soto.castro57@gmail.com,Ca. Medina 348,Cajamarca,2023-05-30,1,1
252,10000252,Miguel Ramos Sánchez,910010252,miguel.ramos.sanchez58@gmail.com,Jr. Fernández 403,Baños del Inca,2022-09-11,1,1
253,10000253,Yolanda Silva Vargas,910010253,yolanda.silva.vargas59@gmail.com,Jr. Domínguez 766,Cajamarca,2023-10-17,0,1
254,10000254,Yolanda Sánchez Chávez,910010254,yolanda.sanchez.chavez60@gmail.com,Av. Salazar 908,Cajamarca,2022-11-01,0,1
255,10000255,Mónica García Espinoza,910010255,monica.garcia.espinoza61@gmail.com,Jr. Ríos 221,Cajamarca,2023-08-23,1,1
256,10000256,Elena Medina Chávez,910010256,elena.medina.chavez62@gmail.com,Jr. Ramos 529,Cajamarca,2022-01-05,0,1
257,10000257,Roberto Vega García,910010257,roberto.vega.garcia63@gmail.com,Jr. Guevara 893,Baños del Inca,2022-09-18,1,1
258,10000258,Francisco Domínguez Torres,910010258,francisco.dominguez.torres64@gmail.com,Jr. Huamán 438,San Sebastián,2024-08-04,1,1
259,10000259,Diego Mendoza Cárdenas,910010259,diego.mendoza.cardenas65@gmail.com,Av. Mendoza 756,Cajamarca,2025-06-06,0,1
260,10000260,Daniela Domínguez Castro,910010260,daniela.dominguez.castro66@gmail.com,Av. Torres 293,Cajamarca,2024-05-24,1,1
261,10000261,Patricia Becerra Herrera,910010261,patricia.becerra.herrera67@gmail.com,Ca. Ríos 799,Cajamarca,2022-07-19,1,1
262,10000262,Miguel Flores Espinoza,910010262,miguel.flores.espinoza68@gmail.com,Ca. Herrera 424,Cajamarca,2022-12-22,1,1
263,10000263,Álvaro Ríos Reyes,910010263,alvaro.rios.reyes69@gmail.com,Ca. Delgado 981,Cajamarca,2024-08-07,1,1
264,10000264,Andrés Delgado Espinoza,910010264,andres.delgado.espinoza70@gmail.com,Av. Vargas 747,Cajamarca,2022-06-06,0,1
265,10000265,Jorge Ramos Paredes,,jorge.ramos.paredes71@gmail.com,Jr. Fernández 436,Cajamarca,2024-01-14,1,1
266,10000266,Lucía Guevara Jiménez,910010266,lucia.guevara.jimenez72@gmail.com,Av. Vargas 932,Cajamarca,2023-09-21,1,1
267,10000267,Sebastián Huamán Campos,910010267,sebastian.huaman.campos73@gmail.com,Av. Guevara 836,Cajamarca,2022-04-07,1,1
268,10000268,Ana Fernández Ríos,910010268,ana.fernandez.rios74@gmail.com,Av. Ibañez 848,Cajamarca,2022-11-25,1,1
269,10000269,Yolanda Gonzales Becerra,910010269,,Ca. Becerra 622,Cajamarca,2023-12-30,0,1
270,10000270,Rodrigo Guerrero Puga,910010270,rodrigo.guerrero.puga76@gmail.com,Av. Morales 386,Cajamarca,2025-07-09,1,1
271,10000271,Raúl Alva Espinoza,910010271,raul.alva.espinoza77@gmail.com,Av. Quispe 906,Cajamarca,2024-04-13,1,1
272,10000272,José Guevara Soto,910010272,jose.guevara.soto78@gmail.com,Av. Reyes 900,Cajamarca,2024-11-26,1,1
273,10000273,Milagros Castro Vega,,milagros.castro.vega79@gmail.com,Jr. Salazar 715,Porcón,2022-11-09,1,1
274,10000274,Jorge Huamán Cruz,910010274,jorge.huaman.cruz80@gmail.com,Ca. Mendoza 553,Cajamarca,2024-06-20,1,1
275,10000275,Marco Flores Fernández,910010275,marco.flores.fernandez81@gmail.com,Jr. Espinoza 577,Cajamarca,2024-10-10,1,1
276,10000276,Álvaro Ríos Torres,910010276,alvaro.rios.torres82@gmail.com,Av. Medina 403,Chetilla,2023-06-06,1,1
277,10000277,Milagros Chávez Rojas,910010277,milagros.chavez.rojas83@gmail.com,Ca. Mendoza 606,Cajamarca,2024-02-07,0,1
278,10000278,Karin Fernández Contreras,910010278,karin.fernandez.contreras84@gmail.com,Ca. Torres 359,Cajamarca,2025-01-13,1,1
279,10000279,Daniela Díaz Tello,,daniela.diaz.tello85@gmail.com,Ca. Morales 598,Cajamarca,2024-08-08,1,1
280,10000280,Luis Morales Ramos,910010280,luis.morales.ramos86@gmail.com,Jr. Delgado 492,San Sebastián,2022-08-11,1,1
281,10000281,Joaquín Medina Salazar,910010281,joaquin.medina.salazar87@gmail.com,Jr. Espinoza 711,San Sebastián,2025-03-03,0,1
282,10000282,Rosa Cruz Huamán,910010282,rosa.cruz.huaman88@gmail.com,Jr. Domínguez 441,Cajamarca,2025-07-23,0,1
283,10000283,Raúl Puga Soto,910010283,,Ca. Alva 731,La Encañada,2023-02-08,1,1
284,10000284,Karin Torres Salazar,910010284,karin.torres.salazar90@gmail.com,Ca. Sánchez 445,Cajamarca,2024-06-05,1,1
285,10000285,Claudia Salazar Ríos,910010285,claudia.salazar.rios91@gmail.com,Av. Chávez 773,Cajamarca,2023-06-17,1,1
286,10000286,Valeria Sánchez Ríos,910010286,valeria.sanchez.rios92@gmail.com,Jr. Cárdenas 584,Baños del Inca,2023-02-02,1,1
287,10000287,Daniela Ríos Sánchez,910010287,daniela.rios.sanchez93@gmail.com,Jr. Rojas 867,Cajamarca,2023-03-01,1,1
288,10000288,Ricardo Gonzales Herrera,910010288,ricardo.gonzales.herrera94@gmail.com,Ca. Morales 352,Cajamarca,2023-03-25,1,1
289,10000289,Paola Domínguez Rojas,910010289,paola.dominguez.rojas95@gmail.com,Jr. Alva 336,Baños del Inca,2023-01-26,1,1
290,10000290,Bruno Flores Ibañez,,bruno.flores.ibanez96@gmail.com,Ca. Díaz 711,Llacanora,2024-12-01,1,1
291,10000291,Pedro Morales Ramos,910010291,pedro.morales.ramos0@gmail.com,Ca. Gonzales 202,Cajamarca,2022-10-21,1,1
292,10000292,Rosa Espinoza Jiménez,910010292,rosa.espinoza.jimenez1@gmail.com,Av. Becerra 966,Llacanora,2023-01-07,1,1
293,10000293,Rosa Salazar Flores,910010293,rosa.salazar.flores2@gmail.com,Ca. Torres 121,Cajamarca,2024-11-08,1,1
294,10000294,Eduardo Huamán Guerrero,910010294,eduardo.huaman.guerrero3@gmail.com,Ca. Espinoza 812,San Sebastián,2022-06-10,1,1
295,10000295,Joaquín Cruz Morales,910010295,joaquin.cruz.morales4@gmail.com,Jr. Altamirano 908,Cajamarca,2024-08-21,1,1
296,10000296,Mónica Contreras Soto,910010296,monica.contreras.soto5@gmail.com,Ca. Sánchez 960,San Sebastián,2022-01-21,0,1
297,10000297,José Quispe Cárdenas,910010297,jose.quispe.cardenas6@gmail.com,Ca. Cárdenas 579,Cajamarca,2022-08-29,0,1
298,10000298,Vilma Silva Flores,910010298,vilma.silva.flores7@gmail.com,Ca. Gonzales 493,Baños del Inca,2024-04-22,1,1
299,10000299,Claudia Ibañez Castro,910010299,claudia.ibanez.castro8@gmail.com,Av. Díaz 553,Cajamarca,2023-01-04,1,1
300,10000300,Claudia Huamán Contreras,910010300,claudia.huaman.contreras9@gmail.com,Av. Campos 398,Baños del Inca,2024-01-21,0,1
301,10000301,José Vega Quispe,910010301,jose.vega.quispe10@gmail.com,Av. Paredes 784,Cajamarca,2024-04-10,1,1
302,10000302,Gladys López Altamirano,910010302,gladys.lopez.altamirano11@gmail.com,Ca. Chávez 869,San Sebastián,2022-07-28,1,1
303,10000303,Milagros Campos Mendoza,910010303,milagros.campos.mendoza12@gmail.com,Av. Ibañez 801,Cajamarca,2025-05-12,0,1
304,10000304,Elena Salazar Herrera,,elena.salazar.herrera13@gmail.com,Ca. Salazar 955,Cajamarca,2022-02-12,1,1
305,10000305,Daniela Sánchez Alva,910010305,daniela.sanchez.alva14@gmail.com,Jr. Medina 800,Cajamarca,2022-12-02,1,1
306,10000306,Sara Morales Cárdenas,910010306,sara.morales.cardenas15@gmail.com,Jr. Paredes 359,Cajamarca,2023-12-13,1,1
307,10000307,Miguel Chávez Ibañez,910010307,miguel.chavez.ibanez16@gmail.com,Av. Delgado 627,Cajamarca,2022-04-25,1,1
308,10000308,Jorge Espinoza Flores,910010308,jorge.espinoza.flores17@gmail.com,Jr. Flores 121,San Sebastián,2022-06-21,0,1
309,10000309,Antonio Rojas Castro,910010309,antonio.rojas.castro18@gmail.com,Jr. Ramos 465,Cajamarca,2024-06-30,1,1
310,10000310,Carlos Domínguez Vargas,,carlos.dominguez.vargas19@gmail.com,Jr. Reyes 221,Cajamarca,2023-10-09,1,1
311,10000311,Elena López Cruz,910010311,elena.lopez.cruz20@gmail.com,Jr. Chávez 206,Cajamarca,2025-05-19,1,1
312,10000312,Gladys Becerra Ibañez,910010312,gladys.becerra.ibanez21@gmail.com,Ca. Contreras 910,Cajamarca,2022-07-13,0,1
313,10000313,Mónica Mendoza Becerra,910010313,monica.mendoza.becerra22@gmail.com,Ca. Flores 107,Cajamarca,2024-10-10,1,1
314,10000314,Claudia Ibañez García,910010314,claudia.ibanez.garcia23@gmail.com,Jr. Salazar 701,Cajamarca,2025-04-26,1,1
315,10000315,Antonio Tello Domínguez,910010315,antonio.tello.dominguez24@gmail.com,Jr. Guerrero 565,Cajamarca,2022-08-19,1,1
316,10000316,Gladys Herrera Huamán,910010316,gladys.herrera.huaman25@gmail.com,Ca. Chávez 244,San Sebastián,2023-09-17,1,1
317,10000317,Elena García Gonzales,910010317,elena.garcia.gonzales26@gmail.com,Ca. Ríos 437,Cajamarca,2022-03-01,1,1
318,10000318,Johana Sánchez Jiménez,910010318,johana.sanchez.jimenez27@gmail.com,Ca. Altamirano 149,Llacanora,2022-01-02,1,1
319,10000319,Andrea Ríos Castro,910010319,andrea.rios.castro28@gmail.com,Av. Guevara 908,San Sebastián,2022-07-11,1,1
320,10000320,Ricardo Torres Torres,,,Av. Paredes 721,Cajamarca,2025-06-24,1,1
321,10000321,Jackeline Morales Cárdenas,,jackeline.morales.cardenas30@gmail.com,Jr. Delgado 617,Cajamarca,2025-01-18,1,1
322,10000322,Sara Guerrero Guevara,910010322,sara.guerrero.guevara31@gmail.com,Av. Fernández 378,Baños del Inca,2024-04-04,1,1
323,10000323,Johana Becerra Morales,,johana.becerra.morales32@gmail.com,Ca. Campos 899,Cajamarca,2024-08-21,1,1
324,10000324,Roberto Quispe Flores,910010324,roberto.quispe.flores33@gmail.com,Av. Fernández 875,Cajamarca,2025-03-16,1,1
325,10000325,Juan Díaz Rojas,910010325,,Av. Vega 911,Baños del Inca,2022-02-04,1,1
326,10000326,Luis Puga Sánchez,910010326,luis.puga.sanchez35@gmail.com,Ca. Jiménez 196,Cajamarca,2022-10-20,0,1
327,10000327,Bruno Fernández Cruz,910010327,bruno.fernandez.cruz36@gmail.com,Ca. Chávez 637,San Sebastián,2024-07-06,1,1
328,10000328,Juan Cruz Contreras,910010328,,Ca. Ibañez 865,Cajamarca,2023-05-14,1,1
329,10000329,Mónica Reyes Delgado,910010329,monica.reyes.delgado38@gmail.com,Av. Contreras 943,Cajamarca,2023-07-02,1,1
330,10000330,Rodrigo Ríos Guerrero,910010330,rodrigo.rios.guerrero39@gmail.com,Jr. Becerra 521,Cajamarca,2025-07-05,1,1
331,10000331,Mónica Jiménez Vega,910010331,monica.jimenez.vega40@gmail.com,Jr. Alva 385,Cajamarca,2023-04-30,1,1
332,10000332,Roberto Huamán Díaz,910010332,roberto.huaman.diaz41@gmail.com,Ca. Salazar 718,Cajamarca,2022-09-30,1,1
333,10000333,Milagros Flores Vargas,910010333,milagros.flores.vargas42@gmail.com,Av. Domínguez 709,Cajamarca,2024-12-02,1,1
334,10000334,Fiorella Paredes Guevara,910010334,fiorella.paredes.guevara43@gmail.com,Av. Paredes 703,Cajamarca,2025-05-16,1,1
335,10000335,Rodrigo Gonzales Salazar,910010335,rodrigo.gonzales.salazar44@gmail.com,Av. Contreras 612,Cajamarca,2024-03-14,1,1
336,10000336,Johana Jiménez Delgado,910010336,johana.jimenez.delgado45@gmail.com,Ca. Gonzales 455,Cajamarca,2023-01-03,1,1
337,10000337,Luis Castro Contreras,910010337,luis.castro.contreras46@gmail.com,Jr. Medina 395,Cajamarca,2022-08-10,1,1
338,10000338,Fernando Díaz Rojas,910010338,fernando.diaz.rojas47@gmail.com,Jr. Gonzales 577,Porcón,2024-06-12,0,1
339,10000339,Miguel Castro Paredes,910010339,miguel.castro.paredes48@gmail.com,Av. Castro 256,Jesús,2025-02-21,1,1
340,10000340,María Jiménez Cárdenas,910010340,maria.jimenez.cardenas49@gmail.com,Ca. Altamirano 223,Cajamarca,2024-04-27,0,1
341,10000341,Cecilia Quispe Mendoza,910010341,cecilia.quispe.mendoza50@gmail.com,Jr. Rojas 826,Cajamarca,2024-01-24,1,1
342,10000342,Roberto Campos Contreras,910010342,roberto.campos.contreras51@gmail.com,Ca. Alva 520,Cajamarca,2022-09-01,1,1
343,10000343,Ricardo Paredes Soto,910010343,ricardo.paredes.soto52@gmail.com,Jr. Herrera 309,Baños del Inca,2023-10-08,1,1
344,10000344,Álvaro Reyes Jiménez,910010344,alvaro.reyes.jimenez53@gmail.com,Ca. Delgado 374,Cajamarca,2023-02-21,1,1
345,10000345,Fernando Díaz Rojas,910010345,fernando.diaz.rojas54@gmail.com,Jr. Huamán 558,Baños del Inca,2025-01-15,1,1
346,10000346,Renzo Paredes Huamán,910010346,renzo.paredes.huaman55@gmail.com,Ca. Guerrero 848,Cajamarca,2024-08-03,1,1
347,10000347,Álvaro Medina Vargas,910010347,alvaro.medina.vargas56@gmail.com,Av. Ibañez 140,Cajamarca,2022-05-25,0,1
348,10000348,Juan Jiménez Guerrero,910010348,juan.jimenez.guerrero57@gmail.com,Jr. Ríos 551,Cajamarca,2024-09-05,1,1
349,10000349,Francisco Guerrero Quispe,910010349,francisco.guerrero.quispe58@gmail.com,Jr. Becerra 572,Cajamarca,2023-01-01,0,1
350,10000350,Pedro Silva Becerra,910010350,pedro.silva.becerra59@gmail.com,Jr. Becerra 719,Baños del Inca,2024-06-22,1,1
351,10000351,Manuel Ibañez Delgado,910010351,manuel.ibanez.delgado60@gmail.com,Av. Torres 813,Cajamarca,2022-08-08,1,1
352,10000352,Yolanda Flores Ramos,910010352,yolanda.flores.ramos61@gmail.com,Av. Díaz 992,Cajamarca,2024-02-01,1,1
353,10000353,Jorge Mendoza Paredes,910010353,jorge.mendoza.paredes62@gmail.com,Av. Altamirano 215,Chetilla,2022-01-24,1,1
354,10000354,Jorge Mendoza Cárdenas,910010354,jorge.mendoza.cardenas63@gmail.com,Av. Quispe 941,Cajamarca,2025-06-21,1,1
355,10000355,Juana Morales García,910010355,juana.morales.garcia64@gmail.com,Ca. Quispe 321,Cajamarca,2025-04-15,1,1
356,10000356,Gabriela García Morales,910010356,gabriela.garcia.morales65@gmail.com,Ca. Chávez 631,Cajamarca,2023-04-02,0,1
357,10000357,Pedro Altamirano Guevara,910010357,pedro.altamirano.guevara66@gmail.com,Ca. Sánchez 499,Cajamarca,2024-06-01,1,1
358,10000358,César Chávez Castro,910010358,cesar.chavez.castro67@gmail.com,Ca. Jiménez 899,Llacanora,2024-03-07,0,1
359,10000359,César Gonzales Reyes,910010359,cesar.gonzales.reyes68@gmail.com,Av. Silva 639,Cajamarca,2025-01-10,1,1
360,10000360,Rodrigo Paredes Becerra,910010360,rodrigo.paredes.becerra69@gmail.com,Av. Morales 183,Cajamarca,2024-12-16,1,1
361,10000361,Miguel Morales Torres,910010361,miguel.morales.torres70@gmail.com,Jr. Ríos 210,Cajamarca,2023-07-25,1,1
362,10000362,Fernando Alva Gonzales,910010362,fernando.alva.gonzales71@gmail.com,Ca. Delgado 743,Baños del Inca,2023-07-10,1,1
363,10000363,Raúl García Ramos,,raul.garcia.ramos72@gmail.com,Av. Fernández 182,Cajamarca,2023-07-18,1,1
364,10000364,Jorge Silva García,910010364,jorge.silva.garcia73@gmail.com,Av. Huamán 673,Cajamarca,2022-12-23,1,1
365,10000365,Pedro Ibañez Guevara,910010365,pedro.ibanez.guevara74@gmail.com,Av. Fernández 566,Cajamarca,2022-06-16,1,1
366,10000366,Fiorella Cruz Herrera,910010366,,Jr. Fernández 203,Cajamarca,2023-11-01,1,1
367,10000367,María Castro Contreras,910010367,maria.castro.contreras76@gmail.com,Jr. Medina 138,Cajamarca,2025-05-19,1,1
368,10000368,Milagros Espinoza Castro,910010368,milagros.espinoza.castro77@gmail.com,Jr. Castro 965,Baños del Inca,2024-07-21,1,1
369,10000369,Eduardo Díaz Díaz,,eduardo.diaz.diaz78@gmail.com,Jr. Salazar 255,Cajamarca,2025-02-26,1,1
370,10000370,Lucía Puga Gonzales,910010370,lucia.puga.gonzales79@gmail.com,Jr. Medina 192,Cajamarca,2022-09-21,1,1
371,10000371,Juan Guevara Becerra,910010371,juan.guevara.becerra80@gmail.com,Av. Morales 984,Cajamarca,2022-12-01,1,1
372,10000372,Carmen Ibañez Vargas,910010372,carmen.ibanez.vargas81@gmail.com,Jr. Delgado 307,Cajamarca,2022-08-26,1,1
373,10000373,Bruno Reyes Castro,910010373,bruno.reyes.castro82@gmail.com,Jr. Becerra 120,Llacanora,2023-07-13,0,1
374,10000374,Nancy Vargas Delgado,910010374,nancy.vargas.delgado83@gmail.com,Ca. Vega 142,Cajamarca,2025-02-23,1,1
375,10000375,César Morales Reyes,910010375,cesar.morales.reyes84@gmail.com,Jr. Cárdenas 163,Cajamarca,2022-09-06,1,1
376,10000376,Francisco López García,910010376,francisco.lopez.garcia85@gmail.com,Av. Ramos 773,Cajamarca,2024-07-28,1,1
377,10000377,Manuel Guerrero García,910010377,manuel.guerrero.garcia86@gmail.com,Ca. Guerrero 375,Chetilla,2024-02-05,1,1
378,10000378,Claudia Paredes Quispe,,claudia.paredes.quispe87@gmail.com,Jr. Paredes 567,Cajamarca,2023-06-03,1,1
379,10000379,Renzo Altamirano Reyes,910010379,renzo.altamirano.reyes88@gmail.com,Jr. Castro 274,Baños del Inca,2022-02-07,0,1
380,10000380,Carlos Silva Flores,910010380,carlos.silva.flores89@gmail.com,Ca. Cruz 996,Cajamarca,2023-06-06,1,1
381,10000381,Mónica Ramos Alva,910010381,monica.ramos.alva90@gmail.com,Ca. Cruz 695,Cajamarca,2025-01-04,1,1
382,10000382,Manuel Espinoza Vargas,910010382,manuel.espinoza.vargas91@gmail.com,Ca. Guerrero 917,Baños del Inca,2022-06-17,1,1
383,10000383,Nancy Domínguez Puga,910010383,nancy.dominguez.puga92@gmail.com,Av. Reyes 770,Cajamarca,2024-12-19,1,1
384,10000384,Alonso López Morales,910010384,alonso.lopez.morales93@gmail.com,Av. Paredes 493,Cajamarca,2022-02-08,0,1
385,10000385,Rosa Cárdenas Puga,910010385,rosa.cardenas.puga94@gmail.com,Ca. Contreras 337,Cajamarca,2022-12-08,1,1
386,10000386,Fiorella Gonzales Mendoza,910010386,fiorella.gonzales.mendoza95@gmail.com,Av. Medina 776,Llacanora,2022-09-29,1,1
387,10000387,Ángela Ríos Ramos,910010387,angela.rios.ramos96@gmail.com,Av. Reyes 976,Cajamarca,2023-06-01,0,1
388,10000388,Ricardo Salazar Reyes,910010388,ricardo.salazar.reyes0@gmail.com,Jr. Torres 149,Baños del Inca,2023-12-06,1,1
389,10000389,Johana Espinoza Gonzales,910010389,johana.espinoza.gonzales1@gmail.com,Ca. Jiménez 216,Baños del Inca,2022-07-17,1,1
390,10000390,Marco Rojas Gonzales,,,Ca. Delgado 612,Cajamarca,2023-11-06,0,1
391,10000391,Andrea Alva Ríos,910010391,andrea.alva.rios3@gmail.com,Ca. Ramos 844,Cajamarca,2024-02-08,1,1
392,10000392,Gabriela Chávez Mendoza,910010392,gabriela.chavez.mendoza4@gmail.com,Ca. Quispe 874,Cajamarca,2024-08-03,1,1
393,10000393,Gabriela Domínguez Sánchez,910010393,gabriela.dominguez.sanchez5@gmail.com,Av. Rojas 280,Cajamarca,2025-06-09,1,1
394,10000394,Jackeline Campos Paredes,910010394,jackeline.campos.paredes6@gmail.com,Ca. Gonzales 673,Baños del Inca,2024-03-11,1,1
395,10000395,Patricia Cruz Ibañez,910010395,patricia.cruz.ibanez7@gmail.com,Ca. Altamirano 109,Cajamarca,2023-01-29,1,1
396,10000396,Antonio Altamirano Gonzales,910010396,,Av. Medina 226,Cajamarca,2023-06-18,0,1
397,10000397,Ricardo Rojas Reyes,910010397,ricardo.rojas.reyes9@gmail.com,Ca. Vega 236,Cajamarca,2024-11-08,1,1
398,10000398,Álvaro Espinoza Silva,910010398,alvaro.espinoza.silva10@gmail.com,Ca. Guevara 734,Cajamarca,2022-03-10,1,1
399,10000399,Gladys Reyes Vargas,910010399,gladys.reyes.vargas11@gmail.com,Ca. Espinoza 788,Cajamarca,2025-04-08,0,1
400,10000400,Jorge Paredes Medina,910010400,jorge.paredes.medina12@gmail.com,Av. Chávez 738,Cajamarca,2025-02-27,0,1
401,10000401,Lucía Tello Sánchez,910010401,lucia.tello.sanchez13@gmail.com,Ca. Mendoza 232,Baños del Inca,2024-07-16,1,1
402,10000402,Jorge Díaz Alva,910010402,,Av. García 440,Cajamarca,2024-12-03,0,1
403,10000403,Antonio Puga Cárdenas,910010403,antonio.puga.cardenas15@gmail.com,Ca. Campos 122,La Encañada,2024-05-03,1,1
404,10000404,Jorge García Vargas,910010404,jorge.garcia.vargas16@gmail.com,Ca. Ríos 581,Baños del Inca,2025-07-10,0,1
405,10000405,María Ibañez Huamán,910010405,maria.ibanez.huaman17@gmail.com,Av. García 241,La Encañada,2024-03-03,1,1
406,10000406,Valeria Huamán Gonzales,,valeria.huaman.gonzales18@gmail.com,Ca. Domínguez 630,Cajamarca,2025-04-14,1,1
407,10000407,Fernando Torres Alva,910010407,fernando.torres.alva19@gmail.com,Ca. Díaz 262,Cajamarca,2022-06-01,0,1
408,10000408,Francisco Ríos Torres,910010408,francisco.rios.torres20@gmail.com,Ca. Sánchez 671,Cajamarca,2023-01-03,1,1
409,10000409,Vilma Chávez Cárdenas,910010409,vilma.chavez.cardenas21@gmail.com,Av. Altamirano 632,Baños del Inca,2025-01-16,1,1
410,10000410,Claudia Contreras Vega,910010410,claudia.contreras.vega22@gmail.com,Jr. Becerra 705,Cajamarca,2024-09-06,1,1
411,10000411,Mónica Ríos Ibañez,910010411,monica.rios.ibanez23@gmail.com,Jr. Cárdenas 634,Cajamarca,2023-06-22,1,1
412,10000412,Vilma Paredes Chávez,910010412,vilma.paredes.chavez24@gmail.com,Jr. Vargas 447,Cajamarca,2024-01-16,1,1
413,10000413,Andrés Silva Herrera,910010413,andres.silva.herrera25@gmail.com,Ca. Torres 380,Cajamarca,2023-12-13,0,1
414,10000414,Rosa Guerrero Castro,910010414,,Av. Vega 930,Cajamarca,2025-02-21,1,1
415,10000415,Daniela Salazar Ríos,910010415,daniela.salazar.rios27@gmail.com,Jr. Soto 286,Cajamarca,2022-06-23,1,1
416,10000416,Johana Reyes Guevara,910010416,johana.reyes.guevara28@gmail.com,Ca. Quispe 865,Cajamarca,2024-12-03,1,1
417,10000417,María Vargas Cruz,,maria.vargas.cruz29@gmail.com,Ca. Herrera 301,Cajamarca,2022-05-03,0,1
418,10000418,Alonso Jiménez Silva,910010418,alonso.jimenez.silva30@gmail.com,Av. Cárdenas 678,Cajamarca,2024-02-04,1,1
419,10000419,Manuel Mendoza Díaz,910010419,manuel.mendoza.diaz31@gmail.com,Av. Ramos 215,Cajamarca,2024-03-16,1,1
420,10000420,Fernando Torres García,910010420,fernando.torres.garcia32@gmail.com,Av. Sánchez 913,Baños del Inca,2024-07-06,1,1
421,10000421,Roberto Cárdenas Soto,910010421,roberto.cardenas.soto33@gmail.com,Av. Flores 334,Cajamarca,2024-12-18,1,1
422,10000422,Carmen Espinoza Guevara,910010422,,Av. López 157,Cajamarca,2022-06-30,1,1
423,10000423,Vilma Ríos Rojas,910010423,vilma.rios.rojas35@gmail.com,Av. Ramos 653,Cajamarca,2025-01-23,1,1
424,10000424,Jackeline Altamirano Silva,910010424,jackeline.altamirano.silva36@gmail.com,Av. Contreras 656,Cajamarca,2023-02-25,1,1
425,10000425,Fernando Quispe Ríos,910010425,fernando.quispe.rios37@gmail.com,Ca. Espinoza 554,Cajamarca,2023-09-03,1,1
426,10000426,Yolanda Delgado Becerra,910010426,yolanda.delgado.becerra38@gmail.com,Jr. Alva 682,Baños del Inca,2024-07-19,1,1
427,10000427,Rodrigo Campos Rojas,910010427,rodrigo.campos.rojas39@gmail.com,Av. Gonzales 925,Cajamarca,2023-12-01,0,1
428,10000428,Milagros García Huamán,910010428,milagros.garcia.huaman40@gmail.com,Jr. Altamirano 294,Cajamarca,2024-11-28,1,1
429,10000429,Rodrigo Cruz Reyes,910010429,rodrigo.cruz.reyes41@gmail.com,Ca. Alva 500,Cajamarca,2025-03-02,1,1
430,10000430,Alonso Herrera Paredes,910010430,alonso.herrera.paredes42@gmail.com,Ca. Cárdenas 317,Cajamarca,2024-02-25,1,1
431,10000431,Juana Guevara Quispe,910010431,juana.guevara.quispe43@gmail.com,Ca. López 334,Cajamarca,2024-08-21,1,1
432,10000432,César Espinoza García,910010432,cesar.espinoza.garcia44@gmail.com,Av. García 942,San Sebastián,2025-01-11,0,1
433,10000433,Luis Campos Quispe,910010433,luis.campos.quispe45@gmail.com,Ca. Torres 963,Cajamarca,2024-11-28,1,1
434,10000434,Ana Salazar Delgado,910010434,ana.salazar.delgado46@gmail.com,Jr. Alva 962,Cajamarca,2024-01-21,1,1
435,10000435,Diego Reyes Delgado,910010435,diego.reyes.delgado47@gmail.com,Ca. Mendoza 301,San Sebastián,2024-10-16,1,1
436,10000436,Fiorella Reyes Torres,910010436,fiorella.reyes.torres48@gmail.com,Ca. Reyes 693,Cajamarca,2022-02-05,0,1
437,10000437,Fiorella Tello Puga,910010437,fiorella.tello.puga49@gmail.com,Av. Vargas 647,Baños del Inca,2023-03-30,0,1
438,10000438,Antonio Mendoza Soto,910010438,antonio.mendoza.soto50@gmail.com,Ca. Cárdenas 727,Cajamarca,2024-03-19,1,1
439,10000439,Pedro Soto Mendoza,910010439,pedro.soto.mendoza51@gmail.com,Jr. López 496,Porcón,2022-01-04,1,1
440,10000440,Luis Ibañez Huamán,910010440,luis.ibanez.huaman52@gmail.com,Av. Tello 953,Cajamarca,2023-09-09,1,1
441,10000441,Mónica Puga Paredes,910010441,monica.puga.paredes53@gmail.com,Av. Campos 437,Llacanora,2024-02-07,1,1
442,10000442,Vilma Espinoza Salazar,910010442,vilma.espinoza.salazar54@gmail.com,Ca. Vargas 413,Baños del Inca,2024-07-29,1,1
443,10000443,Patricia Delgado Domínguez,910010443,,Ca. Flores 368,Cajamarca,2023-10-06,1,1
444,10000444,Daniela Altamirano Domínguez,910010444,daniela.altamirano.dominguez56@gmail.com,Ca. Guerrero 319,Chetilla,2025-07-05,1,1
445,10000445,Luis López Tello,910010445,luis.lopez.tello57@gmail.com,Jr. Torres 825,Cajamarca,2022-08-11,1,1
446,10000446,Andrea Cárdenas Jiménez,,andrea.cardenas.jimenez58@gmail.com,Av. Fernández 469,Cajamarca,2022-04-12,1,1
447,10000447,Sebastián Becerra Castro,910010447,sebastian.becerra.castro59@gmail.com,Av. Morales 939,Cajamarca,2024-01-01,0,1
448,10000448,Mónica Díaz Puga,910010448,monica.diaz.puga60@gmail.com,Av. Morales 412,Cajamarca,2025-07-22,1,1
449,10000449,María Altamirano López,910010449,maria.altamirano.lopez61@gmail.com,Jr. Morales 120,Cajamarca,2023-05-25,1,1
450,10000450,Bruno Guevara Ibañez,910010450,,Jr. Campos 300,Cajamarca,2024-10-20,0,1
451,10000451,Daniela Cruz Domínguez,910010451,daniela.cruz.dominguez63@gmail.com,Ca. Guevara 968,San Sebastián,2022-03-02,1,1
452,10000452,Yolanda Delgado Herrera,,yolanda.delgado.herrera64@gmail.com,Jr. López 542,Cajamarca,2023-02-03,1,1
453,10000453,Johana Salazar Campos,,johana.salazar.campos65@gmail.com,Ca. Tello 244,Cajamarca,2022-10-29,1,1
454,10000454,Ricardo Cárdenas Mendoza,910010454,ricardo.cardenas.mendoza66@gmail.com,Av. Ramos 233,Cajamarca,2023-10-04,1,1
455,10000455,Claudia Fernández Silva,910010455,claudia.fernandez.silva67@gmail.com,Ca. Vega 438,Cajamarca,2022-03-02,1,1
456,10000456,Ricardo Becerra Huamán,910010456,ricardo.becerra.huaman68@gmail.com,Av. Guevara 675,Cajamarca,2025-07-02,1,1
457,10000457,Gladys Contreras Ibañez,910010457,gladys.contreras.ibanez69@gmail.com,Av. Morales 599,Cajamarca,2022-02-22,1,1
458,10000458,Patricia Quispe Soto,910010458,patricia.quispe.soto70@gmail.com,Av. Herrera 885,Cajamarca,2025-04-19,1,1
459,10000459,Carlos Silva Silva,910010459,,Jr. Castro 311,Cajamarca,2024-03-21,1,1
460,10000460,Valeria Guerrero Díaz,910010460,valeria.guerrero.diaz72@gmail.com,Jr. Huamán 923,Baños del Inca,2022-09-10,1,1
461,10000461,Gladys García Guerrero,910010461,gladys.garcia.guerrero73@gmail.com,Ca. Ibañez 882,Cajamarca,2022-03-30,1,1
462,10000462,Álvaro Puga Altamirano,910010462,alvaro.puga.altamirano74@gmail.com,Jr. Gonzales 113,Cajamarca,2024-11-02,0,1
463,10000463,Sebastián Vargas Altamirano,910010463,sebastian.vargas.altamirano75@gmail.com,Jr. Mendoza 489,Cajamarca,2022-11-27,1,1
464,10000464,Valeria Vargas Campos,,valeria.vargas.campos76@gmail.com,Av. Vargas 118,Cajamarca,2022-06-28,0,1
465,10000465,Gladys Soto Flores,910010465,gladys.soto.flores77@gmail.com,Ca. Huamán 988,Cajamarca,2024-02-27,0,1
466,10000466,Johana López Jiménez,910010466,johana.lopez.jimenez78@gmail.com,Ca. Jiménez 597,Baños del Inca,2025-07-11,1,1
467,10000467,Ana Jiménez Castro,910010467,ana.jimenez.castro79@gmail.com,Ca. Huamán 135,Cajamarca,2023-07-06,0,1
468,10000468,Diego Vargas Campos,910010468,diego.vargas.campos80@gmail.com,Av. Ríos 895,Cajamarca,2025-04-24,1,1
469,10000469,Milagros Vargas Campos,910010469,milagros.vargas.campos81@gmail.com,Av. López 225,Cajamarca,2023-07-18,0,1
470,10000470,Ana Rojas Morales,910010470,ana.rojas.morales82@gmail.com,Jr. Vega 576,Cajamarca,2022-08-07,1,1
471,10000471,Bruno Guevara Salazar,910010471,bruno.guevara.salazar83@gmail.com,Ca. Guerrero 414,Jesús,2022-11-13,1,1
472,10000472,Patricia Morales Domínguez,,patricia.morales.dominguez84@gmail.com,Ca. Becerra 287,Llacanora,2023-08-21,1,1
473,10000473,Pedro Fernández Gonzales,910010473,pedro.fernandez.gonzales85@gmail.com,Av. Morales 581,Cajamarca,2024-06-27,1,1
474,10000474,Carmen Altamirano Delgado,910010474,carmen.altamirano.delgado86@gmail.com,Ca. Quispe 805,Cajamarca,2024-02-27,1,1
475,10000475,Patricia Altamirano López,910010475,patricia.altamirano.lopez87@gmail.com,Av. Ríos 488,Llacanora,2024-09-11,1,1
476,10000476,Jackeline Silva Paredes,,jackeline.silva.paredes88@gmail.com,Av. Cruz 483,Cajamarca,2022-01-08,1,1
477,10000477,Patricia Campos Guerrero,910010477,patricia.campos.guerrero89@gmail.com,Av. Flores 801,Baños del Inca,2024-03-23,1,1
478,10000478,Yolanda Alva Soto,910010478,yolanda.alva.soto90@gmail.com,Ca. López 901,Baños del Inca,2024-08-23,1,1
479,10000479,Mónica Vargas Puga,910010479,monica.vargas.puga91@gmail.com,Ca. Delgado 213,Cajamarca,2023-07-28,1,1
480,10000480,Roberto Paredes Fernández,910010480,roberto.paredes.fernandez92@gmail.com,Av. Becerra 274,Cajamarca,2025-02-19,1,1
481,10000481,Milagros Silva Guerrero,910010481,milagros.silva.guerrero93@gmail.com,Av. López 415,Llacanora,2024-08-18,1,1
482,10000482,Yolanda Delgado Ramos,910010482,,Av. Ramos 207,Cajamarca,2022-03-09,1,1
483,10000483,Cecilia Tello Ibañez,910010483,cecilia.tello.ibanez95@gmail.com,Av. Gonzales 264,Cajamarca,2023-10-10,0,1
484,10000484,Paola Salazar López,910010484,paola.salazar.lopez96@gmail.com,Ca. Reyes 672,Cajamarca,2024-08-17,1,1
485,10000485,Rosa Alva Ibañez,910010485,,Av. Becerra 658,Cajamarca,2023-12-12,1,1
486,10000486,César Guevara Gonzales,910010486,cesar.guevara.gonzales1@gmail.com,Av. Ibañez 831,La Encañada,2022-07-21,1,1
487,10000487,Marco Guevara Mendoza,910010487,,Av. Vega 191,Cajamarca,2025-05-09,1,1
488,10000488,Juana Ríos Fernández,910010488,juana.rios.fernandez3@gmail.com,Av. Fernández 758,Cajamarca,2023-04-21,1,1
489,10000489,José Medina Díaz,910010489,jose.medina.diaz4@gmail.com,Ca. Chávez 441,Cajamarca,2022-04-16,1,1
490,10000490,Valeria Fernández Mendoza,910010490,valeria.fernandez.mendoza5@gmail.com,Ca. Gonzales 400,Cajamarca,2022-05-06,1,1
491,10000491,Andrea Cruz Torres,910010491,andrea.cruz.torres6@gmail.com,Ca. Flores 626,Cajamarca,2022-02-07,1,1
492,10000492,Gladys Flores Guevara,,gladys.flores.guevara7@gmail.com,Ca. Castro 747,Cajamarca,2022-07-11,1,1
493,10000493,Pedro Soto Vega,910010493,pedro.soto.vega8@gmail.com,Av. Paredes 161,San Sebastián,2025-05-03,1,1
494,10000494,Francisco Guevara Quispe,910010494,francisco.guevara.quispe9@gmail.com,Av. Campos 898,Cajamarca,2022-03-31,1,1
495,10000495,Carlos Cárdenas Silva,910010495,carlos.cardenas.silva10@gmail.com,Ca. Fernández 152,Cajamarca,2023-11-02,0,1
496,10000496,Bruno Gonzales Espinoza,,bruno.gonzales.espinoza11@gmail.com,Jr. Paredes 916,Cajamarca,2024-12-08,1,1
497,10000497,Miguel Cruz Ramos,910010497,miguel.cruz.ramos12@gmail.com,Jr. Tello 404,Baños del Inca,2024-05-22,1,1
498,10000498,Carlos Mendoza Silva,910010498,carlos.mendoza.silva13@gmail.com,Av. Morales 107,Cajamarca,2022-11-14,1,1
499,10000499,Álvaro Cárdenas Altamirano,910010499,alvaro.cardenas.altamirano14@gmail.com,Ca. Herrera 233,Cajamarca,2022-02-04,0,1
500,10000500,Eduardo Ibañez Herrera,910010500,eduardo.ibanez.herrera15@gmail.com,Jr. Chávez 581,Cajamarca,2023-10-13,1,1
501,10000501,Rosa Chávez Campos,910010501,rosa.chavez.campos16@gmail.com,Av. Contreras 494,Jesús,2023-04-11,1,1
502,10000502,Álvaro Jiménez Rojas,910010502,alvaro.jimenez.rojas17@gmail.com,Jr. Medina 283,Cajamarca,2023-01-27,1,1
503,10000503,Fiorella Puga Soto,910010503,fiorella.puga.soto18@gmail.com,Jr. García 103,Baños del Inca,2024-09-03,1,1
504,10000504,Manuel López Medina,910010504,manuel.lopez.medina19@gmail.com,Jr. Rojas 276,Llacanora,2023-01-07,1,1
505,10000505,Valeria Cárdenas Delgado,910010505,valeria.cardenas.delgado20@gmail.com,Av. Rojas 657,Cajamarca,2023-12-20,1,1
506,10000506,Mónica Paredes Paredes,910010506,monica.paredes.paredes21@gmail.com,Jr. Chávez 709,Baños del Inca,2022-07-22,0,1
507,10000507,Carmen Domínguez Guerrero,910010507,carmen.dominguez.guerrero22@gmail.com,Av. Campos 416,Cajamarca,2024-12-23,1,1
508,10000508,Patricia Fernández Quispe,910010508,patricia.fernandez.quispe23@gmail.com,Av. Contreras 102,San Sebastián,2022-12-01,1,1
509,10000509,Marco Gonzales Sánchez,910010509,marco.gonzales.sanchez24@gmail.com,Av. Cárdenas 670,Cajamarca,2024-05-10,1,1
510,10000510,Bruno Chávez Díaz,910010510,bruno.chavez.diaz25@gmail.com,Ca. Guevara 328,Cajamarca,2024-07-17,1,1
511,10000511,Raúl Díaz Vargas,910010511,raul.diaz.vargas26@gmail.com,Jr. Guerrero 683,Cajamarca,2023-10-07,1,1
512,10000512,Daniela Castro Guerrero,910010512,daniela.castro.guerrero27@gmail.com,Jr. Altamirano 182,Cajamarca,2022-05-16,1,1
513,10000513,Juan Soto Cárdenas,910010513,juan.soto.cardenas28@gmail.com,Av. Delgado 805,Cajamarca,2022-03-22,1,1
514,10000514,Miguel Soto Gonzales,910010514,miguel.soto.gonzales29@gmail.com,Ca. Gonzales 326,San Sebastián,2024-06-07,1,1
515,10000515,Bruno Becerra Castro,910010515,bruno.becerra.castro30@gmail.com,Av. Guevara 557,Cajamarca,2025-04-29,1,1
516,10000516,Raúl Becerra García,910010516,raul.becerra.garcia31@gmail.com,Ca. Mendoza 137,Cajamarca,2023-04-15,1,1
517,10000517,Elena Silva Ibañez,910010517,elena.silva.ibanez32@gmail.com,Av. Soto 612,Baños del Inca,2023-12-17,1,1
518,10000518,Alonso López Alva,910010518,alonso.lopez.alva33@gmail.com,Jr. Cárdenas 153,Cajamarca,2023-11-21,0,1
519,10000519,César Cárdenas López,910010519,cesar.cardenas.lopez34@gmail.com,Jr. Ibañez 832,Baños del Inca,2022-03-08,1,1
520,10000520,Johana Herrera Quispe,910010520,johana.herrera.quispe35@gmail.com,Ca. Guevara 564,Llacanora,2024-03-26,0,1
521,10000521,Diego Puga Jiménez,910010521,diego.puga.jimenez36@gmail.com,Jr. Díaz 604,Cajamarca,2022-11-01,1,1
522,10000522,Paola Medina Becerra,910010522,paola.medina.becerra37@gmail.com,Av. Sánchez 883,Cajamarca,2023-12-19,1,1
523,10000523,Daniela Herrera Espinoza,910010523,daniela.herrera.espinoza38@gmail.com,Ca. Vargas 171,Llacanora,2023-10-17,1,1
524,10000524,Nancy Tello Salazar,910010524,nancy.tello.salazar39@gmail.com,Ca. Altamirano 287,Cajamarca,2025-03-08,1,1
525,10000525,Paola López López,910010525,paola.lopez.lopez40@gmail.com,Jr. Contreras 525,Baños del Inca,2022-10-04,1,1
526,10000526,Elena Huamán Ramos,910010526,elena.huaman.ramos41@gmail.com,Ca. Herrera 290,Cajamarca,2023-12-22,1,1
527,10000527,María Campos Contreras,910010527,maria.campos.contreras42@gmail.com,Av. Soto 789,Cajamarca,2023-02-10,1,1
528,10000528,Mónica Domínguez Díaz,910010528,monica.dominguez.diaz43@gmail.com,Jr. Cruz 109,Baños del Inca,2024-01-21,0,1
529,10000529,Fiorella Guerrero Quispe,910010529,fiorella.guerrero.quispe44@gmail.com,Av. Herrera 664,Baños del Inca,2024-08-01,1,1
530,10000530,Valeria Huamán Jiménez,910010530,valeria.huaman.jimenez45@gmail.com,Ca. Díaz 826,Cajamarca,2022-05-18,1,1
531,10000531,Sara Contreras Quispe,910010531,sara.contreras.quispe46@gmail.com,Av. Ibañez 962,Cajamarca,2022-07-23,1,1
532,10000532,Fernando Castro Vargas,910010532,fernando.castro.vargas47@gmail.com,Av. Cárdenas 545,Llacanora,2022-09-03,0,1
533,10000533,Juana Ibañez Paredes,910010533,juana.ibanez.paredes48@gmail.com,Ca. García 932,Baños del Inca,2022-05-07,1,1
534,10000534,Antonio Reyes Puga,910010534,antonio.reyes.puga49@gmail.com,Av. Rojas 719,Chetilla,2025-02-07,1,1
535,10000535,Vilma Campos Morales,910010535,vilma.campos.morales50@gmail.com,Av. Herrera 107,Cajamarca,2024-02-07,1,1
536,10000536,Patricia Gonzales Gonzales,910010536,patricia.gonzales.gonzales51@gmail.com,Jr. Soto 542,Cajamarca,2024-06-16,1,1
537,10000537,Luis Ibañez Díaz,910010537,luis.ibanez.diaz52@gmail.com,Jr. Cárdenas 269,San Sebastián,2022-06-03,1,1
538,10000538,Cecilia Jiménez López,910010538,cecilia.jimenez.lopez53@gmail.com,Jr. Morales 401,Cajamarca,2022-02-11,1,1
539,10000539,Karin Medina Sánchez,910010539,karin.medina.sanchez54@gmail.com,Ca. Ibañez 423,Cajamarca,2025-06-23,0,1
540,10000540,Manuel López Tello,910010540,manuel.lopez.tello55@gmail.com,Jr. López 360,Cajamarca,2025-02-21,0,1
541,10000541,Francisco Alva Morales,910010541,francisco.alva.morales56@gmail.com,Av. Ríos 206,Cajamarca,2025-02-01,1,1
542,10000542,Carlos Huamán Campos,910010542,carlos.huaman.campos57@gmail.com,Jr. Chávez 442,Cajamarca,2024-03-12,1,1
543,10000543,Carmen Herrera Chávez,,,Jr. Reyes 929,Cajamarca,2022-10-31,1,1
544,10000544,Yolanda Domínguez Puga,910010544,yolanda.dominguez.puga59@gmail.com,Jr. Fernández 697,La Encañada,2022-08-06,1,1
545,10000545,Mónica Castro Puga,910010545,monica.castro.puga60@gmail.com,Ca. Domínguez 847,San Sebastián,2024-06-07,1,1
546,10000546,María Campos Guerrero,910010546,maria.campos.guerrero61@gmail.com,Av. Mendoza 499,Cajamarca,2024-10-23,1,1
547,10000547,Rodrigo Chávez Salazar,910010547,rodrigo.chavez.salazar62@gmail.com,Ca. Morales 440,San Sebastián,2025-01-15,1,1
548,10000548,Manuel Ramos Delgado,910010548,manuel.ramos.delgado63@gmail.com,Av. Espinoza 771,Baños del Inca,2023-02-04,1,1
549,10000549,María Ramos López,910010549,maria.ramos.lopez64@gmail.com,Av. Soto 155,Jesús,2025-01-04,0,1
550,10000550,Roberto Domínguez Vega,910010550,roberto.dominguez.vega65@gmail.com,Av. Altamirano 875,Cajamarca,2022-09-27,1,1
551,10000551,Antonio Morales Silva,910010551,antonio.morales.silva66@gmail.com,Av. Guerrero 642,Baños del Inca,2024-04-28,1,1
552,10000552,Diego Alva García,910010552,diego.alva.garcia67@gmail.com,Ca. Chávez 155,Baños del Inca,2023-01-16,0,1
553,10000553,Carlos Díaz Castro,910010553,carlos.diaz.castro68@gmail.com,Ca. Vega 512,Cajamarca,2022-11-30,0,1
554,10000554,Ricardo Espinoza Ibañez,910010554,ricardo.espinoza.ibanez69@gmail.com,Av. Huamán 598,La Encañada,2025-03-06,0,1
555,10000555,Marco Becerra Cárdenas,910010555,marco.becerra.cardenas70@gmail.com,Ca. Cruz 356,Cajamarca,2025-04-08,1,1
556,10000556,Cecilia Chávez Campos,910010556,cecilia.chavez.campos71@gmail.com,Jr. Rojas 146,Cajamarca,2023-01-15,0,1
557,10000557,Ángela Vega Campos,910010557,,Jr. Ríos 847,Baños del Inca,2025-06-02,1,1
558,10000558,Vilma Ramos Ramos,910010558,vilma.ramos.ramos73@gmail.com,Jr. Domínguez 142,Baños del Inca,2022-06-14,1,1
559,10000559,Sara Díaz Vega,910010559,sara.diaz.vega74@gmail.com,Jr. Campos 799,Cajamarca,2024-12-29,1,1
560,10000560,Sebastián Rojas Chávez,910010560,sebastian.rojas.chavez75@gmail.com,Ca. Salazar 159,Cajamarca,2025-03-18,0,1
561,10000561,Rodrigo Guevara Sánchez,910010561,rodrigo.guevara.sanchez76@gmail.com,Ca. Morales 706,Cajamarca,2023-12-16,1,1
562,10000562,Nancy Soto Rojas,910010562,,Ca. Chávez 494,Cajamarca,2023-05-07,1,1
563,10000563,Patricia Ríos Salazar,,patricia.rios.salazar78@gmail.com,Jr. Espinoza 374,Cajamarca,2024-10-24,1,1
564,10000564,Lucía Huamán Huamán,910010564,,Av. Torres 477,Baños del Inca,2022-10-20,1,1
565,10000565,Ana Cruz Ramos,910010565,ana.cruz.ramos80@gmail.com,Jr. Salazar 394,San Sebastián,2025-03-20,1,1
566,10000566,Francisco Vega Gonzales,910010566,francisco.vega.gonzales81@gmail.com,Av. Huamán 201,Cajamarca,2024-07-19,1,1
567,10000567,Gladys Ríos Guerrero,910010567,gladys.rios.guerrero82@gmail.com,Ca. Campos 532,San Sebastián,2022-02-06,1,1
568,10000568,Rodrigo Contreras Silva,910010568,rodrigo.contreras.silva83@gmail.com,Av. Vega 358,Cajamarca,2022-08-08,0,1
569,10000569,Paola Díaz Herrera,910010569,paola.diaz.herrera84@gmail.com,Jr. Altamirano 332,Baños del Inca,2022-07-24,1,1
570,10000570,Luis Salazar Salazar,910010570,luis.salazar.salazar85@gmail.com,Jr. Tello 352,Jesús,2023-05-06,0,1
571,10000571,César Reyes Cárdenas,910010571,cesar.reyes.cardenas86@gmail.com,Jr. Ibañez 181,Cajamarca,2023-12-04,0,1
572,10000572,Rodrigo Fernández Chávez,910010572,rodrigo.fernandez.chavez87@gmail.com,Jr. Ríos 899,Cajamarca,2022-07-31,1,1
573,10000573,Elena Cárdenas Vargas,910010573,elena.cardenas.vargas88@gmail.com,Jr. Espinoza 844,Cajamarca,2023-08-10,1,1
574,10000574,Claudia Puga Huamán,910010574,claudia.puga.huaman89@gmail.com,Av. García 779,San Sebastián,2022-01-24,1,1
575,10000575,Daniela Paredes Díaz,910010575,daniela.paredes.diaz90@gmail.com,Av. Vargas 538,Cajamarca,2023-07-12,1,1
576,10000576,Marco Sánchez Ríos,910010576,marco.sanchez.rios91@gmail.com,Ca. Herrera 612,Cajamarca,2023-02-12,1,1
577,10000577,Carlos Paredes Flores,,carlos.paredes.flores92@gmail.com,Jr. Torres 623,Cajamarca,2024-12-22,1,1
578,10000578,Rosa Jiménez Altamirano,910010578,rosa.jimenez.altamirano93@gmail.com,Ca. Mendoza 426,Cajamarca,2024-03-05,1,1
579,10000579,Joaquín Torres Chávez,910010579,joaquin.torres.chavez94@gmail.com,Av. García 757,Chetilla,2024-01-11,1,1
580,10000580,Raúl Vega Morales,910010580,raul.vega.morales95@gmail.com,Jr. Chávez 166,Cajamarca,2022-04-29,1,1
581,10000581,Juan Domínguez Delgado,910010581,juan.dominguez.delgado96@gmail.com,Jr. Ríos 338,Cajamarca,2022-11-13,1,1
582,10000582,Alonso Medina Castro,910010582,alonso.medina.castro0@gmail.com,Av. Mendoza 680,San Sebastián,2022-06-06,0,1
583,10000583,Rosa Espinoza Medina,910010583,rosa.espinoza.medina1@gmail.com,Jr. Herrera 892,Cajamarca,2022-05-10,0,1
584,10000584,Karin Delgado Silva,910010584,karin.delgado.silva2@gmail.com,Jr. Vega 874,Cajamarca,2022-08-18,1,1
585,10000585,Jorge Espinoza Espinoza,910010585,jorge.espinoza.espinoza3@gmail.com,Av. Campos 475,La Encañada,2022-02-24,1,1
586,10000586,Rodrigo Tello Gonzales,910010586,rodrigo.tello.gonzales4@gmail.com,Ca. Cruz 819,Baños del Inca,2024-05-04,0,1
587,10000587,Sebastián Contreras Silva,910010587,sebastian.contreras.silva5@gmail.com,Ca. Cruz 294,Cajamarca,2023-04-04,1,1
588,10000588,Sebastián Puga Flores,910010588,sebastian.puga.flores6@gmail.com,Av. Domínguez 585,Cajamarca,2022-03-15,1,1
589,10000589,Rodrigo Becerra Morales,910010589,rodrigo.becerra.morales7@gmail.com,Jr. Quispe 838,Cajamarca,2024-07-07,1,1
590,10000590,Gabriela Díaz Torres,910010590,gabriela.diaz.torres8@gmail.com,Jr. Domínguez 601,Cajamarca,2023-10-16,0,1
591,10000591,Sebastián Silva Guevara,910010591,sebastian.silva.guevara9@gmail.com,Av. Becerra 308,Cajamarca,2022-12-05,1,1
592,10000592,Juana Cruz Espinoza,910010592,juana.cruz.espinoza10@gmail.com,Av. Guevara 926,Jesús,2024-02-29,1,1
593,10000593,Jackeline Cárdenas Rojas,910010593,jackeline.cardenas.rojas11@gmail.com,Jr. Huamán 449,Cajamarca,2024-01-11,1,1
594,10000594,Ricardo Medina Cárdenas,910010594,ricardo.medina.cardenas12@gmail.com,Av. Ríos 349,Cajamarca,2023-04-09,1,1
595,10000595,Luis Flores Contreras,910010595,luis.flores.contreras13@gmail.com,Ca. Quispe 509,Cajamarca,2022-08-12,1,1
596,10000596,José Herrera Tello,910010596,jose.herrera.tello14@gmail.com,Av. Contreras 448,Cajamarca,2023-07-24,1,1
597,10000597,Rodrigo Altamirano Sánchez,910010597,rodrigo.altamirano.sanchez15@gmail.com,Ca. Salazar 183,La Encañada,2023-03-02,0,1
598,10000598,Mónica Chávez Reyes,910010598,monica.chavez.reyes16@gmail.com,Jr. Reyes 586,Cajamarca,2022-12-05,1,1
599,10000599,Carmen Torres Fernández,910010599,carmen.torres.fernandez17@gmail.com,Av. Delgado 926,Cajamarca,2025-02-24,1,1
600,10000600,Lucía Guerrero Puga,910010600,,Ca. Flores 645,San Sebastián,2022-08-17,1,1
601,10000601,Eduardo Vega Vargas,910010601,eduardo.vega.vargas19@gmail.com,Jr. Puga 184,Baños del Inca,2023-12-06,1,1
602,10000602,Marco Jiménez Jiménez,910010602,marco.jimenez.jimenez20@gmail.com,Av. Campos 209,Chetilla,2024-09-02,1,1
603,10000603,Gabriela Puga Morales,910010603,gabriela.puga.morales21@gmail.com,Ca. Díaz 915,Cajamarca,2022-05-01,1,1
604,10000604,Fernando Guevara Salazar,910010604,fernando.guevara.salazar22@gmail.com,Jr. Díaz 572,Cajamarca,2024-06-30,1,1
605,10000605,Eduardo Reyes Contreras,910010605,eduardo.reyes.contreras23@gmail.com,Av. Ramos 592,Cajamarca,2025-04-14,1,1
606,10000606,Johana Flores Díaz,910010606,johana.flores.diaz24@gmail.com,Av. García 703,Baños del Inca,2024-12-20,1,1
607,10000607,Gabriela Reyes Guerrero,910010607,gabriela.reyes.guerrero25@gmail.com,Jr. Rojas 483,Cajamarca,2023-05-28,0,1
608,10000608,Johana Morales Cruz,910010608,johana.morales.cruz26@gmail.com,Ca. Guerrero 100,Cajamarca,2023-08-03,1,1
609,10000609,Carmen Morales Castro,910010609,carmen.morales.castro27@gmail.com,Av. Becerra 854,Cajamarca,2022-05-14,1,1
610,10000610,Rodrigo Tello Guevara,910010610,rodrigo.tello.guevara28@gmail.com,Ca. Ibañez 807,Cajamarca,2022-03-12,1,1
611,10000611,Cecilia Jiménez Guerrero,910010611,cecilia.jimenez.guerrero29@gmail.com,Av. Guevara 772,Baños del Inca,2024-05-14,1,1
612,10000612,Pedro Espinoza Sánchez,910010612,pedro.espinoza.sanchez30@gmail.com,Av. Alva 809,Cajamarca,2022-06-28,0,1
613,10000613,Juan Becerra Espinoza,910010613,juan.becerra.espinoza31@gmail.com,Av. Guevara 982,Cajamarca,2023-12-10,0,1
614,10000614,Johana Tello Flores,910010614,johana.tello.flores32@gmail.com,Ca. Cárdenas 544,Baños del Inca,2023-02-17,0,1
615,10000615,Jackeline Campos García,910010615,jackeline.campos.garcia33@gmail.com,Av. Altamirano 159,Cajamarca,2022-06-14,1,1
616,10000616,Fernando Soto Rojas,910010616,fernando.soto.rojas34@gmail.com,Av. García 208,Cajamarca,2022-12-20,1,1
617,10000617,Ana Medina Domínguez,910010617,ana.medina.dominguez35@gmail.com,Jr. Mendoza 871,Cajamarca,2022-04-22,1,1
618,10000618,Nancy Castro Jiménez,910010618,nancy.castro.jimenez36@gmail.com,Jr. Guevara 376,Cajamarca,2024-09-24,1,1
619,10000619,Bruno Guevara Chávez,910010619,bruno.guevara.chavez37@gmail.com,Ca. Sánchez 960,Llacanora,2022-07-12,0,1
620,10000620,Nancy Salazar Puga,,nancy.salazar.puga38@gmail.com,Jr. Morales 366,Cajamarca,2022-01-16,1,1
621,10000621,Manuel Herrera Reyes,910010621,manuel.herrera.reyes39@gmail.com,Ca. Jiménez 665,Cajamarca,2023-10-04,1,1
622,10000622,Andrés Flores Sánchez,910010622,,Jr. Puga 861,Cajamarca,2022-09-11,1,1
623,10000623,Marco Chávez Torres,910010623,marco.chavez.torres41@gmail.com,Av. Díaz 874,Cajamarca,2022-07-02,1,1
624,10000624,Antonio Jiménez Castro,910010624,antonio.jimenez.castro42@gmail.com,Ca. Chávez 101,Baños del Inca,2023-08-24,1,1
625,10000625,Nancy Jiménez Torres,910010625,nancy.jimenez.torres43@gmail.com,Ca. Morales 261,Cajamarca,2025-03-19,1,1
626,10000626,Álvaro Soto Vargas,910010626,alvaro.soto.vargas44@gmail.com,Av. Jiménez 474,Cajamarca,2023-05-28,0,1
627,10000627,Mónica Sánchez Ibañez,910010627,monica.sanchez.ibanez45@gmail.com,Av. García 358,Cajamarca,2024-04-24,1,1
628,10000628,Yolanda Medina Domínguez,910010628,yolanda.medina.dominguez46@gmail.com,Ca. Becerra 217,Cajamarca,2022-12-25,1,1
629,10000629,Lucía Morales Vargas,910010629,lucia.morales.vargas47@gmail.com,Jr. Mendoza 197,Baños del Inca,2024-12-29,0,1
630,10000630,Pedro Herrera Torres,910010630,pedro.herrera.torres48@gmail.com,Jr. Espinoza 142,Cajamarca,2025-02-25,1,1
631,10000631,Milagros García Rojas,910010631,,Ca. Paredes 259,Cajamarca,2023-06-13,1,1
632,10000632,Paola Salazar Díaz,910010632,paola.salazar.diaz50@gmail.com,Ca. Quispe 815,Cajamarca,2022-01-14,1,1
633,10000633,Fernando Huamán Paredes,910010633,fernando.huaman.paredes51@gmail.com,Jr. Delgado 507,Cajamarca,2025-04-30,1,1
634,10000634,Roberto Contreras Vargas,910010634,roberto.contreras.vargas52@gmail.com,Av. Rojas 404,Cajamarca,2022-12-20,1,1
635,10000635,Ana Ramos Becerra,910010635,ana.ramos.becerra53@gmail.com,Av. Reyes 310,Cajamarca,2025-04-06,1,1
636,10000636,Carlos Domínguez Sánchez,910010636,carlos.dominguez.sanchez54@gmail.com,Ca. Domínguez 580,Cajamarca,2023-01-11,1,1
637,10000637,Renzo Paredes Ríos,910010637,renzo.paredes.rios55@gmail.com,Jr. Puga 972,Cajamarca,2022-05-18,1,1
638,10000638,Andrés Torres Campos,910010638,andres.torres.campos56@gmail.com,Av. Cárdenas 470,Cajamarca,2023-10-18,0,1
639,10000639,Raúl Torres Espinoza,910010639,raul.torres.espinoza57@gmail.com,Jr. Medina 170,Cajamarca,2024-09-05,1,1
640,10000640,Jackeline Mendoza Sánchez,910010640,jackeline.mendoza.sanchez58@gmail.com,Jr. Huamán 856,Baños del Inca,2023-07-07,1,1
641,10000641,Ana Espinoza García,910010641,ana.espinoza.garcia59@gmail.com,Ca. Domínguez 832,Cajamarca,2022-04-13,1,1
642,10000642,Marco Altamirano Quispe,910010642,marco.altamirano.quispe60@gmail.com,Jr. Huamán 411,Cajamarca,2024-07-14,0,1
643,10000643,Yolanda Espinoza Sánchez,910010643,yolanda.espinoza.sanchez61@gmail.com,Jr. Chávez 465,Cajamarca,2024-11-17,1,1
644,10000644,Juana Domínguez Vargas,910010644,juana.dominguez.vargas62@gmail.com,Av. Morales 576,Cajamarca,2024-04-13,1,1
645,10000645,Marco Torres Castro,910010645,marco.torres.castro63@gmail.com,Av. Altamirano 827,Cajamarca,2024-03-02,1,1
646,10000646,Claudia Medina Delgado,910010646,claudia.medina.delgado64@gmail.com,Av. Puga 608,San Sebastián,2022-12-05,0,1
647,10000647,Manuel Castro Huamán,910010647,manuel.castro.huaman65@gmail.com,Av. Rojas 403,Cajamarca,2024-10-25,0,1
648,10000648,Patricia Becerra Mendoza,910010648,patricia.becerra.mendoza66@gmail.com,Av. Mendoza 657,Cajamarca,2024-11-21,1,1
649,10000649,Gladys Ríos Fernández,910010649,gladys.rios.fernandez67@gmail.com,Jr. Cárdenas 783,Cajamarca,2025-05-13,1,1
650,10000650,Álvaro Ríos Gonzales,910010650,alvaro.rios.gonzales68@gmail.com,Ca. Contreras 991,Cajamarca,2023-08-25,0,1
651,10000651,José Alva Ramos,910010651,jose.alva.ramos69@gmail.com,Av. Mendoza 289,Cajamarca,2023-07-01,1,1
652,10000652,Diego Vargas Domínguez,910010652,diego.vargas.dominguez70@gmail.com,Ca. Flores 785,Cajamarca,2022-10-26,1,1
653,10000653,Patricia Díaz Flores,910010653,patricia.diaz.flores71@gmail.com,Av. Cárdenas 919,Cajamarca,2024-07-23,0,1
654,10000654,Joaquín Cárdenas Puga,910010654,joaquin.cardenas.puga72@gmail.com,Jr. Altamirano 712,Cajamarca,2024-02-04,1,1
655,10000655,Diego Paredes Torres,910010655,diego.paredes.torres73@gmail.com,Av. Mendoza 415,Cajamarca,2025-02-08,1,1
656,10000656,Pedro Torres Salazar,910010656,pedro.torres.salazar74@gmail.com,Jr. Flores 580,Baños del Inca,2025-01-20,1,1
657,10000657,Mónica Chávez Sánchez,910010657,,Ca. Torres 582,Cajamarca,2022-09-02,1,1
658,10000658,Juana Quispe Quispe,910010658,juana.quispe.quispe76@gmail.com,Jr. Fernández 625,Porcón,2022-03-05,0,1
659,10000659,Antonio Gonzales Soto,910010659,antonio.gonzales.soto77@gmail.com,Ca. Mendoza 544,Cajamarca,2023-01-01,1,1
660,10000660,César Morales Altamirano,,cesar.morales.altamirano78@gmail.com,Ca. García 322,Cajamarca,2023-06-16,1,1
661,10000661,Sara Guevara Rojas,910010661,,Ca. Torres 237,Cajamarca,2023-05-26,1,1
662,10000662,Antonio Chávez Becerra,910010662,antonio.chavez.becerra80@gmail.com,Av. Domínguez 319,Cajamarca,2022-01-22,1,1
663,10000663,José Domínguez García,910010663,jose.dominguez.garcia81@gmail.com,Ca. Cruz 306,Cajamarca,2022-10-14,1,1
664,10000664,Paola Cárdenas Gonzales,910010664,paola.cardenas.gonzales82@gmail.com,Ca. Gonzales 806,Baños del Inca,2025-03-19,1,1
665,10000665,Miguel Guevara Torres,910010665,miguel.guevara.torres83@gmail.com,Ca. Silva 231,Porcón,2023-06-07,1,1
666,10000666,Jackeline Quispe Altamirano,910010666,jackeline.quispe.altamirano84@gmail.com,Av. Vargas 852,Cajamarca,2025-07-12,0,1
667,10000667,Álvaro Soto Ibañez,910010667,alvaro.soto.ibanez85@gmail.com,Av. Delgado 233,Cajamarca,2022-03-31,1,1
668,10000668,Yolanda Domínguez Campos,910010668,yolanda.dominguez.campos86@gmail.com,Ca. Reyes 632,Cajamarca,2024-08-17,1,1
669,10000669,Rosa Herrera Ramos,910010669,rosa.herrera.ramos87@gmail.com,Ca. Vargas 917,Cajamarca,2023-12-24,1,1
670,10000670,Valeria Domínguez Alva,910010670,valeria.dominguez.alva88@gmail.com,Av. Castro 467,Cajamarca,2022-09-24,1,1
671,10000671,Pedro García Jiménez,910010671,pedro.garcia.jimenez89@gmail.com,Av. Domínguez 440,Cajamarca,2023-03-24,0,1
672,10000672,Fernando Herrera Alva,910010672,fernando.herrera.alva90@gmail.com,Jr. Torres 543,Baños del Inca,2024-07-21,1,1
673,10000673,María García Gonzales,910010673,maria.garcia.gonzales91@gmail.com,Jr. Cárdenas 367,Cajamarca,2023-10-27,0,1
674,10000674,Marco Altamirano Cárdenas,910010674,marco.altamirano.cardenas92@gmail.com,Ca. Delgado 663,Cajamarca,2025-03-24,0,1
675,10000675,Manuel Delgado Campos,910010675,manuel.delgado.campos93@gmail.com,Jr. Vargas 582,San Sebastián,2024-07-08,0,1
676,10000676,Valeria Delgado Guevara,910010676,valeria.delgado.guevara94@gmail.com,Jr. Domínguez 110,Baños del Inca,2023-01-02,0,1
677,10000677,Fernando Guevara Cárdenas,910010677,fernando.guevara.cardenas95@gmail.com,Av. Espinoza 565,Baños del Inca,2025-03-14,1,1
678,10000678,Claudia Vargas Morales,910010678,claudia.vargas.morales96@gmail.com,Jr. Ríos 390,Cajamarca,2023-02-12,1,1
679,10000679,Carmen Chávez Fernández,910010679,carmen.chavez.fernandez0@gmail.com,Ca. Fernández 135,Cajamarca,2024-03-01,0,1
680,10000680,Pedro Salazar Chávez,910010680,pedro.salazar.chavez1@gmail.com,Av. Ramos 185,Cajamarca,2023-03-01,1,1
681,10000681,Andrés Gonzales Díaz,910010681,andres.gonzales.diaz2@gmail.com,Av. Puga 247,Cajamarca,2024-07-07,1,1
682,10000682,Gladys Silva Mendoza,910010682,gladys.silva.mendoza3@gmail.com,Ca. Rojas 642,Cajamarca,2024-01-03,1,1
683,10000683,María Herrera Herrera,910010683,maria.herrera.herrera4@gmail.com,Jr. Altamirano 637,Cajamarca,2024-04-07,1,1
684,10000684,Rosa Huamán Quispe,910010684,rosa.huaman.quispe5@gmail.com,Av. Alva 255,La Encañada,2022-01-17,1,1
685,10000685,Rosa Altamirano Soto,910010685,,Ca. Domínguez 896,Cajamarca,2023-11-05,1,1
686,10000686,Paola Medina Chávez,910010686,paola.medina.chavez7@gmail.com,Jr. Alva 887,Cajamarca,2022-04-02,1,1
687,10000687,Diego Herrera Cárdenas,910010687,diego.herrera.cardenas8@gmail.com,Av. Gonzales 679,Cajamarca,2022-06-15,1,1
688,10000688,Andrés Paredes Guevara,910010688,andres.paredes.guevara9@gmail.com,Ca. Castro 409,Cajamarca,2022-07-11,1,1
689,10000689,Pedro Jiménez Rojas,910010689,pedro.jimenez.rojas10@gmail.com,Ca. Ramos 146,Cajamarca,2022-07-07,1,1
690,10000690,Fernando Vega Silva,910010690,fernando.vega.silva11@gmail.com,Ca. Ríos 798,Cajamarca,2024-11-11,1,1
691,10000691,María Alva Becerra,910010691,maria.alva.becerra12@gmail.com,Ca. Huamán 452,Cajamarca,2022-05-17,1,1
692,10000692,Valeria Espinoza Quispe,,valeria.espinoza.quispe13@gmail.com,Ca. Rojas 361,Cajamarca,2022-02-13,1,1
693,10000693,Alonso Delgado Huamán,910010693,alonso.delgado.huaman14@gmail.com,Av. Contreras 569,Cajamarca,2023-07-19,1,1
694,10000694,Ricardo García Puga,910010694,ricardo.garcia.puga15@gmail.com,Jr. Guevara 598,Cajamarca,2022-01-03,0,1
695,10000695,Jackeline Fernández Contreras,910010695,jackeline.fernandez.contreras16@gmail.com,Jr. Alva 228,La Encañada,2024-01-30,1,1
696,10000696,Renzo Vargas Flores,910010696,renzo.vargas.flores17@gmail.com,Ca. Guevara 822,Cajamarca,2025-05-30,1,1
697,10000697,Gabriela Rojas Rojas,,gabriela.rojas.rojas18@gmail.com,Av. López 407,Cajamarca,2023-06-07,0,1
698,10000698,Pedro Jiménez Gonzales,910010698,pedro.jimenez.gonzales19@gmail.com,Jr. Guevara 881,Baños del Inca,2025-01-21,1,1
699,10000699,José Gonzales Morales,910010699,jose.gonzales.morales20@gmail.com,Ca. Fernández 410,Cajamarca,2024-04-18,1,1
700,10000700,Valeria Herrera Huamán,910010700,,Jr. Contreras 203,Cajamarca,2023-02-22,1,1
701,10000701,Nancy Delgado Medina,910010701,nancy.delgado.medina22@gmail.com,Jr. García 948,Baños del Inca,2022-01-10,1,1
702,10000702,Ricardo Vega Ibañez,910010702,ricardo.vega.ibanez23@gmail.com,Jr. Chávez 411,Cajamarca,2023-04-02,1,1
703,10000703,Marco Chávez Quispe,910010703,marco.chavez.quispe24@gmail.com,Av. Huamán 537,Cajamarca,2024-10-13,1,1
704,10000704,Francisco Altamirano Jiménez,910010704,francisco.altamirano.jimenez25@gmail.com,Av. Medina 451,Cajamarca,2023-01-12,0,1
705,10000705,Jackeline Rojas Cárdenas,,jackeline.rojas.cardenas26@gmail.com,Av. Gonzales 409,Baños del Inca,2024-07-30,1,1
706,10000706,Diego Castro Altamirano,910010706,diego.castro.altamirano27@gmail.com,Jr. Cruz 262,Cajamarca,2025-07-14,0,1
707,10000707,Alonso Espinoza Torres,910010707,alonso.espinoza.torres28@gmail.com,Jr. Rojas 319,Cajamarca,2022-02-25,1,1
708,10000708,Manuel Torres Delgado,910010708,,Jr. Medina 755,Cajamarca,2025-03-13,1,1
709,10000709,Alonso Tello Altamirano,910010709,alonso.tello.altamirano30@gmail.com,Jr. Reyes 767,Cajamarca,2024-12-06,0,1
710,10000710,Mónica Vargas Flores,910010710,monica.vargas.flores31@gmail.com,Av. Rojas 876,Cajamarca,2024-08-22,0,1
711,10000711,Gladys Vargas Espinoza,910010711,gladys.vargas.espinoza32@gmail.com,Jr. Guerrero 354,Cajamarca,2023-01-26,1,1
712,10000712,Gabriela Ramos Ríos,910010712,gabriela.ramos.rios33@gmail.com,Jr. Cruz 664,Baños del Inca,2022-08-28,1,1
713,10000713,Joaquín Sánchez Sánchez,910010713,joaquin.sanchez.sanchez34@gmail.com,Ca. López 748,Jesús,2023-03-30,1,1
714,10000714,Pedro Vargas Domínguez,910010714,pedro.vargas.dominguez35@gmail.com,Jr. Alva 161,Cajamarca,2022-12-08,1,1
715,10000715,Mónica Morales Puga,910010715,monica.morales.puga36@gmail.com,Av. Vargas 539,Baños del Inca,2022-10-21,1,1
716,10000716,Fernando Medina Vargas,910010716,fernando.medina.vargas37@gmail.com,Av. Gonzales 524,Cajamarca,2022-04-23,1,1
717,10000717,María Flores López,910010717,maria.flores.lopez38@gmail.com,Ca. Sánchez 555,Chetilla,2025-03-10,1,1
718,10000718,Rodrigo Cruz Ibañez,910010718,rodrigo.cruz.ibanez39@gmail.com,Ca. Delgado 696,Llacanora,2023-03-03,1,1
719,10000719,Vilma Huamán Flores,910010719,vilma.huaman.flores40@gmail.com,Jr. Vargas 706,Cajamarca,2025-04-28,1,1
720,10000720,Bruno Vega Guerrero,910010720,bruno.vega.guerrero41@gmail.com,Jr. Fernández 619,Cajamarca,2023-05-05,1,1
721,10000721,Claudia Salazar Silva,910010721,,Jr. Vega 548,Cajamarca,2023-10-16,1,1
722,10000722,Andrés Ríos Rojas,910010722,andres.rios.rojas43@gmail.com,Av. López 300,Cajamarca,2024-05-07,1,1
723,10000723,Antonio Chávez Guerrero,910010723,antonio.chavez.guerrero44@gmail.com,Jr. Guerrero 912,San Sebastián,2022-11-19,0,1
724,10000724,Karin Tello Alva,910010724,karin.tello.alva45@gmail.com,Jr. Guerrero 977,Cajamarca,2023-02-21,0,1
725,10000725,Juana Guerrero Huamán,910010725,juana.guerrero.huaman46@gmail.com,Jr. Huamán 826,San Sebastián,2025-01-26,1,1
726,10000726,Valeria Becerra Contreras,910010726,valeria.becerra.contreras47@gmail.com,Jr. Rojas 563,Cajamarca,2022-03-22,1,1
727,10000727,Sebastián Díaz Campos,910010727,sebastian.diaz.campos48@gmail.com,Av. Vargas 449,Cajamarca,2023-05-07,1,1
728,10000728,Claudia Guevara Cárdenas,910010728,,Av. Gonzales 735,Llacanora,2023-08-20,0,1
729,10000729,Paola Campos Sánchez,910010729,paola.campos.sanchez50@gmail.com,Jr. Becerra 854,Cajamarca,2022-12-01,1,1
730,10000730,Manuel Paredes Altamirano,910010730,manuel.paredes.altamirano51@gmail.com,Av. Torres 942,Cajamarca,2024-08-10,1,1
731,10000731,Marco Mendoza Castro,910010731,marco.mendoza.castro52@gmail.com,Jr. Vargas 675,Cajamarca,2022-08-27,1,1
732,10000732,Miguel López Morales,910010732,miguel.lopez.morales53@gmail.com,Av. Soto 931,Baños del Inca,2024-04-14,1,1
733,10000733,Ana Guerrero Chávez,910010733,ana.guerrero.chavez54@gmail.com,Ca. Espinoza 632,Cajamarca,2023-04-11,1,1
734,10000734,Antonio Jiménez Herrera,910010734,antonio.jimenez.herrera55@gmail.com,Jr. Guerrero 200,Cajamarca,2023-08-06,1,1
735,10000735,Joaquín Ríos Tello,910010735,joaquin.rios.tello56@gmail.com,Jr. Soto 924,Cajamarca,2022-03-05,1,1
736,10000736,Paola Espinoza Ibañez,910010736,paola.espinoza.ibanez57@gmail.com,Jr. Altamirano 722,Baños del Inca,2022-01-08,1,1
737,10000737,Patricia Jiménez Chávez,910010737,patricia.jimenez.chavez58@gmail.com,Jr. López 790,Baños del Inca,2025-06-21,1,1
738,10000738,Milagros Puga Herrera,910010738,milagros.puga.herrera59@gmail.com,Jr. Fernández 336,Cajamarca,2024-12-15,1,1
739,10000739,Álvaro Domínguez Becerra,910010739,alvaro.dominguez.becerra60@gmail.com,Av. Díaz 714,Baños del Inca,2024-10-30,0,1
740,10000740,Ana Ramos Contreras,910010740,ana.ramos.contreras61@gmail.com,Jr. Altamirano 994,San Sebastián,2022-05-14,1,1
741,10000741,Bruno Ibañez Soto,910010741,bruno.ibanez.soto62@gmail.com,Jr. Tello 446,Cajamarca,2023-09-21,1,1
742,10000742,Juan Salazar Paredes,910010742,juan.salazar.paredes63@gmail.com,Jr. Espinoza 844,Cajamarca,2023-12-30,1,1
743,10000743,Elena Castro Ramos,910010743,elena.castro.ramos64@gmail.com,Av. Jiménez 178,Jesús,2024-09-28,1,1
744,10000744,Raúl Domínguez Puga,910010744,raul.dominguez.puga65@gmail.com,Ca. Chávez 851,Cajamarca,2025-06-09,1,1
745,10000745,Roberto Flores Ramos,910010745,roberto.flores.ramos66@gmail.com,Ca. Salazar 368,Llacanora,2025-02-01,0,1
746,10000746,Jorge Morales Sánchez,910010746,jorge.morales.sanchez67@gmail.com,Jr. Medina 210,Porcón,2024-11-09,1,1
747,10000747,Marco Campos Cruz,910010747,marco.campos.cruz68@gmail.com,Ca. Puga 892,San Sebastián,2022-12-20,0,1
748,10000748,Mónica Flores Chávez,910010748,monica.flores.chavez69@gmail.com,Jr. García 833,Llacanora,2024-12-16,1,1
749,10000749,Cecilia Fernández Medina,,,Av. Silva 561,Baños del Inca,2025-06-01,0,1
750,10000750,Patricia Soto Altamirano,910010750,,Av. Huamán 218,Chetilla,2022-03-30,0,1
751,10000751,Marco Alva Paredes,910010751,marco.alva.paredes72@gmail.com,Ca. López 284,Llacanora,2022-12-19,1,1
752,10000752,José Huamán Jiménez,910010752,jose.huaman.jimenez73@gmail.com,Jr. Reyes 491,Cajamarca,2023-10-21,1,1
753,10000753,Diego Huamán Gonzales,910010753,diego.huaman.gonzales74@gmail.com,Av. Vega 382,Baños del Inca,2023-12-19,0,1
754,10000754,Milagros Jiménez Soto,910010754,milagros.jimenez.soto75@gmail.com,Ca. Rojas 410,Baños del Inca,2024-04-20,1,1
755,10000755,Carlos Cárdenas Soto,910010755,carlos.cardenas.soto76@gmail.com,Jr. Campos 814,Cajamarca,2023-03-07,1,1
756,10000756,Johana Jiménez Quispe,910010756,johana.jimenez.quispe77@gmail.com,Jr. Sánchez 204,Baños del Inca,2023-03-18,1,1
757,10000757,Álvaro Reyes Silva,910010757,alvaro.reyes.silva78@gmail.com,Ca. Vega 700,Baños del Inca,2022-10-30,1,1
758,10000758,Antonio Díaz Morales,910010758,antonio.diaz.morales79@gmail.com,Av. Jiménez 768,Porcón,2024-04-17,1,1
759,10000759,Rodrigo Quispe Díaz,910010759,rodrigo.quispe.diaz80@gmail.com,Av. Medina 535,Cajamarca,2022-08-25,1,1
760,10000760,Claudia Rojas Becerra,910010760,claudia.rojas.becerra81@gmail.com,Av. Guevara 423,Cajamarca,2022-11-12,1,1
761,10000761,Juan Jiménez Puga,910010761,juan.jimenez.puga82@gmail.com,Ca. Morales 987,Cajamarca,2025-05-10,1,1
762,10000762,Gladys Espinoza Fernández,910010762,gladys.espinoza.fernandez83@gmail.com,Av. Díaz 203,Cajamarca,2023-06-18,0,1
763,10000763,Renzo Tello Castro,910010763,renzo.tello.castro84@gmail.com,Jr. Gonzales 374,Cajamarca,2023-08-31,1,1
764,10000764,Marco Altamirano Paredes,910010764,marco.altamirano.paredes85@gmail.com,Ca. Puga 971,Cajamarca,2023-04-29,1,1
765,10000765,Elena Reyes Puga,910010765,elena.reyes.puga86@gmail.com,Av. Jiménez 215,Llacanora,2023-02-17,0,1
766,10000766,Jackeline Altamirano Díaz,910010766,jackeline.altamirano.diaz87@gmail.com,Av. Espinoza 296,Cajamarca,2025-02-27,1,1
767,10000767,Jackeline Cárdenas García,910010767,jackeline.cardenas.garcia88@gmail.com,Av. Medina 693,Baños del Inca,2023-10-05,1,1
768,10000768,Andrés Herrera Alva,910010768,andres.herrera.alva89@gmail.com,Ca. Soto 277,Cajamarca,2022-03-07,0,1
769,10000769,Patricia Reyes Castro,910010769,patricia.reyes.castro90@gmail.com,Jr. Herrera 737,Cajamarca,2023-07-02,1,1
770,10000770,Eduardo Ibañez Puga,910010770,eduardo.ibanez.puga91@gmail.com,Ca. Ríos 137,San Sebastián,2022-09-15,1,1
771,10000771,Sebastián López López,910010771,,Jr. Guevara 946,Cajamarca,2024-06-13,1,1
772,10000772,Paola Fernández Quispe,910010772,paola.fernandez.quispe93@gmail.com,Jr. Herrera 856,Cajamarca,2023-04-24,1,1
773,10000773,Daniela Contreras Delgado,,daniela.contreras.delgado94@gmail.com,Jr. Medina 706,Cajamarca,2023-07-09,0,1
774,10000774,Jackeline Fernández Guerrero,910010774,jackeline.fernandez.guerrero95@gmail.com,Ca. Huamán 264,Cajamarca,2023-01-21,0,1
775,10000775,Valeria Quispe Ibañez,910010775,valeria.quispe.ibanez96@gmail.com,Ca. Torres 401,Cajamarca,2022-12-03,0,1
776,10000776,Jorge Altamirano Contreras,910010776,jorge.altamirano.contreras0@gmail.com,Av. Domínguez 763,Baños del Inca,2023-07-02,1,1
777,10000777,José Fernández Espinoza,910010777,jose.fernandez.espinoza1@gmail.com,Av. García 930,San Sebastián,2024-10-09,1,1
778,10000778,Ricardo Domínguez Domínguez,910010778,,Av. García 928,Cajamarca,2024-11-25,1,1
779,10000779,Juana Medina Quispe,910010779,juana.medina.quispe3@gmail.com,Ca. Gonzales 613,Cajamarca,2022-06-04,1,1
780,10000780,Rosa Cruz Sánchez,910010780,rosa.cruz.sanchez4@gmail.com,Av. Campos 452,Cajamarca,2022-09-11,0,1
781,10000781,Eduardo Gonzales Ibañez,910010781,eduardo.gonzales.ibanez5@gmail.com,Av. Ramos 877,Cajamarca,2023-11-16,1,1
782,10000782,Roberto Morales Salazar,,,Jr. Herrera 270,Cajamarca,2022-11-28,1,1
783,10000783,Rodrigo Fernández Reyes,910010783,rodrigo.fernandez.reyes7@gmail.com,Av. Vargas 249,Porcón,2023-07-28,1,1
784,10000784,María García Salazar,910010784,maria.garcia.salazar8@gmail.com,Av. Gonzales 999,Cajamarca,2023-05-17,1,1
785,10000785,Lucía Guerrero Puga,910010785,,Av. Guerrero 416,San Sebastián,2025-06-24,1,1
786,10000786,Joaquín Morales Soto,910010786,joaquin.morales.soto10@gmail.com,Av. Guerrero 510,Cajamarca,2023-12-17,1,1
787,10000787,Rosa Espinoza Ramos,910010787,rosa.espinoza.ramos11@gmail.com,Jr. Mendoza 877,Cajamarca,2024-05-02,0,1
788,10000788,Lucía Tello Vega,910010788,lucia.tello.vega12@gmail.com,Ca. Medina 710,Cajamarca,2024-12-24,1,1
789,10000789,Johana Mendoza Vargas,910010789,johana.mendoza.vargas13@gmail.com,Jr. Silva 114,Baños del Inca,2024-08-11,1,1
790,10000790,Eduardo Ramos Díaz,910010790,eduardo.ramos.diaz14@gmail.com,Jr. Rojas 283,Cajamarca,2023-01-19,0,1
791,10000791,Pedro Gonzales Silva,910010791,pedro.gonzales.silva15@gmail.com,Jr. Becerra 528,Cajamarca,2023-10-12,1,1
792,10000792,Diego Ibañez Rojas,910010792,diego.ibanez.rojas16@gmail.com,Jr. Salazar 470,Baños del Inca,2023-07-19,1,1
793,10000793,Milagros Quispe Tello,910010793,milagros.quispe.tello17@gmail.com,Ca. Ramos 560,Cajamarca,2022-05-06,1,1
794,10000794,Álvaro Vargas Silva,910010794,alvaro.vargas.silva18@gmail.com,Av. Ibañez 893,Cajamarca,2025-07-18,1,1
795,10000795,Milagros Torres Alva,910010795,milagros.torres.alva19@gmail.com,Jr. Tello 941,Cajamarca,2024-03-07,1,1
796,10000796,Ricardo Vargas Guerrero,910010796,ricardo.vargas.guerrero20@gmail.com,Av. Quispe 111,Cajamarca,2022-06-13,1,1
797,10000797,Renzo Vega Tello,910010797,renzo.vega.tello21@gmail.com,Av. Puga 128,Cajamarca,2023-03-09,1,1
798,10000798,Andrés Torres Silva,910010798,andres.torres.silva22@gmail.com,Ca. Castro 394,Cajamarca,2022-03-25,1,1
799,10000799,Fiorella Campos Chávez,910010799,fiorella.campos.chavez23@gmail.com,Jr. Salazar 220,Cajamarca,2022-09-02,1,1
800,10000800,Ana Becerra Chávez,910010800,,Jr. Cárdenas 535,Cajamarca,2023-05-01,0,1
801,10000801,Manuel Reyes Torres,910010801,manuel.reyes.torres25@gmail.com,Ca. Torres 724,La Encañada,2023-03-02,1,1
802,10000802,César Sánchez Fernández,910010802,cesar.sanchez.fernandez26@gmail.com,Jr. Díaz 590,Baños del Inca,2024-07-27,0,1
803,10000803,Andrés Morales Cárdenas,910010803,andres.morales.cardenas27@gmail.com,Jr. Vega 107,Cajamarca,2024-12-03,0,1
804,10000804,César Torres Domínguez,910010804,,Jr. Altamirano 605,Cajamarca,2024-10-03,0,1
805,10000805,Johana Huamán Paredes,,johana.huaman.paredes29@gmail.com,Jr. Tello 363,Cajamarca,2022-01-02,1,1
806,10000806,Yolanda Alva Reyes,910010806,yolanda.alva.reyes30@gmail.com,Av. Espinoza 519,Jesús,2025-01-03,1,1
807,10000807,Elena Paredes Díaz,910010807,elena.paredes.diaz31@gmail.com,Av. Alva 371,Baños del Inca,2024-02-04,1,1
808,10000808,César Altamirano Díaz,910010808,cesar.altamirano.diaz32@gmail.com,Jr. Becerra 796,Cajamarca,2025-01-01,1,1
809,10000809,Milagros Puga Cárdenas,910010809,milagros.puga.cardenas33@gmail.com,Av. Alva 306,Cajamarca,2024-10-24,1,1
810,10000810,Ana Cárdenas Morales,910010810,ana.cardenas.morales34@gmail.com,Av. Contreras 423,San Sebastián,2023-04-28,1,1
811,10000811,Marco Fernández Mendoza,910010811,marco.fernandez.mendoza35@gmail.com,Jr. Mendoza 643,San Sebastián,2023-11-11,1,1
812,10000812,Rodrigo Morales Morales,,,Av. Sánchez 209,Cajamarca,2024-03-11,0,1
813,10000813,Pedro Medina Soto,910010813,pedro.medina.soto37@gmail.com,Av. Herrera 552,Cajamarca,2022-05-24,1,1
814,10000814,María Guerrero Becerra,910010814,maria.guerrero.becerra38@gmail.com,Ca. Delgado 458,San Sebastián,2022-09-04,1,1
815,10000815,Jackeline Rojas Ramos,910010815,jackeline.rojas.ramos39@gmail.com,Jr. Espinoza 136,Chetilla,2023-01-17,1,1
816,10000816,Fiorella Campos García,910010816,fiorella.campos.garcia40@gmail.com,Av. Cruz 162,Cajamarca,2023-02-22,1,1
817,10000817,Andrés Puga Cárdenas,910010817,andres.puga.cardenas41@gmail.com,Ca. Jiménez 617,Cajamarca,2024-07-24,1,1
818,10000818,Pedro Soto Torres,910010818,pedro.soto.torres42@gmail.com,Av. Mendoza 336,Cajamarca,2023-08-29,1,1
819,10000819,Diego Jiménez Chávez,,diego.jimenez.chavez43@gmail.com,Ca. Espinoza 170,Cajamarca,2023-11-01,1,1
820,10000820,Claudia Fernández Flores,910010820,,Jr. Ramos 502,Baños del Inca,2024-04-07,0,1
821,10000821,Nancy Gonzales Chávez,910010821,nancy.gonzales.chavez45@gmail.com,Av. Reyes 772,Cajamarca,2024-01-10,1,1
822,10000822,Ana Vega Gonzales,910010822,ana.vega.gonzales46@gmail.com,Av. Delgado 654,Cajamarca,2025-04-25,1,1
823,10000823,Mónica Fernández Campos,910010823,monica.fernandez.campos47@gmail.com,Av. Guevara 247,Baños del Inca,2023-06-01,1,1
824,10000824,Luis Alva Salazar,910010824,luis.alva.salazar48@gmail.com,Ca. Paredes 504,Cajamarca,2025-02-16,1,1
825,10000825,Andrés López Flores,910010825,andres.lopez.flores49@gmail.com,Jr. Vega 383,Llacanora,2023-07-13,1,1
826,10000826,Miguel Chávez Guerrero,910010826,miguel.chavez.guerrero50@gmail.com,Jr. Mendoza 557,Cajamarca,2022-01-28,1,1
827,10000827,Johana López Puga,910010827,johana.lopez.puga51@gmail.com,Av. Gonzales 217,Baños del Inca,2022-03-21,1,1
828,10000828,Daniela Tello Mendoza,910010828,daniela.tello.mendoza52@gmail.com,Av. Ríos 591,Cajamarca,2025-05-04,1,1
829,10000829,Miguel Ramos Díaz,910010829,miguel.ramos.diaz53@gmail.com,Jr. López 728,Cajamarca,2022-06-28,1,1
830,10000830,Lucía Guerrero Medina,910010830,lucia.guerrero.medina54@gmail.com,Jr. Tello 739,Cajamarca,2024-07-30,1,1
831,10000831,Carmen Ríos Herrera,910010831,carmen.rios.herrera55@gmail.com,Ca. Herrera 107,Cajamarca,2022-09-07,1,1
832,10000832,Nancy López Tello,910010832,nancy.lopez.tello56@gmail.com,Jr. Vargas 547,San Sebastián,2025-03-15,1,1
833,10000833,Carlos Puga Torres,910010833,carlos.puga.torres57@gmail.com,Jr. Guevara 463,Cajamarca,2023-10-06,0,1
834,10000834,Roberto Ríos García,910010834,roberto.rios.garcia58@gmail.com,Jr. Díaz 504,Cajamarca,2022-09-29,1,1
835,10000835,Vilma Ramos Fernández,910010835,vilma.ramos.fernandez59@gmail.com,Av. Salazar 784,Cajamarca,2022-05-10,1,1
836,10000836,Gabriela Altamirano Paredes,910010836,gabriela.altamirano.paredes60@gmail.com,Ca. Mendoza 699,Cajamarca,2022-08-06,0,1
837,10000837,Lucía Castro Mendoza,910010837,lucia.castro.mendoza61@gmail.com,Av. Torres 562,Cajamarca,2023-05-26,1,1
838,10000838,José Chávez Castro,910010838,jose.chavez.castro62@gmail.com,Ca. Espinoza 221,Cajamarca,2022-01-26,1,1
839,10000839,Yolanda Ibañez Chávez,910010839,yolanda.ibanez.chavez63@gmail.com,Av. García 790,La Encañada,2022-07-22,1,1
840,10000840,Karin Soto Reyes,910010840,karin.soto.reyes64@gmail.com,Av. Vega 738,Cajamarca,2022-04-03,1,1
841,10000841,Juana Díaz Alva,910010841,juana.diaz.alva65@gmail.com,Av. Herrera 948,San Sebastián,2024-04-26,1,1
842,10000842,Paola Jiménez Campos,910010842,paola.jimenez.campos66@gmail.com,Av. Silva 412,Cajamarca,2024-04-16,0,1
843,10000843,Carlos López Salazar,910010843,carlos.lopez.salazar67@gmail.com,Jr. Cárdenas 647,Cajamarca,2022-06-16,1,1
844,10000844,María Torres Reyes,910010844,maria.torres.reyes68@gmail.com,Ca. Castro 882,Porcón,2024-03-23,1,1
845,10000845,Francisco Delgado Espinoza,910010845,francisco.delgado.espinoza69@gmail.com,Jr. Quispe 946,Cajamarca,2023-05-11,1,1
846,10000846,Yolanda Reyes Espinoza,,yolanda.reyes.espinoza70@gmail.com,Av. García 872,Cajamarca,2024-08-22,1,1
847,10000847,Pedro Guevara Mendoza,910010847,pedro.guevara.mendoza71@gmail.com,Ca. Torres 232,Cajamarca,2024-08-09,1,1
848,10000848,Elena Herrera Soto,,elena.herrera.soto72@gmail.com,Av. Castro 389,Cajamarca,2024-07-16,1,1
849,10000849,María Chávez Díaz,910010849,maria.chavez.diaz73@gmail.com,Av. Vega 634,Baños del Inca,2024-06-25,1,1
850,10000850,Cecilia Reyes Morales,910010850,cecilia.reyes.morales74@gmail.com,Ca. Mendoza 727,Cajamarca,2023-03-03,1,1
851,10000851,Ricardo Espinoza Vega,910010851,ricardo.espinoza.vega75@gmail.com,Jr. Campos 870,Cajamarca,2023-03-22,1,1
852,10000852,Juana Díaz Cruz,910010852,juana.diaz.cruz76@gmail.com,Av. Guevara 673,Cajamarca,2024-01-06,1,1
853,10000853,Álvaro Guevara Sánchez,910010853,alvaro.guevara.sanchez77@gmail.com,Ca. Salazar 824,Cajamarca,2022-05-31,1,1
854,10000854,Fernando Mendoza Guerrero,910010854,fernando.mendoza.guerrero78@gmail.com,Ca. Ramos 865,Baños del Inca,2023-07-22,1,1
855,10000855,Sara Huamán Sánchez,910010855,sara.huaman.sanchez79@gmail.com,Jr. Mendoza 127,San Sebastián,2024-09-08,1,1
856,10000856,Francisco Altamirano Sánchez,910010856,francisco.altamirano.sanchez80@gmail.com,Av. García 792,Cajamarca,2025-01-10,1,1
857,10000857,Fiorella Cruz Vega,910010857,fiorella.cruz.vega81@gmail.com,Av. Gonzales 737,Cajamarca,2023-10-10,0,1
858,10000858,Renzo Mendoza Ramos,910010858,renzo.mendoza.ramos82@gmail.com,Ca. Silva 112,Cajamarca,2022-02-10,1,1
859,10000859,Ángela Ramos Becerra,910010859,angela.ramos.becerra83@gmail.com,Av. Campos 970,San Sebastián,2024-10-01,1,1
860,10000860,Cecilia Rojas Soto,910010860,cecilia.rojas.soto84@gmail.com,Jr. Guevara 798,Jesús,2022-10-01,1,1
861,10000861,Jackeline Mendoza Mendoza,910010861,jackeline.mendoza.mendoza85@gmail.com,Jr. Altamirano 825,Cajamarca,2022-12-28,0,1
862,10000862,Lucía Chávez Flores,910010862,lucia.chavez.flores86@gmail.com,Av. Mendoza 308,San Sebastián,2024-06-18,1,1
863,10000863,Juan Díaz Cruz,910010863,juan.diaz.cruz87@gmail.com,Jr. Medina 445,Cajamarca,2022-04-01,1,1
864,10000864,Renzo Domínguez Tello,910010864,,Jr. García 431,Cajamarca,2025-06-22,1,1
865,10000865,Sara Cárdenas Guerrero,,sara.cardenas.guerrero89@gmail.com,Av. Cruz 588,Cajamarca,2024-09-21,1,1
866,10000866,César Reyes Sánchez,910010866,cesar.reyes.sanchez90@gmail.com,Ca. García 629,Cajamarca,2023-12-06,1,1
867,10000867,Valeria Alva Espinoza,910010867,valeria.alva.espinoza91@gmail.com,Jr. Espinoza 327,Cajamarca,2022-10-20,1,1
868,10000868,Alonso Alva Ibañez,910010868,alonso.alva.ibanez92@gmail.com,Av. Altamirano 495,Cajamarca,2025-04-30,1,1
869,10000869,Marco Quispe Salazar,910010869,marco.quispe.salazar93@gmail.com,Av. Campos 290,Cajamarca,2022-11-24,1,1
870,10000870,Elena Silva Herrera,910010870,elena.silva.herrera94@gmail.com,Jr. Cruz 325,Baños del Inca,2024-05-23,1,1
871,10000871,Ana Morales Morales,910010871,ana.morales.morales95@gmail.com,Jr. Becerra 216,Cajamarca,2022-06-26,1,1
872,10000872,Andrea Delgado Soto,910010872,andrea.delgado.soto96@gmail.com,Ca. Rojas 796,Cajamarca,2024-09-26,1,1
873,10000873,Juana Herrera Vargas,910010873,juana.herrera.vargas0@gmail.com,Jr. Ríos 598,Cajamarca,2023-03-16,1,1
874,10000874,Juan Jiménez Jiménez,910010874,juan.jimenez.jimenez1@gmail.com,Ca. Puga 153,Cajamarca,2024-02-10,1,1
875,10000875,Milagros Alva Domínguez,,milagros.alva.dominguez2@gmail.com,Jr. Silva 273,Porcón,2022-05-19,1,1
876,10000876,Milagros Castro Castro,910010876,milagros.castro.castro3@gmail.com,Av. Jiménez 816,Cajamarca,2024-12-09,1,1
877,10000877,Sara Díaz Altamirano,910010877,sara.diaz.altamirano4@gmail.com,Av. Becerra 260,Cajamarca,2024-12-02,0,1
878,10000878,Álvaro Becerra Jiménez,910010878,alvaro.becerra.jimenez5@gmail.com,Jr. López 824,Cajamarca,2025-02-25,1,1
879,10000879,Jorge Delgado Ríos,910010879,jorge.delgado.rios6@gmail.com,Jr. Huamán 882,Baños del Inca,2023-05-06,1,1
880,10000880,Raúl Soto Vega,910010880,raul.soto.vega7@gmail.com,Ca. Contreras 865,Cajamarca,2025-04-18,1,1
881,10000881,Rodrigo Torres Huamán,910010881,rodrigo.torres.huaman8@gmail.com,Jr. Campos 902,Llacanora,2024-06-10,1,1
882,10000882,Manuel Huamán Soto,910010882,manuel.huaman.soto9@gmail.com,Jr. Ibañez 720,Cajamarca,2022-06-05,0,1
883,10000883,Jackeline Gonzales Herrera,910010883,jackeline.gonzales.herrera10@gmail.com,Jr. Sánchez 691,Cajamarca,2022-02-04,1,1
884,10000884,Ricardo Mendoza Cruz,910010884,ricardo.mendoza.cruz11@gmail.com,Jr. Ibañez 802,Cajamarca,2023-04-11,0,1
885,10000885,Diego Reyes Salazar,910010885,diego.reyes.salazar12@gmail.com,Av. Ramos 732,Cajamarca,2023-11-17,0,1
886,10000886,Mónica Contreras Campos,910010886,monica.contreras.campos13@gmail.com,Jr. Delgado 306,Cajamarca,2024-12-31,1,1
887,10000887,Paola Domínguez Quispe,910010887,paola.dominguez.quispe14@gmail.com,Ca. Guerrero 706,Cajamarca,2022-11-25,1,1
888,10000888,Gabriela Guevara Torres,910010888,gabriela.guevara.torres15@gmail.com,Av. Herrera 251,Cajamarca,2024-02-12,1,1
889,10000889,José López Silva,910010889,jose.lopez.silva16@gmail.com,Ca. Ibañez 138,San Sebastián,2025-01-16,0,1
890,10000890,Claudia Fernández Delgado,910010890,claudia.fernandez.delgado17@gmail.com,Jr. Altamirano 844,Cajamarca,2023-04-22,1,1
891,10000891,Marco García Espinoza,910010891,marco.garcia.espinoza18@gmail.com,Jr. Altamirano 754,San Sebastián,2024-01-27,1,1
892,10000892,José López Vega,910010892,jose.lopez.vega19@gmail.com,Av. Soto 952,San Sebastián,2024-09-16,1,1
893,10000893,Rodrigo Fernández Torres,910010893,rodrigo.fernandez.torres20@gmail.com,Ca. Reyes 517,Cajamarca,2023-09-02,0,1
894,10000894,Joaquín Fernández Ibañez,910010894,joaquin.fernandez.ibanez21@gmail.com,Jr. Cárdenas 786,Cajamarca,2024-05-11,1,1
895,10000895,Andrés Mendoza Jiménez,910010895,andres.mendoza.jimenez22@gmail.com,Jr. Ibañez 728,San Sebastián,2024-08-24,1,1
896,10000896,Mónica Vargas Morales,910010896,monica.vargas.morales23@gmail.com,Av. García 575,Cajamarca,2023-11-15,1,1
897,10000897,Yolanda Rojas Paredes,910010897,yolanda.rojas.paredes24@gmail.com,Ca. García 172,Cajamarca,2022-05-12,0,1
898,10000898,Karin Morales Silva,910010898,karin.morales.silva25@gmail.com,Jr. Rojas 957,Cajamarca,2023-03-08,1,1
899,10000899,Pedro Espinoza Díaz,910010899,pedro.espinoza.diaz26@gmail.com,Ca. Soto 633,Baños del Inca,2024-02-09,1,1
900,10000900,Sara Herrera Soto,910010900,sara.herrera.soto27@gmail.com,Av. Paredes 903,Cajamarca,2024-05-24,1,1
901,10000901,Marco Silva Flores,910010901,marco.silva.flores28@gmail.com,Av. Gonzales 668,Cajamarca,2024-01-15,0,1
902,10000902,Sebastián Sánchez Morales,910010902,,Av. Guerrero 895,Cajamarca,2023-08-03,1,1
903,10000903,Milagros Chávez Chávez,910010903,,Av. Quispe 236,Cajamarca,2024-11-23,0,1
904,10000904,Cecilia Herrera Paredes,910010904,cecilia.herrera.paredes31@gmail.com,Ca. López 281,Cajamarca,2022-08-06,1,1
905,10000905,María Guevara Jiménez,910010905,maria.guevara.jimenez32@gmail.com,Ca. Huamán 104,Cajamarca,2023-07-01,1,1
906,10000906,Antonio Chávez Ríos,910010906,antonio.chavez.rios33@gmail.com,Av. Díaz 460,Cajamarca,2022-09-18,1,1
907,10000907,Sara Vargas Quispe,910010907,sara.vargas.quispe34@gmail.com,Jr. Díaz 686,San Sebastián,2024-09-02,1,1
908,10000908,José Cárdenas Torres,910010908,jose.cardenas.torres35@gmail.com,Ca. Silva 712,Cajamarca,2024-06-05,1,1
909,10000909,Karin López Espinoza,910010909,karin.lopez.espinoza36@gmail.com,Jr. Altamirano 393,Cajamarca,2022-05-03,1,1
910,10000910,Luis Reyes Herrera,910010910,luis.reyes.herrera37@gmail.com,Av. Alva 431,Baños del Inca,2022-03-20,0,1
911,10000911,Johana Ramos Cárdenas,910010911,johana.ramos.cardenas38@gmail.com,Jr. Soto 784,Cajamarca,2024-07-27,1,1
912,10000912,Andrés Chávez Puga,910010912,andres.chavez.puga39@gmail.com,Av. Gonzales 350,Cajamarca,2022-11-24,1,1
913,10000913,Juan Medina Delgado,910010913,juan.medina.delgado40@gmail.com,Ca. Reyes 955,Cajamarca,2023-12-06,1,1
914,10000914,Carmen Cruz Ramos,910010914,carmen.cruz.ramos41@gmail.com,Av. Campos 756,Cajamarca,2022-07-20,1,1
915,10000915,Carmen López Fernández,910010915,carmen.lopez.fernandez42@gmail.com,Jr. Cruz 751,Cajamarca,2023-05-04,1,1
916,10000916,Eduardo Huamán Sánchez,910010916,eduardo.huaman.sanchez43@gmail.com,Av. Domínguez 673,Cajamarca,2025-07-24,1,1
917,10000917,Valeria Soto Huamán,910010917,valeria.soto.huaman44@gmail.com,Jr. Alva 382,Cajamarca,2024-08-17,1,1
918,10000918,Milagros Guerrero Flores,910010918,milagros.guerrero.flores45@gmail.com,Av. Flores 487,Cajamarca,2023-08-16,0,1
919,10000919,Luis Gonzales Silva,910010919,luis.gonzales.silva46@gmail.com,Av. Díaz 617,Cajamarca,2022-03-25,1,1
920,10000920,Juana Soto Cruz,910010920,juana.soto.cruz47@gmail.com,Ca. Domínguez 923,Cajamarca,2022-08-30,1,1
921,10000921,Andrés Medina Huamán,910010921,andres.medina.huaman48@gmail.com,Av. Domínguez 839,Cajamarca,2024-04-02,1,1
922,10000922,Andrea Espinoza Morales,910010922,andrea.espinoza.morales49@gmail.com,Ca. Ramos 241,Cajamarca,2023-09-11,1,1
923,10000923,Pedro Torres Delgado,910010923,pedro.torres.delgado50@gmail.com,Ca. Salazar 963,Cajamarca,2024-05-15,1,1
924,10000924,Elena Castro Flores,910010924,elena.castro.flores51@gmail.com,Ca. Cárdenas 843,Baños del Inca,2024-07-06,0,1
925,10000925,Luis Díaz Campos,910010925,,Jr. Puga 237,La Encañada,2023-04-01,0,1
926,10000926,Jorge Gonzales Puga,910010926,jorge.gonzales.puga53@gmail.com,Jr. Reyes 527,Cajamarca,2022-08-05,1,1
927,10000927,Sara Paredes Sánchez,910010927,sara.paredes.sanchez54@gmail.com,Av. Ibañez 420,Cajamarca,2022-06-18,1,1
928,10000928,Gladys Espinoza Campos,910010928,gladys.espinoza.campos55@gmail.com,Av. Reyes 407,Cajamarca,2022-10-24,1,1
929,10000929,Luis Flores Quispe,910010929,luis.flores.quispe56@gmail.com,Jr. Herrera 974,Cajamarca,2022-10-11,1,1
930,10000930,Rosa Alva Domínguez,910010930,rosa.alva.dominguez57@gmail.com,Jr. Becerra 653,Cajamarca,2025-07-14,1,1
931,10000931,Francisco Reyes Campos,910010931,francisco.reyes.campos58@gmail.com,Ca. Delgado 749,San Sebastián,2024-06-14,1,1
932,10000932,Ángela Cárdenas Paredes,910010932,angela.cardenas.paredes59@gmail.com,Jr. Silva 431,Cajamarca,2025-06-02,0,1
933,10000933,Fiorella Chávez Espinoza,910010933,fiorella.chavez.espinoza60@gmail.com,Jr. Contreras 147,Cajamarca,2024-02-23,1,1
934,10000934,Bruno Cárdenas Gonzales,910010934,bruno.cardenas.gonzales61@gmail.com,Ca. Rojas 873,Cajamarca,2024-02-23,1,1
935,10000935,Carmen Mendoza Ríos,,carmen.mendoza.rios62@gmail.com,Av. Sánchez 766,Cajamarca,2023-02-21,0,1
936,10000936,Juan Guerrero Puga,,juan.guerrero.puga63@gmail.com,Jr. Sánchez 203,Cajamarca,2022-09-18,1,1
937,10000937,Johana Quispe Delgado,910010937,johana.quispe.delgado64@gmail.com,Jr. Alva 322,San Sebastián,2022-05-16,1,1
938,10000938,Cecilia Salazar Soto,910010938,,Ca. Díaz 284,Llacanora,2024-08-16,1,1
939,10000939,Antonio Ríos Rojas,910010939,antonio.rios.rojas66@gmail.com,Ca. Fernández 713,Cajamarca,2023-04-05,0,1
940,10000940,Fernando Guevara Delgado,910010940,fernando.guevara.delgado67@gmail.com,Ca. Alva 710,Baños del Inca,2025-01-04,1,1
941,10000941,Rodrigo Morales Vega,910010941,rodrigo.morales.vega68@gmail.com,Ca. Campos 183,Baños del Inca,2024-08-06,0,1
942,10000942,Bruno Morales Ramos,910010942,bruno.morales.ramos69@gmail.com,Av. Guerrero 548,Cajamarca,2025-07-03,1,1
943,10000943,Pedro Cárdenas García,910010943,pedro.cardenas.garcia70@gmail.com,Jr. Cárdenas 909,Cajamarca,2024-05-17,0,1
944,10000944,Cecilia Herrera Campos,910010944,cecilia.herrera.campos71@gmail.com,Av. Vega 488,Porcón,2022-12-08,1,1
945,10000945,Gabriela Cárdenas Ibañez,910010945,,Jr. Delgado 818,Baños del Inca,2025-04-05,1,1
946,10000946,Raúl Alva Reyes,910010946,raul.alva.reyes73@gmail.com,Ca. Vega 933,Cajamarca,2024-12-16,1,1
947,10000947,Jorge Paredes Guevara,910010947,jorge.paredes.guevara74@gmail.com,Av. Ríos 785,Llacanora,2024-08-07,1,1
948,10000948,Luis Chávez Salazar,910010948,luis.chavez.salazar75@gmail.com,Ca. Altamirano 245,Cajamarca,2023-04-14,1,1
949,10000949,Valeria Ramos Altamirano,910010949,valeria.ramos.altamirano76@gmail.com,Av. Ibañez 390,Baños del Inca,2022-01-28,1,1
950,10000950,Ana Puga Campos,910010950,ana.puga.campos77@gmail.com,Jr. Altamirano 927,Cajamarca,2025-02-17,1,1
951,10000951,Johana Guevara Rojas,910010951,johana.guevara.rojas78@gmail.com,Ca. Tello 992,Cajamarca,2025-03-04,0,1
952,10000952,Manuel Delgado Tello,910010952,manuel.delgado.tello79@gmail.com,Jr. Contreras 914,Baños del Inca,2024-05-17,1,1
953,10000953,José Contreras Guevara,910010953,jose.contreras.guevara80@gmail.com,Ca. Gonzales 400,Cajamarca,2023-08-30,1,1
954,10000954,Juana Morales Reyes,910010954,juana.morales.reyes81@gmail.com,Av. Tello 442,San Sebastián,2022-10-06,1,1
955,10000955,Gladys Reyes Cruz,910010955,gladys.reyes.cruz82@gmail.com,Av. Torres 514,Cajamarca,2025-06-16,1,1
956,10000956,Marco Altamirano Díaz,910010956,marco.altamirano.diaz83@gmail.com,Jr. Soto 771,Cajamarca,2023-09-14,1,1
957,10000957,Roberto Mendoza Guerrero,910010957,roberto.mendoza.guerrero84@gmail.com,Jr. Guevara 968,San Sebastián,2023-12-31,1,1
958,10000958,Valeria Chávez Huamán,910010958,valeria.chavez.huaman85@gmail.com,Jr. Salazar 325,Cajamarca,2024-04-11,1,1
959,10000959,Paola Fernández Guevara,910010959,paola.fernandez.guevara86@gmail.com,Ca. García 631,Cajamarca,2023-08-15,1,1
960,10000960,Cecilia Herrera Silva,910010960,,Jr. Salazar 887,Cajamarca,2023-12-25,1,1
961,10000961,Daniela Ríos Alva,910010961,daniela.rios.alva88@gmail.com,Jr. Guevara 928,Cajamarca,2024-05-11,0,1
962,10000962,Gladys Becerra Salazar,910010962,gladys.becerra.salazar89@gmail.com,Av. Puga 980,Cajamarca,2022-09-23,1,1
963,10000963,Pedro Quispe Reyes,910010963,pedro.quispe.reyes90@gmail.com,Jr. Herrera 426,Cajamarca,2023-04-25,1,1
964,10000964,Juana Cruz Ramos,910010964,juana.cruz.ramos91@gmail.com,Av. Díaz 500,San Sebastián,2024-06-22,1,1
965,10000965,César Cruz Alva,910010965,cesar.cruz.alva92@gmail.com,Jr. Silva 324,Cajamarca,2024-01-23,1,1
966,10000966,Johana Díaz Espinoza,910010966,johana.diaz.espinoza93@gmail.com,Av. Espinoza 340,Cajamarca,2023-09-25,0,1
967,10000967,Sara Medina Tello,910010967,,Jr. Gonzales 514,Cajamarca,2024-11-26,1,1
968,10000968,Ricardo Paredes Becerra,910010968,ricardo.paredes.becerra95@gmail.com,Ca. Medina 703,Cajamarca,2022-02-07,1,1
969,10000969,Karin Quispe Contreras,910010969,karin.quispe.contreras96@gmail.com,Ca. Quispe 416,Cajamarca,2023-12-11,1,1
970,10000970,Renzo Torres Becerra,910010970,renzo.torres.becerra0@gmail.com,Av. Díaz 341,Cajamarca,2023-01-05,1,1
971,10000971,Cecilia Ibañez Domínguez,910010971,cecilia.ibanez.dominguez1@gmail.com,Ca. Alva 890,Baños del Inca,2022-11-13,1,1
972,10000972,Francisco López Ríos,910010972,francisco.lopez.rios2@gmail.com,Jr. Cárdenas 358,Baños del Inca,2022-02-10,1,1
973,10000973,Gabriela Silva Reyes,910010973,gabriela.silva.reyes3@gmail.com,Av. Domínguez 229,Cajamarca,2022-05-28,1,1
974,10000974,Bruno Torres Becerra,910010974,bruno.torres.becerra4@gmail.com,Av. Medina 986,Cajamarca,2025-02-21,1,1
975,10000975,Valeria Ramos Delgado,910010975,valeria.ramos.delgado5@gmail.com,Av. Silva 471,Cajamarca,2024-05-23,1,1
976,10000976,Gladys Silva Ríos,910010976,gladys.silva.rios6@gmail.com,Jr. Altamirano 691,Cajamarca,2023-03-28,1,1
977,10000977,Vilma Puga Jiménez,910010977,vilma.puga.jimenez7@gmail.com,Ca. Flores 793,Llacanora,2023-07-13,0,1
978,10000978,Andrea Herrera Soto,,andrea.herrera.soto8@gmail.com,Ca. López 928,Chetilla,2022-04-08,1,1
979,10000979,Eduardo Herrera Campos,910010979,eduardo.herrera.campos9@gmail.com,Ca. Ríos 779,Cajamarca,2022-11-22,1,1
980,10000980,Daniela Guevara Vega,910010980,daniela.guevara.vega10@gmail.com,Av. Domínguez 222,Cajamarca,2024-11-16,1,1
981,10000981,Yolanda López Mendoza,910010981,yolanda.lopez.mendoza11@gmail.com,Av. Díaz 661,San Sebastián,2024-02-28,1,1
982,10000982,Milagros Altamirano Fernández,910010982,milagros.altamirano.fernandez12@gmail.com,Av. Guevara 741,Cajamarca,2025-01-15,1,1
983,10000983,Jackeline Huamán Huamán,910010983,,Jr. Tello 808,San Sebastián,2024-02-04,1,1
984,10000984,Andrea Herrera Tello,910010984,andrea.herrera.tello14@gmail.com,Jr. López 506,Cajamarca,2022-11-16,1,1
985,10000985,Sebastián Ibañez Vega,910010985,sebastian.ibanez.vega15@gmail.com,Ca. Campos 438,Cajamarca,2024-02-01,1,1
986,10000986,Andrés Contreras Morales,910010986,andres.contreras.morales16@gmail.com,Av. Quispe 645,Cajamarca,2025-03-14,1,1
987,10000987,Alonso Domínguez Mendoza,910010987,,Ca. Becerra 607,Cajamarca,2025-03-13,1,1
988,10000988,Johana Espinoza Medina,910010988,johana.espinoza.medina18@gmail.com,Av. Puga 967,San Sebastián,2022-09-25,1,1
989,10000989,Ricardo Guevara Jiménez,910010989,ricardo.guevara.jimenez19@gmail.com,Jr. Contreras 483,Cajamarca,2025-01-26,1,1
990,10000990,Karin Espinoza Alva,910010990,karin.espinoza.alva20@gmail.com,Ca. Ramos 394,Cajamarca,2022-01-12,1,1
991,10000991,Manuel García Soto,910010991,manuel.garcia.soto21@gmail.com,Av. Becerra 773,Cajamarca,2024-06-13,1,1
992,10000992,Juan Gonzales Campos,910010992,juan.gonzales.campos22@gmail.com,Ca. Guerrero 930,Cajamarca,2022-02-20,1,1
993,10000993,Vilma Rojas Herrera,910010993,vilma.rojas.herrera23@gmail.com,Ca. Puga 355,Cajamarca,2022-07-26,1,1
994,10000994,Gabriela Soto Contreras,910010994,gabriela.soto.contreras24@gmail.com,Jr. Soto 423,Cajamarca,2024-09-29,1,1
995,10000995,Roberto García Flores,910010995,roberto.garcia.flores25@gmail.com,Ca. Becerra 416,Cajamarca,2022-01-17,0,1
996,10000996,Sebastián Salazar Espinoza,910010996,sebastian.salazar.espinoza26@gmail.com,Av. Sánchez 300,Cajamarca,2022-05-01,1,1
997,10000997,César Herrera Becerra,910010997,cesar.herrera.becerra27@gmail.com,Jr. Castro 585,Cajamarca,2024-06-18,1,1
998,10000998,Juana Puga Quispe,910010998,juana.puga.quispe28@gmail.com,Av. Becerra 377,Cajamarca,2022-02-11,1,1
999,10000999,Luis Becerra Becerra,910010999,,Jr. Gonzales 595,Cajamarca,2023-02-02,0,1
1000,10001000,Pedro Gonzales Guevara,910011000,pedro.gonzales.guevara30@gmail.com,Av. Ramos 248,Cajamarca,2023-05-08,0,1
1001,10001001,Gladys Rojas Cruz,910011001,gladys.rojas.cruz31@gmail.com,Av. Herrera 191,Baños del Inca,2024-08-19,1,1
1002,10001002,Valeria Domínguez Espinoza,910011002,,Jr. García 938,Cajamarca,2025-03-21,1,1
1003,10001003,Milagros Paredes Guerrero,910011003,milagros.paredes.guerrero33@gmail.com,Jr. Herrera 944,Cajamarca,2024-12-24,1,1
1004,10001004,Andrea Guevara García,910011004,andrea.guevara.garcia34@gmail.com,Ca. Ibañez 563,Porcón,2024-12-24,1,1
1005,10001005,Raúl Gonzales Medina,910011005,raul.gonzales.medina35@gmail.com,Ca. Ríos 315,San Sebastián,2022-12-31,0,1
1006,10001006,Patricia Alva Domínguez,910011006,patricia.alva.dominguez36@gmail.com,Av. Silva 878,Cajamarca,2023-04-02,1,1
1007,10001007,Paola Espinoza Ramos,,paola.espinoza.ramos37@gmail.com,Ca. Ibañez 627,Cajamarca,2023-04-07,1,1
1008,10001008,Karin Contreras Gonzales,910011008,karin.contreras.gonzales38@gmail.com,Ca. Altamirano 939,San Sebastián,2023-06-28,1,1
1009,10001009,Francisco Contreras Cárdenas,910011009,francisco.contreras.cardenas39@gmail.com,Ca. Vega 790,Cajamarca,2022-05-03,1,1
1010,10001010,Ana Fernández Díaz,910011010,ana.fernandez.diaz40@gmail.com,Ca. Flores 603,Cajamarca,2024-08-17,1,1
1011,10001011,Patricia Tello Castro,910011011,patricia.tello.castro41@gmail.com,Av. Vargas 510,San Sebastián,2024-01-11,1,1
1012,10001012,Gladys Medina Campos,910011012,gladys.medina.campos42@gmail.com,Jr. Quispe 302,Cajamarca,2024-06-15,1,1
1013,10001013,Alonso Ramos Altamirano,910011013,alonso.ramos.altamirano43@gmail.com,Ca. Morales 289,Cajamarca,2023-10-13,1,1
1014,10001014,Antonio Delgado Rojas,910011014,antonio.delgado.rojas44@gmail.com,Av. Espinoza 421,Cajamarca,2022-12-10,1,1
1015,10001015,Patricia Guerrero Paredes,910011015,,Ca. Medina 802,San Sebastián,2023-07-16,1,1
1016,10001016,Eduardo Quispe Morales,910011016,eduardo.quispe.morales46@gmail.com,Av. Díaz 990,Baños del Inca,2023-11-09,1,1
1017,10001017,Rodrigo López Cruz,910011017,,Jr. García 862,San Sebastián,2022-05-06,1,1
1018,10001018,Lucía Altamirano Guerrero,910011018,lucia.altamirano.guerrero48@gmail.com,Ca. Morales 262,Cajamarca,2024-05-03,1,1
1019,10001019,Milagros Espinoza Cárdenas,910011019,milagros.espinoza.cardenas49@gmail.com,Jr. Chávez 370,Cajamarca,2023-06-13,0,1
1020,10001020,Juana Cruz Paredes,910011020,juana.cruz.paredes50@gmail.com,Av. Vega 457,Cajamarca,2024-09-17,1,1
1021,10001021,Ángela García Sánchez,910011021,angela.garcia.sanchez51@gmail.com,Av. Alva 887,Cajamarca,2023-08-30,0,1
1022,10001022,Ricardo Contreras Ríos,910011022,ricardo.contreras.rios52@gmail.com,Ca. Vargas 502,Cajamarca,2024-05-14,1,1
1023,10001023,María Guerrero Vega,910011023,maria.guerrero.vega53@gmail.com,Av. Vargas 543,Cajamarca,2025-01-26,1,1
1024,10001024,Álvaro Quispe Sánchez,910011024,alvaro.quispe.sanchez54@gmail.com,Av. Altamirano 243,Cajamarca,2023-12-24,1,1
1025,10001025,Jackeline Alva Mendoza,910011025,jackeline.alva.mendoza55@gmail.com,Jr. Ramos 708,Cajamarca,2024-02-29,1,1
1026,10001026,María López Vega,910011026,maria.lopez.vega56@gmail.com,Jr. Puga 971,Jesús,2024-05-03,1,1
1027,10001027,Karin Mendoza Soto,910011027,karin.mendoza.soto57@gmail.com,Ca. Ibañez 205,Cajamarca,2024-04-27,1,1
1028,10001028,César Espinoza García,910011028,cesar.espinoza.garcia58@gmail.com,Av. Guevara 349,Cajamarca,2024-10-13,1,1
1029,10001029,Luis Silva Altamirano,910011029,luis.silva.altamirano59@gmail.com,Av. Rojas 490,Cajamarca,2023-04-14,1,1
1030,10001030,Carlos López Flores,910011030,carlos.lopez.flores60@gmail.com,Jr. García 713,Cajamarca,2022-01-16,1,1
1031,10001031,Marco Fernández Mendoza,910011031,marco.fernandez.mendoza61@gmail.com,Av. Reyes 117,Cajamarca,2023-12-25,1,1
1032,10001032,Gabriela Vargas Quispe,910011032,gabriela.vargas.quispe62@gmail.com,Ca. Guevara 805,Cajamarca,2022-09-23,1,1
1033,10001033,Patricia Ibañez Rojas,910011033,patricia.ibanez.rojas63@gmail.com,Ca. Medina 448,San Sebastián,2025-05-10,1,1
1034,10001034,Álvaro García Delgado,,alvaro.garcia.delgado64@gmail.com,Av. Reyes 689,Baños del Inca,2022-07-01,1,1
1035,10001035,Álvaro Cruz Fernández,910011035,alvaro.cruz.fernandez65@gmail.com,Ca. Mendoza 104,Jesús,2023-10-14,1,1
1036,10001036,Luis Quispe Contreras,910011036,luis.quispe.contreras66@gmail.com,Av. Quispe 859,Cajamarca,2022-01-13,1,1
1037,10001037,Joaquín Delgado Quispe,910011037,,Av. Becerra 831,Cajamarca,2025-06-24,1,1
1038,10001038,Renzo Torres Medina,910011038,renzo.torres.medina68@gmail.com,Ca. Cárdenas 795,Cajamarca,2024-04-07,1,1
1039,10001039,Ana Fernández Sánchez,910011039,ana.fernandez.sanchez69@gmail.com,Jr. Rojas 236,Cajamarca,2025-03-30,1,1
1040,10001040,Francisco Reyes Becerra,910011040,francisco.reyes.becerra70@gmail.com,Av. Rojas 527,Cajamarca,2022-04-06,1,1
1041,10001041,Ángela Cruz Campos,910011041,angela.cruz.campos71@gmail.com,Av. Vega 415,Cajamarca,2022-11-09,1,1
1042,10001042,Marco Flores Sánchez,910011042,marco.flores.sanchez72@gmail.com,Av. Ibañez 144,Cajamarca,2024-12-03,1,1
1043,10001043,Paola Salazar Paredes,910011043,paola.salazar.paredes73@gmail.com,Ca. Espinoza 212,Cajamarca,2024-10-22,1,1
1044,10001044,Fernando Delgado Vega,910011044,fernando.delgado.vega74@gmail.com,Av. Guerrero 673,Cajamarca,2022-04-01,1,1
1045,10001045,Jorge Reyes Cruz,910011045,jorge.reyes.cruz75@gmail.com,Ca. Ibañez 584,Cajamarca,2024-10-02,1,1
1046,10001046,Ricardo Domínguez Chávez,910011046,ricardo.dominguez.chavez76@gmail.com,Jr. López 348,San Sebastián,2024-02-20,1,1
1047,10001047,Gabriela Gonzales Altamirano,910011047,,Ca. Delgado 728,Cajamarca,2023-06-30,1,1
1048,10001048,Rodrigo Soto Becerra,910011048,rodrigo.soto.becerra78@gmail.com,Ca. Espinoza 179,Cajamarca,2024-08-08,1,1
1049,10001049,Pedro Tello Silva,910011049,,Av. Ríos 969,San Sebastián,2024-04-27,1,1
1050,10001050,Ángela Flores Cruz,910011050,angela.flores.cruz80@gmail.com,Jr. Cárdenas 434,Cajamarca,2023-01-23,1,1
1051,10001051,Raúl Mendoza Silva,910011051,raul.mendoza.silva81@gmail.com,Ca. Chávez 863,Porcón,2024-09-04,1,1
1052,10001052,Miguel Fernández Medina,910011052,miguel.fernandez.medina82@gmail.com,Jr. Huamán 687,Cajamarca,2024-02-24,1,1
1053,10001053,Diego Paredes Salazar,910011053,diego.paredes.salazar83@gmail.com,Jr. Vega 692,Cajamarca,2024-03-15,0,1
1054,10001054,Paola Alva Campos,910011054,paola.alva.campos84@gmail.com,Ca. Flores 528,Baños del Inca,2023-03-11,1,1
1055,10001055,Alonso Soto Campos,910011055,alonso.soto.campos85@gmail.com,Av. Rojas 342,Cajamarca,2022-12-31,1,1
1056,10001056,Claudia Domínguez Díaz,910011056,,Ca. Domínguez 920,San Sebastián,2024-11-23,1,1
1057,10001057,Álvaro Morales Herrera,910011057,alvaro.morales.herrera87@gmail.com,Ca. Castro 913,Jesús,2023-08-07,1,1
1058,10001058,José Contreras Huamán,910011058,jose.contreras.huaman88@gmail.com,Jr. Morales 134,Cajamarca,2025-07-06,1,1
1059,10001059,Lucía Chávez Morales,910011059,lucia.chavez.morales89@gmail.com,Av. Herrera 529,Cajamarca,2025-06-17,1,1
1060,10001060,Sara Soto Delgado,910011060,sara.soto.delgado90@gmail.com,Jr. Espinoza 300,Cajamarca,2024-12-01,1,1
1061,10001061,Antonio Torres Mendoza,910011061,antonio.torres.mendoza91@gmail.com,Av. Contreras 986,Baños del Inca,2024-05-07,1,1
1062,10001062,Yolanda Guevara Ríos,910011062,yolanda.guevara.rios92@gmail.com,Av. Herrera 632,Baños del Inca,2024-07-08,0,1
1063,10001063,Álvaro Jiménez Torres,910011063,alvaro.jimenez.torres93@gmail.com,Av. Cárdenas 670,Cajamarca,2025-01-10,0,1
1064,10001064,Andrés Fernández Delgado,910011064,andres.fernandez.delgado94@gmail.com,Av. Altamirano 762,Llacanora,2023-12-12,1,1
1065,10001065,Renzo Puga Reyes,910011065,renzo.puga.reyes95@gmail.com,Ca. Cárdenas 186,Cajamarca,2024-06-13,0,1
1066,10001066,Carmen López Vega,910011066,carmen.lopez.vega96@gmail.com,Ca. Huamán 776,Cajamarca,2024-04-12,1,1
1067,10001067,Marco Espinoza Vega,910011067,marco.espinoza.vega0@gmail.com,Av. Mendoza 656,Cajamarca,2025-04-04,1,1
1068,10001068,Renzo Rojas Rojas,910011068,renzo.rojas.rojas1@gmail.com,Av. Ibañez 952,Cajamarca,2023-07-25,1,1
1069,10001069,Juana Reyes Jiménez,910011069,juana.reyes.jimenez2@gmail.com,Jr. Ibañez 507,La Encañada,2024-03-19,1,1
1070,10001070,Ángela Silva Silva,910011070,angela.silva.silva3@gmail.com,Ca. Cárdenas 825,Cajamarca,2023-01-11,1,1
1071,10001071,César Guevara García,910011071,cesar.guevara.garcia4@gmail.com,Av. Espinoza 150,Cajamarca,2022-10-05,1,1
1072,10001072,Alonso Espinoza Guerrero,910011072,alonso.espinoza.guerrero5@gmail.com,Ca. Gonzales 815,Cajamarca,2022-02-14,1,1
1073,10001073,Antonio Medina Domínguez,910011073,antonio.medina.dominguez6@gmail.com,Jr. Puga 511,Cajamarca,2024-07-17,1,1
1074,10001074,Raúl Quispe Soto,910011074,raul.quispe.soto7@gmail.com,Ca. Díaz 986,Cajamarca,2023-07-06,0,1
1075,10001075,María Guevara Torres,910011075,maria.guevara.torres8@gmail.com,Ca. Salazar 710,Cajamarca,2022-04-29,1,1
1076,10001076,Valeria Altamirano Ibañez,910011076,valeria.altamirano.ibanez9@gmail.com,Av. Alva 414,Baños del Inca,2024-12-25,1,1
1077,10001077,Yolanda Altamirano Torres,910011077,yolanda.altamirano.torres10@gmail.com,Jr. Puga 577,Porcón,2022-04-02,1,1
1078,10001078,Yolanda Gonzales Alva,,,Ca. Soto 853,Porcón,2025-05-09,1,1
1079,10001079,Cecilia Ríos Medina,910011079,cecilia.rios.medina12@gmail.com,Ca. Espinoza 686,Cajamarca,2022-09-25,1,1
1080,10001080,Andrés Gonzales Díaz,910011080,andres.gonzales.diaz13@gmail.com,Jr. Tello 918,Cajamarca,2022-02-15,1,1
1081,10001081,Eduardo Vargas Puga,910011081,eduardo.vargas.puga14@gmail.com,Jr. Mendoza 693,Jesús,2025-03-06,0,1
1082,10001082,Jackeline Quispe Ramos,910011082,jackeline.quispe.ramos15@gmail.com,Jr. López 284,Cajamarca,2023-10-21,1,1
1083,10001083,Gabriela Sánchez Salazar,910011083,gabriela.sanchez.salazar16@gmail.com,Jr. Quispe 934,Cajamarca,2024-01-12,1,1
1084,10001084,Claudia Chávez Huamán,910011084,claudia.chavez.huaman17@gmail.com,Av. López 623,Cajamarca,2023-06-24,1,1
1085,10001085,Diego Mendoza Ríos,910011085,diego.mendoza.rios18@gmail.com,Av. López 670,Cajamarca,2024-03-05,1,1
1086,10001086,Rodrigo Altamirano García,910011086,rodrigo.altamirano.garcia19@gmail.com,Ca. Sánchez 348,Cajamarca,2024-10-02,1,1
1087,10001087,Carmen Ibañez Delgado,910011087,carmen.ibanez.delgado20@gmail.com,Ca. Sánchez 513,Cajamarca,2025-02-14,1,1
1088,10001088,Daniela Torres Ríos,910011088,daniela.torres.rios21@gmail.com,Ca. Silva 159,Cajamarca,2025-02-14,1,1
1089,10001089,Roberto Reyes Flores,910011089,,Av. Quispe 350,Cajamarca,2024-04-27,1,1
1090,10001090,Alonso Contreras Herrera,910011090,alonso.contreras.herrera23@gmail.com,Jr. Jiménez 994,Cajamarca,2024-01-08,1,1
1091,10001091,Manuel García Chávez,910011091,,Jr. Fernández 853,Cajamarca,2022-05-22,1,1
1092,10001092,Diego López Castro,910011092,diego.lopez.castro25@gmail.com,Ca. Ríos 976,Cajamarca,2023-05-20,1,1
1093,10001093,Rosa Flores Silva,910011093,rosa.flores.silva26@gmail.com,Jr. Torres 922,Cajamarca,2023-10-15,1,1
1094,10001094,Antonio Díaz Torres,910011094,antonio.diaz.torres27@gmail.com,Av. Fernández 347,Cajamarca,2024-06-09,1,1
1095,10001095,María Rojas Díaz,910011095,maria.rojas.diaz28@gmail.com,Ca. Castro 294,Baños del Inca,2022-08-17,1,1
1096,10001096,Patricia Paredes Reyes,910011096,patricia.paredes.reyes29@gmail.com,Ca. Quispe 166,Cajamarca,2022-04-23,1,1
1097,10001097,Sara Campos Morales,910011097,sara.campos.morales30@gmail.com,Jr. Chávez 578,Baños del Inca,2024-07-01,1,1
1098,10001098,Diego Becerra Huamán,910011098,diego.becerra.huaman31@gmail.com,Jr. Herrera 885,Cajamarca,2023-12-24,1,1
1099,10001099,Karin López Guerrero,910011099,karin.lopez.guerrero32@gmail.com,Ca. Torres 394,Cajamarca,2023-02-16,1,1
1100,10001100,Raúl Cárdenas Paredes,910011100,raul.cardenas.paredes33@gmail.com,Av. Rojas 612,Cajamarca,2023-08-31,1,1
1101,10001101,Paola López Domínguez,910011101,paola.lopez.dominguez34@gmail.com,Jr. Tello 401,Cajamarca,2023-05-17,1,1
1102,10001102,Ricardo Ríos Ibañez,910011102,ricardo.rios.ibanez35@gmail.com,Av. Puga 776,Cajamarca,2024-02-26,1,1
1103,10001103,Carlos Becerra Flores,910011103,carlos.becerra.flores36@gmail.com,Av. Cruz 937,Cajamarca,2025-02-12,0,1
1104,10001104,Renzo Flores López,910011104,renzo.flores.lopez37@gmail.com,Av. Paredes 573,Baños del Inca,2024-06-19,1,1
1105,10001105,César Delgado Vega,910011105,cesar.delgado.vega38@gmail.com,Ca. Ríos 443,Porcón,2025-03-16,1,1
1106,10001106,Yolanda Chávez Campos,910011106,yolanda.chavez.campos39@gmail.com,Av. Castro 105,Cajamarca,2022-10-27,1,1
1107,10001107,Patricia López Guevara,910011107,patricia.lopez.guevara40@gmail.com,Av. Domínguez 679,Cajamarca,2025-04-11,1,1
1108,10001108,Karin Sánchez Cárdenas,910011108,karin.sanchez.cardenas41@gmail.com,Ca. López 890,Cajamarca,2024-06-07,1,1
1109,10001109,Vilma Jiménez Guerrero,910011109,vilma.jimenez.guerrero42@gmail.com,Av. Flores 577,San Sebastián,2024-08-26,1,1
1110,10001110,Elena Cruz García,910011110,elena.cruz.garcia43@gmail.com,Jr. Contreras 557,Cajamarca,2023-08-15,1,1
1111,10001111,Paola Cruz Ibañez,910011111,paola.cruz.ibanez44@gmail.com,Ca. Vargas 467,Cajamarca,2024-09-29,1,1
1112,10001112,Raúl Guevara Cruz,910011112,raul.guevara.cruz45@gmail.com,Jr. Mendoza 577,Cajamarca,2024-11-23,1,1
1113,10001113,Vilma Flores Ibañez,910011113,vilma.flores.ibanez46@gmail.com,Ca. Paredes 436,Cajamarca,2024-01-30,1,1
1114,10001114,Rodrigo Torres Cruz,910011114,rodrigo.torres.cruz47@gmail.com,Av. Quispe 141,San Sebastián,2024-04-24,0,1
1115,10001115,Fiorella Silva Salazar,910011115,fiorella.silva.salazar48@gmail.com,Jr. Medina 282,Llacanora,2023-10-20,1,1
1116,10001116,Alonso Sánchez Ibañez,910011116,alonso.sanchez.ibanez49@gmail.com,Jr. Huamán 336,Cajamarca,2024-04-20,0,1
1117,10001117,Renzo Ramos Fernández,,renzo.ramos.fernandez50@gmail.com,Av. Díaz 114,Cajamarca,2022-10-11,0,1
1118,10001118,Yolanda Torres Altamirano,910011118,yolanda.torres.altamirano51@gmail.com,Ca. Campos 553,Cajamarca,2023-10-08,1,1
1119,10001119,Vilma Domínguez Huamán,910011119,vilma.dominguez.huaman52@gmail.com,Jr. Delgado 354,Cajamarca,2022-02-05,1,1
1120,10001120,Paola López Flores,910011120,paola.lopez.flores53@gmail.com,Av. Guerrero 987,Llacanora,2024-03-03,1,1
1121,10001121,Gabriela Huamán Sánchez,910011121,gabriela.huaman.sanchez54@gmail.com,Ca. Guevara 773,San Sebastián,2025-03-28,0,1
1122,10001122,Karin Medina Ramos,,,Ca. Paredes 348,Cajamarca,2025-03-03,1,1
1123,10001123,Carlos García Guerrero,910011123,carlos.garcia.guerrero56@gmail.com,Av. Vega 460,Cajamarca,2023-11-05,1,1
1124,10001124,Valeria Becerra Salazar,910011124,valeria.becerra.salazar57@gmail.com,Ca. Soto 283,Cajamarca,2023-08-26,1,1
1125,10001125,José Silva Sánchez,910011125,jose.silva.sanchez58@gmail.com,Av. Puga 202,San Sebastián,2024-02-29,1,1
1126,10001126,Juana Guerrero Alva,910011126,juana.guerrero.alva59@gmail.com,Ca. Espinoza 338,Cajamarca,2022-02-17,1,1
1127,10001127,Yolanda Guerrero Becerra,910011127,yolanda.guerrero.becerra60@gmail.com,Jr. Espinoza 448,Cajamarca,2025-05-06,1,1
1128,10001128,Andrea Guevara Becerra,910011128,andrea.guevara.becerra61@gmail.com,Jr. Espinoza 955,Cajamarca,2024-12-30,1,1
1129,10001129,Francisco Ibañez Ríos,910011129,francisco.ibanez.rios62@gmail.com,Av. Puga 862,Cajamarca,2025-03-10,1,1
1130,10001130,Sara Espinoza Cruz,910011130,sara.espinoza.cruz63@gmail.com,Jr. Altamirano 347,Cajamarca,2024-04-11,1,1
1131,10001131,Juana García Ríos,910011131,juana.garcia.rios64@gmail.com,Ca. Castro 212,Cajamarca,2024-11-16,1,1
1132,10001132,César Becerra Tello,910011132,cesar.becerra.tello65@gmail.com,Av. Jiménez 979,Cajamarca,2023-10-16,0,1
1133,10001133,Alonso Chávez Fernández,910011133,alonso.chavez.fernandez66@gmail.com,Av. Torres 891,Baños del Inca,2022-11-21,1,1
1134,10001134,Paola Domínguez Delgado,910011134,paola.dominguez.delgado67@gmail.com,Jr. Soto 890,Cajamarca,2023-12-27,1,1
1135,10001135,Karin Salazar Mendoza,910011135,karin.salazar.mendoza68@gmail.com,Ca. Vargas 867,Cajamarca,2024-06-15,1,1
1136,10001136,César Delgado García,910011136,cesar.delgado.garcia69@gmail.com,Jr. Mendoza 267,San Sebastián,2023-05-10,1,1
1137,10001137,Gabriela Domínguez Guerrero,910011137,gabriela.dominguez.guerrero70@gmail.com,Ca. Reyes 924,Cajamarca,2024-07-13,1,1
1138,10001138,Antonio Silva Sánchez,910011138,antonio.silva.sanchez71@gmail.com,Ca. Alva 478,Cajamarca,2022-12-16,1,1
1139,10001139,Antonio Fernández Chávez,910011139,antonio.fernandez.chavez72@gmail.com,Jr. Silva 897,Cajamarca,2024-04-10,0,1
1140,10001140,Andrés García Chávez,910011140,andres.garcia.chavez73@gmail.com,Ca. Tello 609,Cajamarca,2022-05-04,1,1
1141,10001141,Diego Altamirano Salazar,910011141,diego.altamirano.salazar74@gmail.com,Av. Espinoza 194,Baños del Inca,2024-02-09,1,1
1142,10001142,Sebastián López Morales,910011142,sebastian.lopez.morales75@gmail.com,Ca. Quispe 734,Cajamarca,2024-04-25,1,1
1143,10001143,Lucía Ramos Guevara,910011143,lucia.ramos.guevara76@gmail.com,Jr. Contreras 756,Cajamarca,2024-09-16,0,1
1144,10001144,Andrés Becerra Cruz,910011144,andres.becerra.cruz77@gmail.com,Ca. Becerra 407,Cajamarca,2025-02-22,1,1
1145,10001145,Andrés Puga Gonzales,910011145,andres.puga.gonzales78@gmail.com,Av. Medina 849,Cajamarca,2023-04-06,1,1
1146,10001146,Gladys Campos Reyes,910011146,gladys.campos.reyes79@gmail.com,Av. Campos 456,Baños del Inca,2022-12-13,0,1
1147,10001147,Claudia Sánchez Alva,910011147,claudia.sanchez.alva80@gmail.com,Ca. Flores 743,Cajamarca,2022-08-13,0,1
1148,10001148,Roberto Mendoza Reyes,910011148,roberto.mendoza.reyes81@gmail.com,Av. Delgado 224,Cajamarca,2022-06-05,1,1
1149,10001149,Paola Tello Rojas,910011149,paola.tello.rojas82@gmail.com,Jr. Díaz 238,Cajamarca,2023-07-14,0,1
1150,10001150,Carlos Delgado Ríos,910011150,carlos.delgado.rios83@gmail.com,Jr. Díaz 112,Llacanora,2025-07-05,0,1
1151,10001151,Joaquín Paredes Morales,910011151,joaquin.paredes.morales84@gmail.com,Av. Cárdenas 696,Cajamarca,2022-05-13,1,1
1152,10001152,Luis Flores Delgado,910011152,luis.flores.delgado85@gmail.com,Jr. Guerrero 196,Chetilla,2022-08-05,1,1
1153,10001153,Karin Espinoza Campos,910011153,,Av. Guevara 699,Cajamarca,2025-04-16,1,1
1154,10001154,Miguel Morales Herrera,910011154,miguel.morales.herrera87@gmail.com,Ca. López 219,Cajamarca,2023-06-26,0,1
1155,10001155,Yolanda Quispe Cárdenas,910011155,yolanda.quispe.cardenas88@gmail.com,Jr. Domínguez 774,Cajamarca,2025-03-15,1,1
1156,10001156,César Campos Gonzales,910011156,cesar.campos.gonzales89@gmail.com,Av. Guevara 428,Cajamarca,2022-12-28,1,1
1157,10001157,Johana Altamirano Chávez,910011157,johana.altamirano.chavez90@gmail.com,Ca. Fernández 863,Cajamarca,2022-08-11,1,1
1158,10001158,Yolanda Contreras García,910011158,yolanda.contreras.garcia91@gmail.com,Ca. Díaz 728,Cajamarca,2024-10-08,1,1
1159,10001159,Joaquín Vega Fernández,910011159,joaquin.vega.fernandez92@gmail.com,Jr. Cárdenas 567,Cajamarca,2024-08-25,1,1
1160,10001160,Johana Soto Flores,910011160,johana.soto.flores93@gmail.com,Jr. Huamán 356,Cajamarca,2025-06-14,1,1
1161,10001161,Ricardo Campos García,,ricardo.campos.garcia94@gmail.com,Av. Torres 345,Llacanora,2022-04-13,0,1
1162,10001162,Lucía Tello Campos,910011162,lucia.tello.campos95@gmail.com,Ca. Puga 613,Cajamarca,2024-08-28,1,1
1163,10001163,Jackeline Gonzales Rojas,910011163,,Jr. Quispe 832,Cajamarca,2023-02-24,1,1
1164,10001164,Luis Huamán Medina,,luis.huaman.medina0@gmail.com,Jr. Salazar 479,Cajamarca,2024-08-02,1,1
1165,10001165,Roberto Guevara Vargas,910011165,roberto.guevara.vargas1@gmail.com,Ca. Tello 757,Cajamarca,2025-06-30,1,1
1166,10001166,Daniela Guerrero Salazar,910011166,daniela.guerrero.salazar2@gmail.com,Jr. Díaz 562,Cajamarca,2024-11-16,1,1
1167,10001167,Patricia Ibañez Reyes,910011167,,Jr. Torres 706,Cajamarca,2023-01-06,1,1
1168,10001168,Daniela Jiménez Guerrero,910011168,daniela.jimenez.guerrero4@gmail.com,Ca. Mendoza 258,Cajamarca,2023-10-08,0,1
1169,10001169,Francisco Campos Cruz,910011169,francisco.campos.cruz5@gmail.com,Jr. Torres 131,Baños del Inca,2023-12-29,1,1
1170,10001170,Yolanda López Vega,910011170,yolanda.lopez.vega6@gmail.com,Ca. Vargas 219,Cajamarca,2024-03-04,1,1
1171,10001171,Roberto Gonzales Ríos,910011171,roberto.gonzales.rios7@gmail.com,Ca. Cruz 733,Baños del Inca,2023-09-22,1,1
1172,10001172,Roberto Quispe Ibañez,910011172,roberto.quispe.ibanez8@gmail.com,Ca. García 609,Cajamarca,2024-09-15,1,1
1173,10001173,Claudia Cárdenas Becerra,910011173,claudia.cardenas.becerra9@gmail.com,Ca. Fernández 134,Baños del Inca,2022-01-31,1,1
1174,10001174,Rodrigo Rojas Guerrero,910011174,rodrigo.rojas.guerrero10@gmail.com,Av. Salazar 320,San Sebastián,2023-12-05,1,1
1175,10001175,Sebastián Quispe Reyes,910011175,sebastian.quispe.reyes11@gmail.com,Jr. Mendoza 542,Jesús,2025-03-12,0,1
1176,10001176,Juan Castro Castro,910011176,juan.castro.castro12@gmail.com,Av. Becerra 254,Baños del Inca,2022-06-16,1,1
1177,10001177,Andrés Huamán López,910011177,,Av. Rojas 939,Cajamarca,2023-02-13,0,1
1178,10001178,Valeria Chávez Herrera,910011178,valeria.chavez.herrera14@gmail.com,Av. Reyes 652,Cajamarca,2024-09-05,0,1
1179,10001179,Nancy Delgado Flores,910011179,nancy.delgado.flores15@gmail.com,Av. Ibañez 408,Baños del Inca,2024-02-05,1,1
1180,10001180,Elena Alva Vega,910011180,elena.alva.vega16@gmail.com,Jr. Salazar 805,Cajamarca,2022-11-22,1,1
1181,10001181,Bruno Cruz Alva,910011181,bruno.cruz.alva17@gmail.com,Av. Ibañez 931,Baños del Inca,2022-10-13,1,1
1182,10001182,Alonso Torres Jiménez,,alonso.torres.jimenez18@gmail.com,Jr. Vargas 855,Baños del Inca,2022-03-01,1,1
1183,10001183,Carlos Salazar Silva,910011183,carlos.salazar.silva19@gmail.com,Jr. García 349,San Sebastián,2022-05-07,0,1
1184,10001184,Ana Díaz Guerrero,,ana.diaz.guerrero20@gmail.com,Av. Rojas 642,Cajamarca,2022-02-22,0,1
1185,10001185,Juan Contreras Medina,910011185,juan.contreras.medina21@gmail.com,Ca. Gonzales 655,Cajamarca,2024-04-26,0,1
1186,10001186,Renzo Tello Altamirano,910011186,renzo.tello.altamirano22@gmail.com,Ca. García 335,Baños del Inca,2025-02-19,0,1
1187,10001187,Sara Quispe Ríos,910011187,sara.quispe.rios23@gmail.com,Jr. Vega 754,Cajamarca,2022-07-21,1,1
1188,10001188,Alonso Alva Mendoza,910011188,alonso.alva.mendoza24@gmail.com,Av. López 756,Cajamarca,2022-01-02,1,1
1189,10001189,Diego García Soto,910011189,diego.garcia.soto25@gmail.com,Av. Paredes 666,Cajamarca,2025-05-28,0,1
1190,10001190,Vilma Gonzales Ramos,910011190,vilma.gonzales.ramos26@gmail.com,Av. Mendoza 619,Cajamarca,2023-10-23,1,1
1191,10001191,Vilma Altamirano Torres,910011191,vilma.altamirano.torres27@gmail.com,Ca. Castro 562,Cajamarca,2024-01-25,1,1
1192,10001192,Andrés Espinoza Alva,,andres.espinoza.alva28@gmail.com,Av. Sánchez 263,Cajamarca,2025-01-18,1,1
1193,10001193,Gladys Soto Cruz,910011193,gladys.soto.cruz29@gmail.com,Jr. Cruz 824,Cajamarca,2024-09-02,1,1
1194,10001194,Antonio Mendoza García,910011194,antonio.mendoza.garcia30@gmail.com,Ca. Sánchez 669,Cajamarca,2025-07-03,1,1
1195,10001195,Álvaro Vega Paredes,910011195,alvaro.vega.paredes31@gmail.com,Ca. Alva 582,Cajamarca,2025-07-06,1,1
1196,10001196,Ángela Castro Díaz,910011196,angela.castro.diaz32@gmail.com,Av. Tello 330,Cajamarca,2024-08-30,1,1
1197,10001197,Carlos Huamán Salazar,910011197,carlos.huaman.salazar33@gmail.com,Ca. Alva 432,Cajamarca,2024-10-27,0,1
1198,10001198,Carlos Puga Puga,910011198,carlos.puga.puga34@gmail.com,Av. Ramos 428,Cajamarca,2024-12-20,1,1
1199,10001199,Elena Contreras Guerrero,910011199,elena.contreras.guerrero35@gmail.com,Jr. Huamán 633,Cajamarca,2022-09-20,1,1
1200,10001200,Álvaro Rojas Espinoza,910011200,alvaro.rojas.espinoza36@gmail.com,Av. Tello 538,Cajamarca,2023-08-16,1,1
1201,10001201,Patricia Ibañez Ramos,910011201,,Av. Mendoza 478,Cajamarca,2023-05-28,0,1
1202,10001202,Jorge García Ibañez,910011202,jorge.garcia.ibanez38@gmail.com,Ca. Campos 797,Baños del Inca,2022-07-28,1,1
1203,10001203,Luis Vega Ramos,910011203,,Av. Guevara 794,Cajamarca,2023-03-20,1,1
1204,10001204,Valeria Tello García,910011204,valeria.tello.garcia40@gmail.com,Jr. Díaz 571,Cajamarca,2024-04-28,1,1
1205,10001205,Fiorella Castro Díaz,910011205,fiorella.castro.diaz41@gmail.com,Ca. Salazar 142,Cajamarca,2024-04-13,1,1
1206,10001206,Ana Guerrero Contreras,910011206,ana.guerrero.contreras42@gmail.com,Av. Delgado 129,Cajamarca,2025-06-17,1,1
1207,10001207,Rodrigo Fernández Ríos,910011207,,Jr. Vega 441,Baños del Inca,2023-09-25,1,1
1208,10001208,Joaquín Castro Espinoza,910011208,joaquin.castro.espinoza44@gmail.com,Ca. Medina 654,Cajamarca,2024-10-30,1,1
1209,10001209,Gladys Herrera Tello,910011209,gladys.herrera.tello45@gmail.com,Jr. Huamán 621,Llacanora,2022-05-21,0,1
1210,10001210,Renzo Salazar Soto,910011210,renzo.salazar.soto46@gmail.com,Jr. Guerrero 247,Jesús,2024-06-16,0,1
1211,10001211,Manuel Chávez Soto,910011211,manuel.chavez.soto47@gmail.com,Ca. Castro 332,Cajamarca,2022-03-20,0,1
1212,10001212,Jorge Paredes Medina,910011212,jorge.paredes.medina48@gmail.com,Ca. Domínguez 235,Cajamarca,2023-09-16,1,1
1213,10001213,Eduardo Tello Contreras,910011213,eduardo.tello.contreras49@gmail.com,Av. Alva 181,Cajamarca,2025-05-29,0,1
1214,10001214,Diego Chávez Ramos,910011214,diego.chavez.ramos50@gmail.com,Jr. Ríos 826,Cajamarca,2023-08-26,1,1
1215,10001215,Elena Morales Ramos,910011215,elena.morales.ramos51@gmail.com,Ca. Medina 992,Cajamarca,2023-03-15,1,1
1216,10001216,Rodrigo Contreras Puga,910011216,rodrigo.contreras.puga52@gmail.com,Av. Guevara 443,San Sebastián,2023-07-19,1,1
1217,10001217,Karin Espinoza Gonzales,910011217,karin.espinoza.gonzales53@gmail.com,Ca. Cárdenas 915,Cajamarca,2025-05-21,0,1
1218,10001218,Ricardo Paredes Cruz,910011218,ricardo.paredes.cruz54@gmail.com,Ca. Castro 473,Cajamarca,2022-02-26,0,1
1219,10001219,Lucía Contreras Domínguez,910011219,lucia.contreras.dominguez55@gmail.com,Av. García 115,Cajamarca,2022-01-30,1,1
1220,10001220,Miguel Medina Soto,910011220,,Av. Torres 566,Llacanora,2024-06-13,0,1
1221,10001221,Raúl Gonzales Medina,910011221,raul.gonzales.medina57@gmail.com,Av. Guevara 726,Cajamarca,2023-08-02,1,1
1222,10001222,Rosa Delgado Vega,,rosa.delgado.vega58@gmail.com,Ca. Ibañez 627,Cajamarca,2024-03-14,1,1
1223,10001223,Jackeline Campos Vargas,910011223,jackeline.campos.vargas59@gmail.com,Jr. Vargas 797,Cajamarca,2022-05-15,1,1
1224,10001224,Luis López Becerra,910011224,luis.lopez.becerra60@gmail.com,Ca. Flores 671,Cajamarca,2025-04-23,0,1
1225,10001225,Sara Díaz Rojas,910011225,sara.diaz.rojas61@gmail.com,Ca. Gonzales 638,Cajamarca,2022-04-26,1,1
1226,10001226,Yolanda Becerra Ramos,,yolanda.becerra.ramos62@gmail.com,Jr. García 585,Cajamarca,2025-06-03,0,1
1227,10001227,Patricia Morales Alva,910011227,patricia.morales.alva63@gmail.com,Av. Becerra 293,Cajamarca,2023-03-22,1,1
1228,10001228,Raúl Domínguez Fernández,910011228,raul.dominguez.fernandez64@gmail.com,Jr. Torres 910,Cajamarca,2023-12-14,1,1
1229,10001229,Joaquín Alva Paredes,,joaquin.alva.paredes65@gmail.com,Ca. Fernández 748,Cajamarca,2022-11-12,1,1
1230,10001230,Yolanda Paredes Puga,910011230,yolanda.paredes.puga66@gmail.com,Ca. Ibañez 522,Cajamarca,2024-11-18,1,1
1231,10001231,Elena Herrera Medina,910011231,elena.herrera.medina67@gmail.com,Ca. Mendoza 604,La Encañada,2023-03-16,0,1
1232,10001232,Juan Espinoza Sánchez,910011232,juan.espinoza.sanchez68@gmail.com,Av. Vega 488,Cajamarca,2023-09-29,1,1
1233,10001233,Luis Morales Ibañez,910011233,luis.morales.ibanez69@gmail.com,Jr. Contreras 306,Baños del Inca,2025-04-12,1,1
1234,10001234,Joaquín García Chávez,910011234,joaquin.garcia.chavez70@gmail.com,Jr. Contreras 518,Cajamarca,2023-07-20,1,1
1235,10001235,Pedro Huamán Becerra,910011235,,Jr. Díaz 491,Cajamarca,2024-10-04,1,1
1236,10001236,Milagros Guerrero Castro,910011236,,Ca. Cruz 657,Cajamarca,2024-05-21,1,1
1237,10001237,César Puga Sánchez,910011237,cesar.puga.sanchez73@gmail.com,Jr. Delgado 106,Cajamarca,2024-05-16,1,1
1238,10001238,Karin Flores Guerrero,910011238,karin.flores.guerrero74@gmail.com,Av. Díaz 670,Baños del Inca,2024-07-18,1,1
1239,10001239,Manuel Gonzales Delgado,910011239,,Ca. Espinoza 155,Cajamarca,2024-05-16,1,1
1240,10001240,César Cruz Flores,910011240,cesar.cruz.flores76@gmail.com,Av. Mendoza 117,Cajamarca,2023-11-26,1,1
1241,10001241,Juan Díaz Castro,910011241,juan.diaz.castro77@gmail.com,Ca. Espinoza 930,Cajamarca,2023-02-06,1,1
1242,10001242,Álvaro García García,,,Av. Quispe 136,Cajamarca,2022-10-18,0,1
1243,10001243,Mónica Jiménez Sánchez,910011243,monica.jimenez.sanchez79@gmail.com,Ca. Ibañez 440,Cajamarca,2024-02-25,1,1
1244,10001244,Alonso Contreras Paredes,,alonso.contreras.paredes80@gmail.com,Av. Paredes 495,Cajamarca,2024-10-26,1,1
1245,10001245,Miguel Cruz Fernández,,miguel.cruz.fernandez81@gmail.com,Av. Salazar 136,Cajamarca,2023-11-08,0,1
1246,10001246,Manuel Altamirano Cruz,910011246,manuel.altamirano.cruz82@gmail.com,Ca. Torres 760,Cajamarca,2025-05-30,1,1
1247,10001247,Carlos Medina Vargas,910011247,carlos.medina.vargas83@gmail.com,Jr. Vega 846,Cajamarca,2025-03-10,1,1
1248,10001248,Juana García Quispe,910011248,juana.garcia.quispe84@gmail.com,Jr. Ibañez 469,Cajamarca,2024-04-13,1,1
1249,10001249,Manuel Ibañez Castro,910011249,manuel.ibanez.castro85@gmail.com,Ca. Becerra 859,Cajamarca,2022-08-14,1,1
1250,10001250,Karin Díaz Vargas,910011250,karin.diaz.vargas86@gmail.com,Ca. Ríos 630,Cajamarca,2023-01-03,1,1
1251,10001251,Valeria Herrera Alva,910011251,valeria.herrera.alva87@gmail.com,Ca. Espinoza 807,Cajamarca,2024-12-16,1,1
1252,10001252,Valeria Díaz Ríos,910011252,valeria.diaz.rios88@gmail.com,Ca. Ramos 282,Llacanora,2024-08-14,1,1
1253,10001253,Karin Flores Domínguez,910011253,karin.flores.dominguez89@gmail.com,Ca. Soto 866,Cajamarca,2023-06-26,1,1
1254,10001254,Lucía Becerra Vargas,910011254,lucia.becerra.vargas90@gmail.com,Ca. Alva 538,Cajamarca,2024-09-16,1,1
1255,10001255,Fernando Vargas Cruz,910011255,fernando.vargas.cruz91@gmail.com,Ca. Cruz 575,Cajamarca,2023-01-07,1,1
1256,10001256,Fernando Campos Cruz,910011256,fernando.campos.cruz92@gmail.com,Ca. Guevara 890,Cajamarca,2025-06-21,0,1
1257,10001257,Vilma Gonzales Salazar,,vilma.gonzales.salazar93@gmail.com,Jr. Tello 878,Cajamarca,2025-03-09,1,1
1258,10001258,Jackeline Huamán Paredes,910011258,jackeline.huaman.paredes94@gmail.com,Av. Campos 455,Cajamarca,2023-04-12,1,1
1259,10001259,Sebastián Tello Tello,910011259,sebastian.tello.tello95@gmail.com,Jr. Tello 844,Baños del Inca,2023-02-01,0,1
1260,10001260,Andrea Sánchez Chávez,910011260,andrea.sanchez.chavez96@gmail.com,Ca. Rojas 315,Cajamarca,2025-05-02,1,1
1261,10001261,María Cruz Alva,910011261,maria.cruz.alva0@gmail.com,Av. Alva 815,San Sebastián,2023-03-09,1,1
1262,10001262,Sebastián Vargas Torres,910011262,sebastian.vargas.torres1@gmail.com,Jr. Soto 261,Cajamarca,2025-07-12,1,1
1263,10001263,Sara Becerra Vega,910011263,sara.becerra.vega2@gmail.com,Jr. Sánchez 729,Cajamarca,2023-05-23,0,1
1264,10001264,Nancy García Cruz,,nancy.garcia.cruz3@gmail.com,Av. Reyes 969,Cajamarca,2022-08-10,1,1
1265,10001265,Raúl Huamán Delgado,910011265,raul.huaman.delgado4@gmail.com,Ca. Chávez 830,Cajamarca,2025-03-26,1,1
1266,10001266,Roberto Medina Campos,910011266,roberto.medina.campos5@gmail.com,Ca. Guevara 206,San Sebastián,2024-06-19,1,1
1267,10001267,Juan Fernández Castro,910011267,juan.fernandez.castro6@gmail.com,Av. Guerrero 701,Llacanora,2025-04-28,0,1
1268,10001268,Antonio Morales Mendoza,910011268,antonio.morales.mendoza7@gmail.com,Ca. Silva 337,Cajamarca,2023-04-20,1,1
1269,10001269,Jackeline Cruz Guevara,910011269,jackeline.cruz.guevara8@gmail.com,Jr. Torres 742,Cajamarca,2022-08-15,1,1
1270,10001270,Juana Guevara Ibañez,910011270,juana.guevara.ibanez9@gmail.com,Av. Paredes 761,Baños del Inca,2023-12-20,1,1
1271,10001271,María Delgado Castro,910011271,maria.delgado.castro10@gmail.com,Av. Vega 208,Cajamarca,2022-11-14,1,1
1272,10001272,Karin Paredes Quispe,910011272,karin.paredes.quispe11@gmail.com,Av. Cruz 134,Cajamarca,2024-05-01,1,1
1273,10001273,Elena Jiménez Vega,910011273,elena.jimenez.vega12@gmail.com,Ca. Delgado 117,Cajamarca,2024-08-09,1,1
1274,10001274,Milagros Vargas Vega,,milagros.vargas.vega13@gmail.com,Av. Morales 591,Cajamarca,2022-05-16,1,1
1275,10001275,Rodrigo Silva Puga,910011275,rodrigo.silva.puga14@gmail.com,Jr. Domínguez 428,Cajamarca,2024-05-30,0,1
1276,10001276,Gabriela Fernández Ríos,910011276,gabriela.fernandez.rios15@gmail.com,Ca. Jiménez 521,Cajamarca,2025-06-20,1,1
1277,10001277,Miguel Vega Cárdenas,910011277,,Jr. Ramos 531,Baños del Inca,2023-11-04,1,1
1278,10001278,César Altamirano Altamirano,910011278,,Av. Jiménez 776,Cajamarca,2023-05-01,1,1
1279,10001279,Sebastián Soto Rojas,910011279,sebastian.soto.rojas18@gmail.com,Ca. Flores 129,Llacanora,2022-01-19,1,1
1280,10001280,Francisco Díaz Herrera,910011280,francisco.diaz.herrera19@gmail.com,Jr. Paredes 771,Baños del Inca,2025-05-09,1,1
1281,10001281,Francisco Morales Mendoza,910011281,francisco.morales.mendoza20@gmail.com,Av. Herrera 184,Cajamarca,2022-09-30,0,1
1282,10001282,Luis Ibañez Díaz,910011282,luis.ibanez.diaz21@gmail.com,Av. Delgado 663,Cajamarca,2025-02-28,0,1
1283,10001283,Andrea Mendoza Torres,910011283,andrea.mendoza.torres22@gmail.com,Ca. Quispe 887,Cajamarca,2023-04-04,0,1
1284,10001284,Alonso Flores Espinoza,910011284,,Ca. Ramos 731,Cajamarca,2022-03-18,1,1
1285,10001285,Mónica Díaz Fernández,910011285,monica.diaz.fernandez24@gmail.com,Jr. Contreras 165,Cajamarca,2025-02-28,1,1
1286,10001286,Rosa Domínguez Cárdenas,910011286,rosa.dominguez.cardenas25@gmail.com,Av. Medina 460,Jesús,2024-12-04,1,1
1287,10001287,Alonso Guerrero Contreras,910011287,alonso.guerrero.contreras26@gmail.com,Av. Altamirano 422,Cajamarca,2022-04-18,1,1
1288,10001288,Claudia Chávez Sánchez,910011288,claudia.chavez.sanchez27@gmail.com,Jr. Huamán 606,Cajamarca,2023-11-26,1,1
1289,10001289,Vilma Vargas Reyes,910011289,vilma.vargas.reyes28@gmail.com,Av. Delgado 254,Cajamarca,2025-06-24,1,1
1290,10001290,Paola Becerra Medina,910011290,paola.becerra.medina29@gmail.com,Jr. Morales 931,Cajamarca,2022-06-20,1,1
1291,10001291,Ricardo Campos Altamirano,910011291,ricardo.campos.altamirano30@gmail.com,Av. Díaz 380,Cajamarca,2025-02-04,1,1
1292,10001292,Paola Chávez Salazar,910011292,paola.chavez.salazar31@gmail.com,Av. Delgado 497,Cajamarca,2023-09-21,1,1
1293,10001293,Jorge Delgado Gonzales,910011293,jorge.delgado.gonzales32@gmail.com,Ca. Vargas 644,Cajamarca,2023-03-29,1,1
1294,10001294,María Silva Reyes,910011294,maria.silva.reyes33@gmail.com,Av. Gonzales 993,San Sebastián,2023-01-15,1,1
1295,10001295,Patricia Puga Vargas,910011295,patricia.puga.vargas34@gmail.com,Av. Soto 957,Jesús,2022-07-13,1,1
1296,10001296,Alonso Altamirano Torres,910011296,alonso.altamirano.torres35@gmail.com,Jr. Salazar 634,Baños del Inca,2023-05-30,1,1
1297,10001297,Marco Medina Ríos,910011297,marco.medina.rios36@gmail.com,Av. Salazar 834,Baños del Inca,2023-04-12,0,1
1298,10001298,Renzo López Herrera,910011298,renzo.lopez.herrera37@gmail.com,Jr. Flores 959,Cajamarca,2024-06-30,0,1
1299,10001299,Renzo Díaz Mendoza,910011299,,Av. Reyes 891,Cajamarca,2022-12-18,1,1
1300,10001300,Juan García Ríos,910011300,juan.garcia.rios39@gmail.com,Jr. Morales 693,Cajamarca,2025-04-13,1,1
1301,10001301,Pedro García Fernández,910011301,pedro.garcia.fernandez40@gmail.com,Jr. Vargas 297,Cajamarca,2024-08-11,1,1
1302,10001302,Nancy Quispe Soto,910011302,nancy.quispe.soto41@gmail.com,Av. Torres 848,Cajamarca,2025-04-26,1,1
1303,10001303,Gladys Espinoza Sánchez,910011303,gladys.espinoza.sanchez42@gmail.com,Av. Cárdenas 951,Cajamarca,2024-03-05,1,1
1304,10001304,Lucía Alva Altamirano,910011304,lucia.alva.altamirano43@gmail.com,Jr. Huamán 903,Llacanora,2024-06-12,1,1
1305,10001305,Rosa Cárdenas Tello,910011305,rosa.cardenas.tello44@gmail.com,Av. Herrera 595,Porcón,2023-01-12,1,1
1306,10001306,Rosa Altamirano Campos,910011306,rosa.altamirano.campos45@gmail.com,Ca. Jiménez 780,San Sebastián,2023-03-06,1,1
1307,10001307,Claudia Flores Jiménez,910011307,claudia.flores.jimenez46@gmail.com,Ca. Paredes 171,Cajamarca,2024-05-08,0,1
1308,10001308,Sebastián Paredes Fernández,910011308,sebastian.paredes.fernandez47@gmail.com,Jr. Díaz 473,Cajamarca,2023-03-20,1,1
1309,10001309,Juan Reyes Guevara,910011309,juan.reyes.guevara48@gmail.com,Jr. Herrera 524,Cajamarca,2024-05-04,1,1
1310,10001310,Juan Fernández Jiménez,910011310,juan.fernandez.jimenez49@gmail.com,Av. Jiménez 354,Cajamarca,2024-02-25,1,1
1311,10001311,Milagros Morales Tello,910011311,milagros.morales.tello50@gmail.com,Jr. Domínguez 174,Cajamarca,2024-05-06,0,1
1312,10001312,Fernando Espinoza Becerra,,fernando.espinoza.becerra51@gmail.com,Av. Guevara 380,Cajamarca,2022-11-12,1,1
1313,10001313,Roberto Torres Contreras,910011313,roberto.torres.contreras52@gmail.com,Jr. García 749,Cajamarca,2024-05-30,0,1
1314,10001314,Nancy Alva Vargas,910011314,nancy.alva.vargas53@gmail.com,Ca. Soto 602,Cajamarca,2023-06-12,1,1
1315,10001315,Fernando Paredes Puga,910011315,fernando.paredes.puga54@gmail.com,Ca. Díaz 918,Cajamarca,2022-09-18,1,1
1316,10001316,Claudia Castro Rojas,910011316,claudia.castro.rojas55@gmail.com,Ca. Cárdenas 886,Porcón,2022-08-01,1,1
1317,10001317,María Cruz Salazar,910011317,maria.cruz.salazar56@gmail.com,Jr. Ramos 856,Cajamarca,2025-06-17,1,1
1318,10001318,Bruno Huamán Quispe,910011318,bruno.huaman.quispe57@gmail.com,Av. Ibañez 145,Cajamarca,2025-03-31,1,1
1319,10001319,Juana Gonzales Ramos,910011319,juana.gonzales.ramos58@gmail.com,Jr. Flores 783,Baños del Inca,2022-06-19,1,1
1320,10001320,Mónica Jiménez Jiménez,910011320,monica.jimenez.jimenez59@gmail.com,Ca. Morales 845,Cajamarca,2022-04-24,1,1
1321,10001321,Cecilia Fernández Salazar,910011321,cecilia.fernandez.salazar60@gmail.com,Ca. Sánchez 848,Cajamarca,2022-03-09,1,1
1322,10001322,Renzo Contreras Castro,910011322,renzo.contreras.castro61@gmail.com,Ca. Rojas 893,San Sebastián,2025-01-22,1,1
1323,10001323,Carlos Quispe Ríos,910011323,carlos.quispe.rios62@gmail.com,Av. Mendoza 720,Cajamarca,2022-06-27,1,1
1324,10001324,Bruno Ibañez Puga,910011324,bruno.ibanez.puga63@gmail.com,Ca. Morales 743,Baños del Inca,2022-02-08,1,1
1325,10001325,Lucía Cárdenas Quispe,910011325,lucia.cardenas.quispe64@gmail.com,Av. Silva 448,Jesús,2025-03-27,1,1
1326,10001326,Álvaro Altamirano Ibañez,910011326,alvaro.altamirano.ibanez65@gmail.com,Jr. Huamán 309,La Encañada,2025-02-19,1,1
1327,10001327,Nancy Ríos Paredes,910011327,nancy.rios.paredes66@gmail.com,Av. Reyes 806,Cajamarca,2022-08-16,1,1
1328,10001328,Sara Mendoza Quispe,910011328,sara.mendoza.quispe67@gmail.com,Ca. Castro 527,Cajamarca,2022-07-10,1,1
1329,10001329,Patricia Paredes Quispe,910011329,patricia.paredes.quispe68@gmail.com,Jr. García 656,Cajamarca,2023-07-08,1,1
1330,10001330,Francisco Chávez Ramos,910011330,francisco.chavez.ramos69@gmail.com,Jr. García 734,Cajamarca,2024-01-11,1,1
1331,10001331,Rosa Jiménez Guevara,910011331,rosa.jimenez.guevara70@gmail.com,Av. Ibañez 388,Cajamarca,2024-07-03,1,1
1332,10001332,Yolanda Huamán Morales,910011332,yolanda.huaman.morales71@gmail.com,Jr. Mendoza 928,Cajamarca,2022-09-13,0,1
1333,10001333,Marco Campos Altamirano,910011333,marco.campos.altamirano72@gmail.com,Av. Quispe 942,Cajamarca,2024-02-08,0,1
1334,10001334,José Ibañez García,910011334,jose.ibanez.garcia73@gmail.com,Jr. Díaz 598,Cajamarca,2024-06-25,1,1
1335,10001335,Jackeline Jiménez Silva,910011335,,Av. Morales 208,Cajamarca,2022-08-28,1,1
1336,10001336,María Cárdenas Reyes,910011336,maria.cardenas.reyes75@gmail.com,Av. Díaz 957,Cajamarca,2025-03-11,1,1
1337,10001337,Gabriela Cárdenas Huamán,910011337,gabriela.cardenas.huaman76@gmail.com,Ca. Morales 163,Llacanora,2025-01-28,1,1
1338,10001338,Rodrigo Cruz Gonzales,910011338,rodrigo.cruz.gonzales77@gmail.com,Ca. Guerrero 504,Cajamarca,2024-02-16,1,1
1339,10001339,César Puga Castro,,cesar.puga.castro78@gmail.com,Jr. Medina 932,Llacanora,2022-12-20,1,1
1340,10001340,Raúl Gonzales Salazar,910011340,raul.gonzales.salazar79@gmail.com,Ca. Salazar 585,Llacanora,2023-03-30,0,1
1341,10001341,Paola Quispe Quispe,910011341,paola.quispe.quispe80@gmail.com,Av. Rojas 261,Cajamarca,2023-01-17,1,1
1342,10001342,Juan Soto Vega,910011342,juan.soto.vega81@gmail.com,Jr. Guevara 497,Cajamarca,2022-08-06,0,1
1343,10001343,César Castro Cruz,910011343,,Jr. Salazar 330,Cajamarca,2025-02-13,1,1
1344,10001344,Diego Reyes Herrera,910011344,diego.reyes.herrera83@gmail.com,Av. Rojas 848,San Sebastián,2022-07-16,1,1
1345,10001345,Paola Torres Cárdenas,910011345,paola.torres.cardenas84@gmail.com,Av. Altamirano 186,Cajamarca,2025-03-28,1,1
1346,10001346,Elena Tello Ríos,,elena.tello.rios85@gmail.com,Ca. Contreras 544,Cajamarca,2023-04-03,0,1
1347,10001347,María García Cruz,910011347,maria.garcia.cruz86@gmail.com,Jr. Ramos 814,Cajamarca,2024-01-30,1,1
1348,10001348,Miguel Gonzales Medina,910011348,miguel.gonzales.medina87@gmail.com,Jr. Puga 328,Cajamarca,2022-04-07,1,1
1349,10001349,Claudia Soto Gonzales,910011349,claudia.soto.gonzales88@gmail.com,Ca. Domínguez 367,Cajamarca,2023-11-07,0,1
1350,10001350,César Díaz Tello,910011350,cesar.diaz.tello89@gmail.com,Ca. Sánchez 818,Cajamarca,2022-12-04,1,1
1351,10001351,Carlos Mendoza Fernández,910011351,carlos.mendoza.fernandez90@gmail.com,Ca. Soto 642,Cajamarca,2023-01-06,1,1
1352,10001352,Valeria Campos Fernández,910011352,valeria.campos.fernandez91@gmail.com,Ca. Castro 818,Cajamarca,2024-05-30,0,1
1353,10001353,Pedro Mendoza Silva,910011353,pedro.mendoza.silva92@gmail.com,Av. Huamán 966,Cajamarca,2022-07-15,1,1
1354,10001354,Luis Tello García,910011354,luis.tello.garcia93@gmail.com,Jr. Huamán 119,Cajamarca,2022-09-03,1,1
1355,10001355,Gladys Becerra Salazar,910011355,gladys.becerra.salazar94@gmail.com,Av. Reyes 837,San Sebastián,2022-07-14,1,1
1356,10001356,Nancy Espinoza Guerrero,910011356,nancy.espinoza.guerrero95@gmail.com,Jr. Cruz 451,Jesús,2024-09-23,1,1
1357,10001357,Joaquín Medina Vega,910011357,,Ca. Herrera 815,Cajamarca,2022-01-01,1,1
1358,10001358,Francisco Huamán Ibañez,910011358,,Jr. Paredes 539,Porcón,2022-04-03,0,1
1359,10001359,Diego Puga Gonzales,910011359,diego.puga.gonzales1@gmail.com,Jr. Guevara 717,Cajamarca,2024-10-04,1,1
1360,10001360,Jackeline Díaz López,910011360,jackeline.diaz.lopez2@gmail.com,Ca. Jiménez 204,Cajamarca,2025-04-29,0,1
1361,10001361,Ángela Vargas Quispe,910011361,angela.vargas.quispe3@gmail.com,Jr. Reyes 561,San Sebastián,2025-07-07,1,1
1362,10001362,Carlos Torres Campos,910011362,carlos.torres.campos4@gmail.com,Ca. Herrera 909,Cajamarca,2024-10-07,1,1
1363,10001363,María Guevara Huamán,910011363,maria.guevara.huaman5@gmail.com,Av. García 929,Cajamarca,2022-11-12,1,1
1364,10001364,Andrea Alva Medina,910011364,andrea.alva.medina6@gmail.com,Jr. Medina 405,Baños del Inca,2023-05-20,0,1
1365,10001365,Claudia Chávez Campos,910011365,claudia.chavez.campos7@gmail.com,Ca. Flores 156,Cajamarca,2025-02-06,0,1
1366,10001366,María Huamán Delgado,910011366,,Av. Alva 452,San Sebastián,2022-12-07,1,1
1367,10001367,Sara Cárdenas Castro,910011367,sara.cardenas.castro9@gmail.com,Av. Alva 177,Cajamarca,2023-09-27,1,1
1368,10001368,Andrés Ríos Guerrero,910011368,andres.rios.guerrero10@gmail.com,Av. Soto 679,Cajamarca,2024-06-19,1,1
1369,10001369,Johana Guevara Domínguez,910011369,johana.guevara.dominguez11@gmail.com,Av. Quispe 507,Cajamarca,2023-06-13,1,1
1370,10001370,Claudia Reyes García,910011370,claudia.reyes.garcia12@gmail.com,Av. Cruz 297,Baños del Inca,2024-10-11,1,1
1371,10001371,Valeria García López,910011371,valeria.garcia.lopez13@gmail.com,Ca. Rojas 571,Jesús,2022-01-25,1,1
1372,10001372,Jorge Jiménez Herrera,910011372,jorge.jimenez.herrera14@gmail.com,Av. Domínguez 519,Cajamarca,2022-05-29,1,1
1373,10001373,Fiorella Vega Quispe,910011373,fiorella.vega.quispe15@gmail.com,Av. Ríos 689,Baños del Inca,2022-07-21,1,1
1374,10001374,Elena García Medina,910011374,elena.garcia.medina16@gmail.com,Jr. Cárdenas 478,Cajamarca,2023-06-30,1,1
1375,10001375,Johana Alva Díaz,910011375,johana.alva.diaz17@gmail.com,Av. Jiménez 704,Cajamarca,2023-03-06,1,1
1376,10001376,Manuel García Medina,,manuel.garcia.medina18@gmail.com,Jr. Tello 945,Cajamarca,2024-10-04,0,1
1377,10001377,Andrea Gonzales Rojas,910011377,andrea.gonzales.rojas19@gmail.com,Jr. López 840,Llacanora,2022-06-27,0,1
1378,10001378,Alonso Ramos Flores,910011378,alonso.ramos.flores20@gmail.com,Ca. Rojas 908,Cajamarca,2022-08-18,1,1
1379,10001379,María Reyes Alva,910011379,maria.reyes.alva21@gmail.com,Av. Altamirano 359,Cajamarca,2022-04-19,1,1
1380,10001380,María Reyes Delgado,,maria.reyes.delgado22@gmail.com,Jr. Herrera 379,Cajamarca,2022-01-13,1,1
1381,10001381,Johana Mendoza Sánchez,910011381,johana.mendoza.sanchez23@gmail.com,Av. Jiménez 108,Baños del Inca,2023-03-05,1,1
1382,10001382,Daniela Puga Delgado,910011382,daniela.puga.delgado24@gmail.com,Ca. Medina 597,Chetilla,2022-08-07,1,1
1383,10001383,Alonso García Puga,910011383,alonso.garcia.puga25@gmail.com,Jr. Torres 156,Cajamarca,2024-10-22,0,1
1384,10001384,Ana Ríos Guerrero,910011384,ana.rios.guerrero26@gmail.com,Av. López 179,Cajamarca,2024-09-26,1,1
1385,10001385,Ángela Medina Campos,910011385,angela.medina.campos27@gmail.com,Jr. Mendoza 361,Cajamarca,2023-08-04,1,1
1386,10001386,Yolanda Sánchez Jiménez,910011386,yolanda.sanchez.jimenez28@gmail.com,Av. Díaz 489,Cajamarca,2022-05-26,1,1
1387,10001387,Raúl Flores Silva,910011387,raul.flores.silva29@gmail.com,Av. Silva 122,Chetilla,2022-03-13,1,1
1388,10001388,Jackeline Mendoza Tello,910011388,jackeline.mendoza.tello30@gmail.com,Ca. García 869,Cajamarca,2023-12-25,1,1
1389,10001389,Gabriela Reyes Rojas,910011389,gabriela.reyes.rojas31@gmail.com,Jr. Morales 691,Cajamarca,2023-10-12,0,1
1390,10001390,Ángela Ríos Silva,910011390,angela.rios.silva32@gmail.com,Ca. López 558,Jesús,2022-10-13,1,1
1391,10001391,Diego Altamirano Soto,910011391,diego.altamirano.soto33@gmail.com,Av. Flores 644,San Sebastián,2022-01-05,0,1
1392,10001392,José Rojas Flores,910011392,jose.rojas.flores34@gmail.com,Jr. Ramos 730,Cajamarca,2024-12-09,1,1
1393,10001393,Mónica López Delgado,910011393,,Av. Becerra 118,Cajamarca,2024-03-19,1,1
1394,10001394,Manuel Tello Soto,910011394,manuel.tello.soto36@gmail.com,Av. Delgado 265,Cajamarca,2022-12-13,1,1
1395,10001395,Johana Silva Ibañez,910011395,johana.silva.ibanez37@gmail.com,Jr. Ibañez 255,Cajamarca,2025-06-27,1,1
1396,10001396,Sara Becerra Cruz,,sara.becerra.cruz38@gmail.com,Av. Huamán 295,Cajamarca,2025-01-08,1,1
1397,10001397,César Tello Espinoza,910011397,cesar.tello.espinoza39@gmail.com,Ca. Tello 231,Chetilla,2025-05-08,1,1
1398,10001398,Alonso Cruz Jiménez,910011398,alonso.cruz.jimenez40@gmail.com,Av. Guerrero 196,Cajamarca,2024-10-05,1,1
1399,10001399,Claudia Cárdenas Cárdenas,910011399,claudia.cardenas.cardenas41@gmail.com,Jr. Domínguez 904,Cajamarca,2024-07-08,1,1
1400,10001400,Paola Guevara Morales,910011400,,Ca. Ríos 279,Baños del Inca,2023-11-19,0,1
1401,10001401,Paola Ríos Ibañez,910011401,paola.rios.ibanez43@gmail.com,Ca. Alva 112,Baños del Inca,2023-11-08,0,1
1402,10001402,Miguel Altamirano Silva,910011402,miguel.altamirano.silva44@gmail.com,Jr. Reyes 904,Baños del Inca,2023-04-06,1,1
1403,10001403,Alonso Chávez Ramos,910011403,alonso.chavez.ramos45@gmail.com,Jr. Rojas 481,Cajamarca,2025-02-17,1,1
1404,10001404,José Morales Huamán,910011404,jose.morales.huaman46@gmail.com,Av. Ríos 956,Cajamarca,2024-12-10,1,1
1405,10001405,Sara Salazar Silva,910011405,sara.salazar.silva47@gmail.com,Jr. Reyes 803,Cajamarca,2025-02-01,1,1
1406,10001406,Andrea Vargas Paredes,910011406,andrea.vargas.paredes48@gmail.com,Jr. Paredes 461,Baños del Inca,2023-11-13,1,1
1407,10001407,Francisco Quispe Guevara,910011407,francisco.quispe.guevara49@gmail.com,Ca. Huamán 338,Llacanora,2024-05-02,1,1
1408,10001408,Fernando Díaz Ríos,,fernando.diaz.rios50@gmail.com,Av. Ríos 948,Cajamarca,2022-02-19,1,1
1409,10001409,Ana Ríos Medina,910011409,,Ca. Guevara 960,Cajamarca,2025-03-01,1,1
1410,10001410,Cecilia Paredes Becerra,910011410,cecilia.paredes.becerra52@gmail.com,Ca. Becerra 656,Cajamarca,2022-01-03,1,1
1411,10001411,Rosa Huamán García,,,Av. Guerrero 272,Baños del Inca,2022-08-18,1,1
1412,10001412,Carlos Soto Quispe,,carlos.soto.quispe54@gmail.com,Av. Jiménez 359,Porcón,2022-08-04,1,1
1413,10001413,Ana Jiménez Guevara,910011413,ana.jimenez.guevara55@gmail.com,Av. Puga 563,Cajamarca,2022-07-17,0,1
1414,10001414,Andrea Domínguez Chávez,910011414,andrea.dominguez.chavez56@gmail.com,Ca. Castro 834,Cajamarca,2024-04-16,1,1
1415,10001415,Patricia Quispe García,910011415,patricia.quispe.garcia57@gmail.com,Av. López 757,Porcón,2024-04-21,1,1
1416,10001416,Carmen Campos Cárdenas,910011416,carmen.campos.cardenas58@gmail.com,Jr. Ibañez 122,Baños del Inca,2023-12-25,1,1
1417,10001417,Ricardo Ramos Vega,910011417,ricardo.ramos.vega59@gmail.com,Jr. Jiménez 524,Jesús,2023-10-26,1,1
1418,10001418,Joaquín Silva Guerrero,,joaquin.silva.guerrero60@gmail.com,Av. Ríos 389,Baños del Inca,2023-07-23,1,1
1419,10001419,María Tello Castro,910011419,maria.tello.castro61@gmail.com,Jr. Díaz 958,Baños del Inca,2024-05-19,1,1
1420,10001420,Renzo Ríos Gonzales,910011420,renzo.rios.gonzales62@gmail.com,Av. Rojas 196,Cajamarca,2022-11-29,1,1
1421,10001421,Gabriela García Becerra,910011421,gabriela.garcia.becerra63@gmail.com,Av. Sánchez 350,Baños del Inca,2024-07-12,1,1
1422,10001422,Rodrigo Sánchez Vargas,910011422,rodrigo.sanchez.vargas64@gmail.com,Av. Mendoza 251,San Sebastián,2024-06-02,1,1
1423,10001423,Juan Ríos Medina,910011423,juan.rios.medina65@gmail.com,Jr. Ibañez 181,Baños del Inca,2023-07-28,1,1
1424,10001424,Mónica Alva Huamán,910011424,monica.alva.huaman66@gmail.com,Ca. García 424,Cajamarca,2022-03-28,1,1
1425,10001425,Ricardo Jiménez López,910011425,ricardo.jimenez.lopez67@gmail.com,Av. Cárdenas 960,Cajamarca,2023-03-26,1,1
1426,10001426,Eduardo Becerra Delgado,910011426,eduardo.becerra.delgado68@gmail.com,Ca. Morales 920,Cajamarca,2024-04-07,0,1
1427,10001427,Francisco Delgado Ramos,910011427,francisco.delgado.ramos69@gmail.com,Av. Huamán 725,San Sebastián,2024-02-15,0,1
1428,10001428,Diego Becerra Cárdenas,910011428,diego.becerra.cardenas70@gmail.com,Ca. García 224,Cajamarca,2022-03-03,1,1
1429,10001429,Carlos Guerrero Tello,910011429,carlos.guerrero.tello71@gmail.com,Ca. Ramos 866,Baños del Inca,2022-08-05,1,1
1430,10001430,Pedro Huamán Castro,910011430,pedro.huaman.castro72@gmail.com,Av. Tello 805,Baños del Inca,2023-10-09,0,1
1431,10001431,Manuel Quispe Mendoza,910011431,manuel.quispe.mendoza73@gmail.com,Jr. Guevara 801,Cajamarca,2022-07-28,0,1
1432,10001432,Lucía Huamán Silva,910011432,lucia.huaman.silva74@gmail.com,Av. Cruz 154,Cajamarca,2023-08-19,1,1
1433,10001433,Daniela Sánchez Castro,,daniela.sanchez.castro75@gmail.com,Av. Cruz 323,Cajamarca,2022-10-31,1,1
1434,10001434,Andrea Reyes Huamán,910011434,andrea.reyes.huaman76@gmail.com,Av. Vega 236,Cajamarca,2024-03-10,1,1
1435,10001435,Ana Medina Silva,910011435,ana.medina.silva77@gmail.com,Av. Delgado 847,Cajamarca,2022-01-02,0,1
1436,10001436,Diego Tello Altamirano,910011436,diego.tello.altamirano78@gmail.com,Ca. Cárdenas 885,Baños del Inca,2023-12-09,1,1
1437,10001437,Marco Altamirano Puga,910011437,marco.altamirano.puga79@gmail.com,Jr. Domínguez 708,San Sebastián,2024-10-12,1,1
1438,10001438,Fernando López Jiménez,910011438,fernando.lopez.jimenez80@gmail.com,Av. Torres 558,Cajamarca,2025-06-09,1,1
1439,10001439,Andrea Silva Mendoza,910011439,andrea.silva.mendoza81@gmail.com,Jr. Huamán 191,Cajamarca,2023-09-18,0,1
1440,10001440,Roberto García Rojas,910011440,roberto.garcia.rojas82@gmail.com,Ca. Vega 345,Cajamarca,2023-03-04,1,1
1441,10001441,José Espinoza López,910011441,jose.espinoza.lopez83@gmail.com,Av. Cárdenas 457,Cajamarca,2024-03-22,0,1
1442,10001442,Nancy Mendoza Altamirano,910011442,nancy.mendoza.altamirano84@gmail.com,Jr. Herrera 157,Cajamarca,2023-05-26,1,1
1443,10001443,Carlos Jiménez Tello,910011443,carlos.jimenez.tello85@gmail.com,Ca. Castro 139,Baños del Inca,2024-06-02,1,1
1444,10001444,Alonso Soto Fernández,910011444,alonso.soto.fernandez86@gmail.com,Av. Paredes 448,Baños del Inca,2025-02-17,0,1
1445,10001445,Milagros Delgado López,910011445,milagros.delgado.lopez87@gmail.com,Jr. García 814,Cajamarca,2024-06-20,1,1
1446,10001446,Paola Puga Paredes,910011446,paola.puga.paredes88@gmail.com,Ca. Torres 588,Cajamarca,2022-01-14,1,1
1447,10001447,Raúl Delgado Tello,910011447,raul.delgado.tello89@gmail.com,Ca. Guevara 449,Cajamarca,2024-05-26,1,1
1448,10001448,Valeria Espinoza Chávez,910011448,valeria.espinoza.chavez90@gmail.com,Ca. Guerrero 255,Cajamarca,2025-04-07,1,1
1449,10001449,Karin Jiménez Huamán,910011449,karin.jimenez.huaman91@gmail.com,Ca. Guerrero 476,Baños del Inca,2024-08-24,1,1
1450,10001450,Francisco Delgado Herrera,910011450,,Jr. Sánchez 263,Cajamarca,2024-10-28,0,1
1451,10001451,María Reyes Becerra,910011451,maria.reyes.becerra93@gmail.com,Ca. Ramos 822,Cajamarca,2024-08-09,1,1
1452,10001452,María Vega Castro,910011452,maria.vega.castro94@gmail.com,Ca. Alva 875,Cajamarca,2023-03-11,1,1
1453,10001453,Marco Silva Silva,910011453,marco.silva.silva95@gmail.com,Ca. Morales 992,Cajamarca,2024-05-10,1,1
1454,10001454,Miguel Morales Cruz,910011454,miguel.morales.cruz96@gmail.com,Ca. Domínguez 550,Cajamarca,2023-02-01,1,1
1455,10001455,Renzo Ríos Chávez,910011455,renzo.rios.chavez0@gmail.com,Jr. Gonzales 105,Cajamarca,2024-10-26,1,1
1456,10001456,Andrea Gonzales López,910011456,andrea.gonzales.lopez1@gmail.com,Ca. Flores 989,Cajamarca,2022-02-26,1,1
1457,10001457,Ana Contreras Gonzales,910011457,ana.contreras.gonzales2@gmail.com,Ca. Contreras 295,Cajamarca,2023-02-05,1,1
1458,10001458,Jorge Quispe Tello,910011458,jorge.quispe.tello3@gmail.com,Ca. Fernández 702,Cajamarca,2023-08-13,1,1
1459,10001459,Fiorella Paredes Contreras,910011459,fiorella.paredes.contreras4@gmail.com,Av. Jiménez 136,Cajamarca,2025-01-18,1,1
1460,10001460,Álvaro Altamirano Soto,910011460,alvaro.altamirano.soto5@gmail.com,Jr. Sánchez 893,Cajamarca,2023-01-01,1,1
1461,10001461,Alonso Cárdenas Cruz,910011461,alonso.cardenas.cruz6@gmail.com,Jr. Cárdenas 670,Cajamarca,2023-12-08,0,1
1462,10001462,Johana Morales Gonzales,910011462,johana.morales.gonzales7@gmail.com,Av. Delgado 495,Jesús,2022-09-16,1,1
1463,10001463,Claudia Sánchez Medina,,claudia.sanchez.medina8@gmail.com,Jr. Guerrero 204,Cajamarca,2023-11-21,1,1
1464,10001464,Ana Domínguez Quispe,910011464,ana.dominguez.quispe9@gmail.com,Jr. Silva 609,Cajamarca,2022-06-27,1,1
1465,10001465,Manuel Flores Huamán,910011465,manuel.flores.huaman10@gmail.com,Ca. Vargas 434,Cajamarca,2024-09-18,1,1
1466,10001466,Rodrigo Díaz Soto,910011466,rodrigo.diaz.soto11@gmail.com,Jr. Domínguez 895,Llacanora,2024-02-26,1,1
1467,10001467,Elena Mendoza Reyes,910011467,elena.mendoza.reyes12@gmail.com,Av. Chávez 745,Cajamarca,2022-11-10,1,1
1468,10001468,Luis Cárdenas Contreras,910011468,luis.cardenas.contreras13@gmail.com,Jr. Guevara 141,Cajamarca,2022-05-14,1,1
1469,10001469,Valeria Medina Guerrero,910011469,valeria.medina.guerrero14@gmail.com,Ca. Cárdenas 763,Cajamarca,2022-06-27,1,1
1470,10001470,Francisco Medina Díaz,910011470,francisco.medina.diaz15@gmail.com,Jr. Espinoza 591,Cajamarca,2025-07-15,1,1
1471,10001471,Mónica Quispe Gonzales,910011471,monica.quispe.gonzales16@gmail.com,Av. Paredes 249,Baños del Inca,2024-02-09,1,1
1472,10001472,Fiorella Espinoza García,910011472,fiorella.espinoza.garcia17@gmail.com,Ca. Quispe 526,Baños del Inca,2023-04-20,1,1
1473,10001473,Vilma Jiménez Silva,910011473,,Av. Paredes 174,Cajamarca,2022-05-18,1,1
1474,10001474,Carmen Puga Alva,910011474,carmen.puga.alva19@gmail.com,Av. Medina 911,Cajamarca,2024-01-23,1,1
1475,10001475,Juana Morales Delgado,910011475,juana.morales.delgado20@gmail.com,Jr. Salazar 778,Cajamarca,2022-05-15,1,1
1476,10001476,Lucía Tello Altamirano,910011476,lucia.tello.altamirano21@gmail.com,Jr. Huamán 402,Jesús,2024-09-06,0,1
1477,10001477,Bruno Silva Gonzales,910011477,bruno.silva.gonzales22@gmail.com,Jr. Quispe 796,Cajamarca,2024-12-29,1,1
1478,10001478,Elena Flores Domínguez,910011478,elena.flores.dominguez23@gmail.com,Av. Quispe 999,San Sebastián,2022-12-17,1,1
1479,10001479,Miguel Delgado Altamirano,910011479,miguel.delgado.altamirano24@gmail.com,Av. Silva 406,La Encañada,2022-09-10,0,1
1480,10001480,Lucía Campos Sánchez,910011480,lucia.campos.sanchez25@gmail.com,Ca. Contreras 548,Cajamarca,2024-07-09,1,1
1481,10001481,Karin Cruz Tello,910011481,karin.cruz.tello26@gmail.com,Jr. Becerra 374,Chetilla,2023-01-14,1,1
1482,10001482,Bruno Altamirano Campos,910011482,bruno.altamirano.campos27@gmail.com,Jr. Huamán 714,Cajamarca,2022-11-26,1,1
1483,10001483,Gabriela Castro Castro,910011483,gabriela.castro.castro28@gmail.com,Av. Tello 929,Cajamarca,2023-07-20,1,1
1484,10001484,Ana Vargas Reyes,910011484,ana.vargas.reyes29@gmail.com,Ca. Mendoza 946,Baños del Inca,2022-10-09,1,1
1485,10001485,Carmen Soto Soto,910011485,carmen.soto.soto30@gmail.com,Ca. Vargas 377,Cajamarca,2024-01-11,0,1
1486,10001486,Juana Alva García,910011486,juana.alva.garcia31@gmail.com,Ca. Salazar 467,Cajamarca,2022-08-13,1,1
1487,10001487,Francisco Soto Becerra,910011487,francisco.soto.becerra32@gmail.com,Av. Silva 693,Cajamarca,2025-02-16,1,1
1488,10001488,Carmen Ríos Mendoza,910011488,carmen.rios.mendoza33@gmail.com,Av. Vega 707,Cajamarca,2023-10-25,1,1
1489,10001489,Jackeline Cárdenas Medina,910011489,jackeline.cardenas.medina34@gmail.com,Ca. Jiménez 674,San Sebastián,2022-02-28,0,1
1490,10001490,Sebastián Herrera Delgado,910011490,sebastian.herrera.delgado35@gmail.com,Jr. Vega 139,Cajamarca,2022-12-12,0,1
1491,10001491,Andrés Puga Chávez,910011491,andres.puga.chavez36@gmail.com,Jr. Herrera 324,Cajamarca,2023-11-04,0,1
1492,10001492,Cecilia García Jiménez,910011492,cecilia.garcia.jimenez37@gmail.com,Jr. Alva 983,Baños del Inca,2024-03-30,0,1
1493,10001493,Raúl Delgado Silva,910011493,,Ca. Vega 412,Baños del Inca,2022-12-11,1,1
1494,10001494,Mónica Contreras Gonzales,910011494,monica.contreras.gonzales39@gmail.com,Jr. Morales 279,Llacanora,2025-07-22,1,1
1495,10001495,Fiorella Becerra Torres,910011495,fiorella.becerra.torres40@gmail.com,Jr. Castro 139,Cajamarca,2023-03-13,1,1
1496,10001496,Joaquín Vargas Soto,910011496,,Ca. Mendoza 581,Cajamarca,2023-11-30,0,1
1497,10001497,Renzo Jiménez Castro,,renzo.jimenez.castro42@gmail.com,Av. Alva 112,Baños del Inca,2023-03-26,1,1
1498,10001498,Juan Huamán Quispe,910011498,juan.huaman.quispe43@gmail.com,Jr. Castro 117,Baños del Inca,2024-10-26,1,1
1499,10001499,Miguel Chávez Tello,910011499,miguel.chavez.tello44@gmail.com,Ca. Paredes 811,Cajamarca,2023-07-29,0,1
1500,10001500,Patricia Castro Medina,910011500,,Jr. Puga 814,Cajamarca,2023-10-10,0,1
1501,10001501,Ana Chávez García,910011501,ana.chavez.garcia46@gmail.com,Ca. Domínguez 207,Cajamarca,2023-08-01,1,1
1502,10001502,Paola Soto Torres,910011502,paola.soto.torres47@gmail.com,Av. Castro 623,Cajamarca,2022-02-28,1,1
1503,10001503,Patricia Altamirano Cárdenas,910011503,patricia.altamirano.cardenas48@gmail.com,Jr. Alva 796,Cajamarca,2023-02-02,1,1
1504,10001504,Bruno Sánchez Herrera,910011504,bruno.sanchez.herrera49@gmail.com,Jr. Puga 558,Cajamarca,2025-01-13,0,1
1505,10001505,Manuel Guerrero Silva,910011505,manuel.guerrero.silva50@gmail.com,Jr. Contreras 622,Llacanora,2022-10-27,1,1
1506,10001506,Diego Puga Domínguez,910011506,diego.puga.dominguez51@gmail.com,Av. Tello 150,San Sebastián,2023-08-25,1,1
1507,10001507,Eduardo Rojas Silva,910011507,eduardo.rojas.silva52@gmail.com,Ca. Quispe 198,San Sebastián,2022-09-12,1,1
1508,10001508,Fernando Castro Flores,910011508,fernando.castro.flores53@gmail.com,Jr. Sánchez 962,Cajamarca,2023-08-14,1,1
1509,10001509,Ángela Cárdenas Quispe,910011509,angela.cardenas.quispe54@gmail.com,Jr. Morales 210,Cajamarca,2023-07-30,1,1
1510,10001510,Valeria Cárdenas Mendoza,910011510,valeria.cardenas.mendoza55@gmail.com,Av. Cárdenas 255,Porcón,2024-02-05,0,1
1511,10001511,Jorge Espinoza Huamán,910011511,jorge.espinoza.huaman56@gmail.com,Jr. Cruz 122,Jesús,2024-10-27,1,1
1512,10001512,Vilma Cruz García,910011512,vilma.cruz.garcia57@gmail.com,Av. Contreras 612,La Encañada,2022-06-30,1,1
1513,10001513,Mónica Domínguez Rojas,910011513,monica.dominguez.rojas58@gmail.com,Jr. Gonzales 651,Cajamarca,2022-08-18,1,1
1514,10001514,Sara Rojas Torres,910011514,sara.rojas.torres59@gmail.com,Jr. Flores 488,La Encañada,2024-12-14,1,1
1515,10001515,Renzo Medina Fernández,910011515,renzo.medina.fernandez60@gmail.com,Av. Ramos 902,Cajamarca,2023-02-02,1,1
1516,10001516,Vilma Castro Guevara,910011516,vilma.castro.guevara61@gmail.com,Jr. Guerrero 501,Baños del Inca,2023-08-17,1,1
1517,10001517,Patricia Silva Altamirano,910011517,patricia.silva.altamirano62@gmail.com,Ca. Díaz 393,Cajamarca,2022-05-25,1,1
1518,10001518,Jorge Vargas Sánchez,910011518,jorge.vargas.sanchez63@gmail.com,Ca. Guerrero 972,Cajamarca,2022-03-08,1,1
1519,10001519,Sebastián Salazar Chávez,,sebastian.salazar.chavez64@gmail.com,Ca. Jiménez 584,San Sebastián,2023-11-02,1,1
1520,10001520,Diego Rojas Fernández,910011520,diego.rojas.fernandez65@gmail.com,Av. Tello 406,Cajamarca,2025-01-22,1,1
1521,10001521,Claudia Jiménez Chávez,910011521,claudia.jimenez.chavez66@gmail.com,Av. Jiménez 477,Cajamarca,2024-01-06,1,1
1522,10001522,Mónica Cruz Contreras,910011522,monica.cruz.contreras67@gmail.com,Ca. Mendoza 335,Cajamarca,2022-02-21,1,1
1523,10001523,Ana Díaz Sánchez,910011523,ana.diaz.sanchez68@gmail.com,Ca. Guevara 135,Cajamarca,2025-04-14,1,1
1524,10001524,Andrés Vega Delgado,910011524,,Av. Vega 845,Cajamarca,2023-05-01,1,1
1525,10001525,Diego Quispe Salazar,,diego.quispe.salazar70@gmail.com,Jr. Delgado 229,Cajamarca,2022-10-29,1,1
1526,10001526,Ricardo Ríos Ibañez,,ricardo.rios.ibanez71@gmail.com,Av. Ramos 497,Jesús,2023-08-25,1,1
1527,10001527,Sebastián Contreras López,910011527,sebastian.contreras.lopez72@gmail.com,Ca. Vega 739,Baños del Inca,2024-04-18,1,1
1528,10001528,Juan Tello Reyes,910011528,juan.tello.reyes73@gmail.com,Jr. Paredes 667,Baños del Inca,2022-03-30,1,1
1529,10001529,Francisco Herrera Vargas,910011529,francisco.herrera.vargas74@gmail.com,Ca. Medina 412,Cajamarca,2022-05-21,1,1
1530,10001530,Antonio Guerrero García,910011530,antonio.guerrero.garcia75@gmail.com,Av. Guevara 517,Cajamarca,2023-01-20,1,1
1531,10001531,Antonio Huamán Ríos,,antonio.huaman.rios76@gmail.com,Ca. Paredes 498,Cajamarca,2025-05-30,1,1
1532,10001532,César Medina Silva,910011532,cesar.medina.silva77@gmail.com,Ca. Herrera 691,La Encañada,2023-08-14,1,1
1533,10001533,Fiorella Ibañez Campos,,fiorella.ibanez.campos78@gmail.com,Av. Soto 916,San Sebastián,2025-05-30,1,1
1534,10001534,Elena Puga Jiménez,910011534,elena.puga.jimenez79@gmail.com,Ca. Guevara 545,Cajamarca,2022-07-29,1,1
1535,10001535,Patricia Alva Guevara,910011535,patricia.alva.guevara80@gmail.com,Jr. Rojas 335,Jesús,2024-01-26,0,1
1536,10001536,Rosa Díaz Mendoza,910011536,rosa.diaz.mendoza81@gmail.com,Av. Altamirano 410,Cajamarca,2022-01-23,1,1
1537,10001537,Raúl Morales Quispe,910011537,raul.morales.quispe82@gmail.com,Jr. Silva 976,Baños del Inca,2023-08-03,1,1
1538,10001538,Jackeline López Campos,910011538,jackeline.lopez.campos83@gmail.com,Jr. Chávez 990,Cajamarca,2023-08-15,1,1
1539,10001539,Fernando Espinoza Jiménez,910011539,fernando.espinoza.jimenez84@gmail.com,Jr. Quispe 496,Cajamarca,2025-06-17,1,1
1540,10001540,Ángela Puga Altamirano,910011540,angela.puga.altamirano85@gmail.com,Av. Huamán 103,Cajamarca,2024-11-06,1,1
1541,10001541,César Herrera Vargas,910011541,cesar.herrera.vargas86@gmail.com,Jr. Flores 776,Cajamarca,2023-10-04,1,1
1542,10001542,Milagros Torres Ibañez,910011542,,Ca. Soto 322,Cajamarca,2025-07-17,1,1
1543,10001543,Álvaro Delgado Cárdenas,910011543,,Jr. Paredes 882,Cajamarca,2023-05-07,1,1
1544,10001544,Elena Flores Becerra,910011544,elena.flores.becerra89@gmail.com,Av. Cárdenas 955,Cajamarca,2022-01-16,1,1
1545,10001545,Milagros Ibañez Flores,910011545,milagros.ibanez.flores90@gmail.com,Av. Guevara 322,Cajamarca,2025-01-07,0,1
1546,10001546,Luis Mendoza Paredes,910011546,luis.mendoza.paredes91@gmail.com,Av. Vargas 802,Cajamarca,2023-11-25,0,1
1547,10001547,Jackeline Ramos Guevara,910011547,jackeline.ramos.guevara92@gmail.com,Jr. Gonzales 245,Cajamarca,2024-03-26,0,1
1548,10001548,Álvaro Cárdenas García,910011548,,Jr. Flores 137,Cajamarca,2022-04-21,1,1
1549,10001549,Rosa Díaz Reyes,910011549,,Ca. Becerra 489,Baños del Inca,2025-04-04,1,1
1550,10001550,Fiorella Huamán Becerra,910011550,fiorella.huaman.becerra95@gmail.com,Jr. Morales 435,Cajamarca,2024-11-20,1,1
1551,10001551,Jorge Herrera Jiménez,910011551,jorge.herrera.jimenez96@gmail.com,Jr. Alva 958,Baños del Inca,2023-06-10,1,1
1552,10001552,César Becerra Vega,910011552,cesar.becerra.vega0@gmail.com,Ca. Becerra 767,San Sebastián,2024-01-29,1,1
1553,10001553,Ana Soto Ríos,910011553,ana.soto.rios1@gmail.com,Ca. Ríos 540,Cajamarca,2025-06-27,1,1
1554,10001554,Roberto Huamán Mendoza,910011554,roberto.huaman.mendoza2@gmail.com,Jr. Vega 576,Cajamarca,2022-04-30,0,1
1555,10001555,Eduardo Cárdenas Campos,910011555,eduardo.cardenas.campos3@gmail.com,Av. Castro 231,Cajamarca,2024-06-05,0,1
1556,10001556,José García Mendoza,910011556,jose.garcia.mendoza4@gmail.com,Ca. Paredes 299,Cajamarca,2022-06-09,1,1
1557,10001557,Luis Vargas López,910011557,luis.vargas.lopez5@gmail.com,Jr. Cárdenas 974,Cajamarca,2022-01-08,1,1
1558,10001558,Fernando Puga Fernández,910011558,fernando.puga.fernandez6@gmail.com,Ca. Ramos 595,Cajamarca,2023-11-22,1,1
1559,10001559,Eduardo Rojas Salazar,910011559,eduardo.rojas.salazar7@gmail.com,Jr. Ibañez 979,Baños del Inca,2022-01-22,1,1
1560,10001560,Gabriela Becerra Altamirano,910011560,gabriela.becerra.altamirano8@gmail.com,Av. Reyes 921,Cajamarca,2023-01-03,1,1
1561,10001561,Mónica Silva López,910011561,monica.silva.lopez9@gmail.com,Jr. Medina 302,Baños del Inca,2022-09-09,1,1
1562,10001562,Antonio Cruz Vega,910011562,antonio.cruz.vega10@gmail.com,Av. Salazar 257,Cajamarca,2024-11-02,1,1
1563,10001563,Lucía Rojas Torres,910011563,lucia.rojas.torres11@gmail.com,Jr. Cruz 591,Baños del Inca,2024-03-16,1,1
1564,10001564,Juan Campos Delgado,910011564,juan.campos.delgado12@gmail.com,Jr. Díaz 942,Cajamarca,2024-06-07,1,1
1565,10001565,Paola López Torres,910011565,paola.lopez.torres13@gmail.com,Jr. Chávez 544,Cajamarca,2022-04-28,1,1
1566,10001566,Marco Fernández Rojas,910011566,marco.fernandez.rojas14@gmail.com,Jr. Altamirano 144,Cajamarca,2023-05-11,0,1
1567,10001567,Bruno Altamirano Cruz,,bruno.altamirano.cruz15@gmail.com,Ca. Ibañez 230,Cajamarca,2022-03-14,1,1
1568,10001568,Renzo Becerra Paredes,910011568,renzo.becerra.paredes16@gmail.com,Jr. Becerra 120,Baños del Inca,2024-08-23,0,1
1569,10001569,Raúl Cruz Vega,910011569,,Ca. Ríos 179,Cajamarca,2025-01-11,1,1
1570,10001570,Vilma Delgado Díaz,910011570,vilma.delgado.diaz18@gmail.com,Av. Guevara 129,Cajamarca,2023-01-01,0,1
1571,10001571,Sara Ibañez Torres,910011571,,Av. Alva 338,Cajamarca,2022-06-03,1,1
1572,10001572,Juana Delgado Castro,910011572,juana.delgado.castro20@gmail.com,Ca. Becerra 714,Cajamarca,2025-03-07,1,1
1573,10001573,Carlos Cruz Domínguez,910011573,,Av. García 775,Cajamarca,2024-05-04,1,1
1574,10001574,Paola Altamirano Mendoza,910011574,paola.altamirano.mendoza22@gmail.com,Ca. Domínguez 558,Cajamarca,2023-09-19,1,1
1575,10001575,Ángela Soto Morales,910011575,angela.soto.morales23@gmail.com,Jr. Reyes 103,Cajamarca,2024-10-07,0,1
1576,10001576,Juan Herrera Silva,910011576,juan.herrera.silva24@gmail.com,Jr. Quispe 217,Chetilla,2023-08-31,1,1
1577,10001577,Claudia Altamirano Morales,910011577,claudia.altamirano.morales25@gmail.com,Ca. Quispe 810,Cajamarca,2022-09-23,1,1
1578,10001578,Karin Delgado Ramos,910011578,karin.delgado.ramos26@gmail.com,Jr. Díaz 887,Cajamarca,2025-06-25,1,1
1579,10001579,Andrea Espinoza Fernández,910011579,andrea.espinoza.fernandez27@gmail.com,Av. Contreras 124,Cajamarca,2022-04-27,1,1
1580,10001580,Álvaro Contreras Castro,910011580,alvaro.contreras.castro28@gmail.com,Jr. Mendoza 480,Cajamarca,2022-02-25,1,1
1581,10001581,Alonso Díaz Espinoza,910011581,alonso.diaz.espinoza29@gmail.com,Ca. Gonzales 447,La Encañada,2023-08-01,1,1
1582,10001582,Miguel Medina Herrera,910011582,miguel.medina.herrera30@gmail.com,Jr. Sánchez 881,Baños del Inca,2023-04-14,1,1
1583,10001583,Diego Ibañez Vargas,,diego.ibanez.vargas31@gmail.com,Av. Soto 941,Cajamarca,2022-04-12,1,1
1584,10001584,César Puga Cárdenas,910011584,cesar.puga.cardenas32@gmail.com,Av. Chávez 106,San Sebastián,2023-07-31,1,1
1585,10001585,Nancy Guerrero Reyes,910011585,nancy.guerrero.reyes33@gmail.com,Av. Sánchez 944,Jesús,2022-11-14,1,1
1586,10001586,Rodrigo Herrera Vargas,910011586,,Av. Morales 447,Cajamarca,2025-03-14,1,1
1587,10001587,Renzo Quispe Medina,910011587,,Ca. Salazar 475,Cajamarca,2023-12-04,1,1
1588,10001588,Renzo Espinoza Fernández,,renzo.espinoza.fernandez36@gmail.com,Jr. Vargas 223,Cajamarca,2024-09-18,1,1
1589,10001589,Rosa Ramos Rojas,910011589,rosa.ramos.rojas37@gmail.com,Av. Díaz 300,Cajamarca,2022-10-18,1,1
1590,10001590,Daniela Medina Jiménez,910011590,daniela.medina.jimenez38@gmail.com,Jr. Flores 875,Cajamarca,2025-05-14,1,1
1591,10001591,Álvaro Díaz Díaz,910011591,alvaro.diaz.diaz39@gmail.com,Av. Silva 450,Baños del Inca,2024-07-28,1,1
1592,10001592,Gladys Sánchez Altamirano,910011592,,Jr. Gonzales 987,Baños del Inca,2024-03-15,1,1
1593,10001593,María Delgado Campos,910011593,maria.delgado.campos41@gmail.com,Ca. Jiménez 962,Cajamarca,2022-09-30,1,1
1594,10001594,Juan Vargas Vargas,910011594,juan.vargas.vargas42@gmail.com,Ca. Puga 416,Cajamarca,2024-05-07,1,1
1595,10001595,Juana Torres Ramos,910011595,juana.torres.ramos43@gmail.com,Av. Puga 654,Cajamarca,2022-05-21,1,1
1596,10001596,Fernando Mendoza Chávez,910011596,fernando.mendoza.chavez44@gmail.com,Jr. Puga 495,Cajamarca,2022-01-16,1,1
1597,10001597,Marco Espinoza Ibañez,910011597,marco.espinoza.ibanez45@gmail.com,Jr. Puga 418,Cajamarca,2024-03-31,1,1
1598,10001598,César Altamirano Domínguez,910011598,cesar.altamirano.dominguez46@gmail.com,Av. Alva 135,Baños del Inca,2022-09-19,1,1
1599,10001599,Andrea Díaz Castro,910011599,andrea.diaz.castro47@gmail.com,Ca. Sánchez 126,San Sebastián,2022-12-24,1,1
1600,10001600,Pedro Altamirano Soto,910011600,pedro.altamirano.soto48@gmail.com,Av. Medina 344,Cajamarca,2022-06-10,0,1
1601,10001601,Nancy Ibañez Altamirano,910011601,nancy.ibanez.altamirano49@gmail.com,Ca. Ramos 589,San Sebastián,2025-04-12,0,1
1602,10001602,Johana Mendoza Cruz,910011602,johana.mendoza.cruz50@gmail.com,Ca. Becerra 139,Cajamarca,2023-08-08,1,1
1603,10001603,Andrés Jiménez Mendoza,910011603,andres.jimenez.mendoza51@gmail.com,Jr. Ríos 304,Cajamarca,2022-01-30,0,1
1604,10001604,Lucía Puga Jiménez,910011604,lucia.puga.jimenez52@gmail.com,Av. Reyes 617,Cajamarca,2025-04-25,1,1
1605,10001605,José López Tello,,jose.lopez.tello53@gmail.com,Av. Altamirano 599,Cajamarca,2024-01-27,1,1
1606,10001606,Lucía Jiménez Mendoza,910011606,lucia.jimenez.mendoza54@gmail.com,Av. Puga 734,Cajamarca,2023-09-01,1,1
1607,10001607,Joaquín Vega Tello,910011607,joaquin.vega.tello55@gmail.com,Av. García 585,Cajamarca,2023-01-17,1,1
1608,10001608,Francisco Ibañez Díaz,910011608,francisco.ibanez.diaz56@gmail.com,Av. Soto 362,Cajamarca,2022-04-28,1,1
1609,10001609,María Quispe Fernández,910011609,maria.quispe.fernandez57@gmail.com,Ca. Jiménez 150,Cajamarca,2022-12-19,1,1
1610,10001610,Alonso Vega Altamirano,910011610,alonso.vega.altamirano58@gmail.com,Jr. Campos 580,Cajamarca,2025-03-24,1,1
1611,10001611,José Jiménez Castro,910011611,jose.jimenez.castro59@gmail.com,Av. Soto 494,Cajamarca,2025-01-21,1,1
1612,10001612,Ángela Chávez Altamirano,910011612,angela.chavez.altamirano60@gmail.com,Av. Vargas 549,Cajamarca,2023-01-27,1,1
1613,10001613,Lucía Guevara Salazar,910011613,lucia.guevara.salazar61@gmail.com,Ca. Ríos 459,Cajamarca,2022-04-28,1,1
1614,10001614,Carmen Fernández Becerra,910011614,carmen.fernandez.becerra62@gmail.com,Av. Cárdenas 416,Baños del Inca,2022-09-22,1,1
1615,10001615,Ricardo Jiménez Tello,910011615,ricardo.jimenez.tello63@gmail.com,Jr. Altamirano 892,Porcón,2022-12-15,1,1
1616,10001616,Milagros Sánchez García,910011616,milagros.sanchez.garcia64@gmail.com,Jr. Domínguez 512,Cajamarca,2025-03-15,1,1
1617,10001617,Antonio Alva Guerrero,910011617,antonio.alva.guerrero65@gmail.com,Jr. Gonzales 109,Cajamarca,2024-12-13,1,1
1618,10001618,Ricardo Guerrero Soto,910011618,ricardo.guerrero.soto66@gmail.com,Ca. Guevara 997,Cajamarca,2025-04-18,0,1
1619,10001619,Juana Vargas Alva,910011619,juana.vargas.alva67@gmail.com,Ca. Mendoza 813,San Sebastián,2022-10-03,1,1
1620,10001620,Carlos Campos Tello,910011620,carlos.campos.tello68@gmail.com,Jr. Rojas 796,Cajamarca,2023-08-21,1,1
1621,10001621,Mónica Reyes Altamirano,910011621,monica.reyes.altamirano69@gmail.com,Ca. Puga 348,Cajamarca,2023-03-27,1,1
1622,10001622,Ana Ramos Huamán,910011622,ana.ramos.huaman70@gmail.com,Jr. Tello 452,Baños del Inca,2025-03-05,1,1
1623,10001623,Ángela Domínguez Medina,,angela.dominguez.medina71@gmail.com,Jr. Ríos 249,Baños del Inca,2023-03-01,1,1
1624,10001624,Juan Díaz Vega,910011624,,Av. Ibañez 728,Baños del Inca,2025-04-18,1,1
1625,10001625,Rosa Domínguez Morales,910011625,rosa.dominguez.morales73@gmail.com,Jr. Silva 453,Cajamarca,2022-07-17,0,1
1626,10001626,Juan Gonzales Contreras,910011626,juan.gonzales.contreras74@gmail.com,Jr. Ramos 607,Llacanora,2024-08-05,1,1
1627,10001627,César Mendoza López,910011627,cesar.mendoza.lopez75@gmail.com,Av. Medina 172,Baños del Inca,2024-11-12,1,1
1628,10001628,Yolanda Delgado Medina,910011628,yolanda.delgado.medina76@gmail.com,Ca. Quispe 492,San Sebastián,2023-04-24,1,1
1629,10001629,Ángela García Tello,910011629,angela.garcia.tello77@gmail.com,Jr. Flores 362,Cajamarca,2022-06-06,1,1
1630,10001630,Cecilia Rojas Alva,910011630,cecilia.rojas.alva78@gmail.com,Jr. Vargas 993,Cajamarca,2024-07-02,0,1
1631,10001631,Gladys Morales Silva,910011631,gladys.morales.silva79@gmail.com,Jr. Sánchez 739,Baños del Inca,2023-05-27,1,1
1632,10001632,Valeria Sánchez Domínguez,910011632,valeria.sanchez.dominguez80@gmail.com,Ca. Ibañez 210,Cajamarca,2023-11-16,1,1
1633,10001633,Antonio Silva Domínguez,910011633,antonio.silva.dominguez81@gmail.com,Av. Ramos 311,San Sebastián,2022-02-23,1,1
1634,10001634,César Torres Guevara,910011634,cesar.torres.guevara82@gmail.com,Jr. Rojas 274,Baños del Inca,2024-05-19,1,1
1635,10001635,Yolanda Jiménez Mendoza,910011635,yolanda.jimenez.mendoza83@gmail.com,Ca. Guevara 138,Cajamarca,2024-09-17,1,1
1636,10001636,Karin Vega Huamán,,karin.vega.huaman84@gmail.com,Av. Ramos 194,San Sebastián,2022-05-21,1,1
1637,10001637,Carlos Quispe Becerra,910011637,carlos.quispe.becerra85@gmail.com,Av. Medina 772,Cajamarca,2023-12-20,1,1
1638,10001638,Mónica Paredes Domínguez,910011638,monica.paredes.dominguez86@gmail.com,Av. Campos 132,Cajamarca,2022-08-23,1,1
1639,10001639,Cecilia Espinoza Jiménez,910011639,cecilia.espinoza.jimenez87@gmail.com,Ca. Domínguez 719,Cajamarca,2022-04-22,1,1
1640,10001640,Francisco Gonzales Espinoza,910011640,francisco.gonzales.espinoza88@gmail.com,Ca. Campos 817,Cajamarca,2025-06-03,1,1
1641,10001641,Nancy Huamán Medina,910011641,nancy.huaman.medina89@gmail.com,Jr. Espinoza 651,Cajamarca,2024-09-01,1,1
1642,10001642,Jackeline Guerrero Salazar,910011642,jackeline.guerrero.salazar90@gmail.com,Ca. Guevara 888,Cajamarca,2022-11-29,1,1
1643,10001643,Joaquín Tello Torres,910011643,joaquin.tello.torres91@gmail.com,Av. Guevara 541,La Encañada,2024-03-19,0,1
1644,10001644,Raúl López Morales,910011644,raul.lopez.morales92@gmail.com,Av. Becerra 319,Baños del Inca,2022-09-29,0,1
1645,10001645,Patricia Espinoza Mendoza,910011645,patricia.espinoza.mendoza93@gmail.com,Ca. Gonzales 320,Cajamarca,2024-06-13,0,1
1646,10001646,Manuel Herrera Espinoza,910011646,manuel.herrera.espinoza94@gmail.com,Jr. Ramos 733,Cajamarca,2022-07-08,1,1
1647,10001647,Eduardo Silva Cárdenas,910011647,eduardo.silva.cardenas95@gmail.com,Jr. Gonzales 660,Baños del Inca,2023-01-14,1,1
1648,10001648,Bruno Guerrero Torres,910011648,bruno.guerrero.torres96@gmail.com,Ca. Vargas 684,Baños del Inca,2022-06-05,1,1
1649,10001649,María Flores Guevara,910011649,maria.flores.guevara0@gmail.com,Ca. Flores 706,Cajamarca,2022-12-02,1,1
1650,10001650,Carmen Fernández Cárdenas,910011650,,Av. Soto 325,Cajamarca,2022-01-17,1,1
1651,10001651,Rosa Cruz Silva,,rosa.cruz.silva2@gmail.com,Jr. Becerra 402,Cajamarca,2024-05-23,1,1
1652,10001652,Karin Chávez Castro,910011652,karin.chavez.castro3@gmail.com,Av. Ríos 611,Cajamarca,2023-03-22,1,1
1653,10001653,Francisco Domínguez Torres,910011653,francisco.dominguez.torres4@gmail.com,Ca. Díaz 407,Cajamarca,2022-07-21,1,1
1654,10001654,Pedro Fernández Reyes,910011654,,Av. Herrera 865,Cajamarca,2022-10-12,1,1
1655,10001655,Yolanda Vargas Espinoza,910011655,yolanda.vargas.espinoza6@gmail.com,Av. Flores 851,Cajamarca,2024-04-30,1,1
1656,10001656,Francisco Vega Cárdenas,910011656,francisco.vega.cardenas7@gmail.com,Av. Paredes 857,Cajamarca,2023-07-20,0,1
1657,10001657,Karin Reyes Cárdenas,910011657,karin.reyes.cardenas8@gmail.com,Av. Delgado 857,Cajamarca,2024-05-26,1,1
1658,10001658,Miguel Alva Flores,910011658,miguel.alva.flores9@gmail.com,Av. Puga 572,Cajamarca,2024-08-24,1,1
1659,10001659,Antonio Campos Tello,910011659,antonio.campos.tello10@gmail.com,Jr. Salazar 668,La Encañada,2024-11-09,1,1
1660,10001660,Karin Fernández Ríos,,karin.fernandez.rios11@gmail.com,Ca. Soto 695,Cajamarca,2025-05-25,1,1
1661,10001661,Miguel Ríos Paredes,910011661,miguel.rios.paredes12@gmail.com,Jr. Ramos 113,Baños del Inca,2025-06-05,0,1
1662,10001662,Milagros Ríos Huamán,,milagros.rios.huaman13@gmail.com,Jr. Tello 809,Cajamarca,2022-08-10,1,1
1663,10001663,Valeria Alva Salazar,910011663,valeria.alva.salazar14@gmail.com,Jr. Ibañez 357,Cajamarca,2024-02-07,1,1
1664,10001664,Fernando Contreras Flores,910011664,fernando.contreras.flores15@gmail.com,Jr. Becerra 939,Cajamarca,2023-10-31,1,1
1665,10001665,Milagros Becerra Alva,910011665,milagros.becerra.alva16@gmail.com,Jr. Contreras 427,Baños del Inca,2025-05-06,1,1
1666,10001666,Manuel Ibañez Contreras,910011666,manuel.ibanez.contreras17@gmail.com,Av. Rojas 509,Cajamarca,2023-08-16,1,1
1667,10001667,Rodrigo Soto Fernández,910011667,rodrigo.soto.fernandez18@gmail.com,Ca. Contreras 990,Cajamarca,2022-09-23,1,1
1668,10001668,Claudia Contreras Becerra,910011668,claudia.contreras.becerra19@gmail.com,Ca. Paredes 202,San Sebastián,2022-12-01,1,1
1669,10001669,Marco Puga Delgado,910011669,marco.puga.delgado20@gmail.com,Ca. López 552,Cajamarca,2025-05-24,1,1
1670,10001670,Marco Castro Mendoza,910011670,marco.castro.mendoza21@gmail.com,Av. Rojas 576,Cajamarca,2025-01-04,1,1
1671,10001671,Álvaro Herrera Castro,910011671,,Ca. Espinoza 137,Llacanora,2022-04-09,1,1
1672,10001672,Johana Cruz Cárdenas,910011672,johana.cruz.cardenas23@gmail.com,Av. Becerra 723,Cajamarca,2025-05-24,0,1
1673,10001673,César Gonzales Reyes,,cesar.gonzales.reyes24@gmail.com,Jr. Jiménez 704,Jesús,2025-07-15,1,1
1674,10001674,Jorge Guerrero Contreras,910011674,jorge.guerrero.contreras25@gmail.com,Jr. Vega 394,Cajamarca,2023-09-22,1,1
1675,10001675,Ana Alva Díaz,910011675,ana.alva.diaz26@gmail.com,Ca. Vega 970,Cajamarca,2025-03-30,1,1
1676,10001676,Francisco Campos Castro,910011676,francisco.campos.castro27@gmail.com,Jr. Rojas 273,Cajamarca,2023-08-04,1,1
1677,10001677,Juana Sánchez Morales,910011677,juana.sanchez.morales28@gmail.com,Av. Reyes 650,Cajamarca,2025-06-04,1,1
1678,10001678,Álvaro Jiménez Soto,910011678,alvaro.jimenez.soto29@gmail.com,Ca. Herrera 184,Cajamarca,2025-02-22,1,1
1679,10001679,Andrés Fernández Rojas,910011679,,Ca. Sánchez 496,Cajamarca,2025-05-09,1,1
1680,10001680,Elena Delgado Rojas,910011680,elena.delgado.rojas31@gmail.com,Ca. Vega 386,Baños del Inca,2024-11-13,1,1
1681,10001681,Renzo Rojas López,910011681,renzo.rojas.lopez32@gmail.com,Ca. Reyes 660,Cajamarca,2022-09-26,1,1
1682,10001682,Johana Chávez López,910011682,johana.chavez.lopez33@gmail.com,Av. Alva 258,Cajamarca,2024-08-26,1,1
1683,10001683,Juan Chávez Alva,910011683,juan.chavez.alva34@gmail.com,Jr. Díaz 502,Cajamarca,2022-08-31,0,1
1684,10001684,Daniela Herrera Rojas,910011684,daniela.herrera.rojas35@gmail.com,Av. Medina 795,Cajamarca,2024-07-21,1,1
1685,10001685,Ángela Medina Guerrero,910011685,angela.medina.guerrero36@gmail.com,Av. Salazar 587,Jesús,2023-09-06,0,1
1686,10001686,Juan Sánchez Vargas,910011686,juan.sanchez.vargas37@gmail.com,Ca. Fernández 288,Cajamarca,2025-02-01,1,1
1687,10001687,Bruno Becerra Huamán,910011687,,Av. Torres 264,Cajamarca,2023-12-18,0,1
1688,10001688,Elena Guerrero Paredes,910011688,elena.guerrero.paredes39@gmail.com,Jr. Delgado 684,Cajamarca,2024-02-19,1,1
1689,10001689,Fernando Rojas Domínguez,910011689,fernando.rojas.dominguez40@gmail.com,Av. Sánchez 579,Cajamarca,2023-05-12,1,1
1690,10001690,Renzo Flores Torres,910011690,renzo.flores.torres41@gmail.com,Jr. Espinoza 188,Cajamarca,2023-04-17,1,1
1691,10001691,Rodrigo Ramos Puga,910011691,rodrigo.ramos.puga42@gmail.com,Av. Cárdenas 644,Cajamarca,2024-11-14,0,1
1692,10001692,Sebastián Morales Gonzales,910011692,sebastian.morales.gonzales43@gmail.com,Jr. Soto 571,Cajamarca,2022-06-15,1,1
1693,10001693,Diego Silva Campos,910011693,diego.silva.campos44@gmail.com,Av. Silva 779,Cajamarca,2023-12-22,1,1
1694,10001694,Andrea Guerrero Espinoza,910011694,andrea.guerrero.espinoza45@gmail.com,Jr. Domínguez 215,Cajamarca,2022-10-09,1,1
1695,10001695,Antonio Fernández Ibañez,910011695,antonio.fernandez.ibanez46@gmail.com,Jr. Altamirano 733,Cajamarca,2022-04-15,1,1
1696,10001696,Cecilia Rojas Fernández,910011696,cecilia.rojas.fernandez47@gmail.com,Jr. Espinoza 882,Cajamarca,2023-01-26,1,1
1697,10001697,Sara Guerrero Herrera,910011697,sara.guerrero.herrera48@gmail.com,Jr. Delgado 474,Cajamarca,2023-05-05,1,1
1698,10001698,José Vargas Morales,910011698,jose.vargas.morales49@gmail.com,Ca. Campos 106,Cajamarca,2023-03-05,0,1
1699,10001699,Lucía Reyes Guevara,910011699,,Av. Sánchez 742,Cajamarca,2022-12-21,1,1
1700,10001700,Carlos Huamán Vargas,910011700,carlos.huaman.vargas51@gmail.com,Jr. Ríos 658,Llacanora,2022-01-14,1,1
1701,10001701,Diego López Contreras,910011701,diego.lopez.contreras52@gmail.com,Ca. López 328,La Encañada,2022-04-26,0,1
1702,10001702,Carlos Paredes Flores,910011702,carlos.paredes.flores53@gmail.com,Av. Ríos 691,Cajamarca,2025-02-28,1,1
1703,10001703,Pedro Morales Ramos,910011703,pedro.morales.ramos54@gmail.com,Ca. Rojas 108,Cajamarca,2023-01-04,1,1
1704,10001704,Manuel Chávez Castro,910011704,manuel.chavez.castro55@gmail.com,Av. Rojas 557,Cajamarca,2022-01-21,1,1
1705,10001705,Joaquín Herrera Domínguez,910011705,,Jr. Castro 824,Llacanora,2025-06-17,1,1
1706,10001706,Roberto Castro Jiménez,910011706,roberto.castro.jimenez57@gmail.com,Av. Chávez 324,Cajamarca,2023-11-11,1,1
1707,10001707,Joaquín Tello Soto,910011707,joaquin.tello.soto58@gmail.com,Jr. Ramos 290,Cajamarca,2022-05-09,1,1
1708,10001708,Paola Vega Medina,910011708,paola.vega.medina59@gmail.com,Ca. Ríos 408,Cajamarca,2023-09-13,1,1
1709,10001709,Diego Vargas Delgado,910011709,diego.vargas.delgado60@gmail.com,Av. Alva 263,San Sebastián,2024-07-16,1,1
1710,10001710,Mónica Reyes Silva,910011710,monica.reyes.silva61@gmail.com,Av. Morales 389,Cajamarca,2024-10-09,1,1
1711,10001711,Nancy Paredes Soto,,nancy.paredes.soto62@gmail.com,Av. López 621,Baños del Inca,2025-01-29,1,1
1712,10001712,Gabriela García Tello,910011712,gabriela.garcia.tello63@gmail.com,Jr. Chávez 711,Cajamarca,2023-01-28,1,1
1713,10001713,Juana Vargas Fernández,910011713,juana.vargas.fernandez64@gmail.com,Ca. Herrera 822,Cajamarca,2023-08-07,1,1
1714,10001714,Renzo Silva Domínguez,910011714,renzo.silva.dominguez65@gmail.com,Ca. Soto 737,Cajamarca,2022-04-27,0,1
1715,10001715,Juana Cruz Flores,910011715,juana.cruz.flores66@gmail.com,Ca. Cruz 575,Cajamarca,2023-08-19,1,1
1716,10001716,Nancy Quispe Flores,,nancy.quispe.flores67@gmail.com,Ca. Morales 853,Cajamarca,2024-09-07,1,1
1717,10001717,Antonio Díaz Puga,910011717,antonio.diaz.puga68@gmail.com,Jr. Salazar 198,Cajamarca,2024-07-09,1,1
1718,10001718,Claudia García Medina,910011718,claudia.garcia.medina69@gmail.com,Av. Medina 148,Baños del Inca,2022-08-31,1,1
1719,10001719,Jorge Sánchez Domínguez,910011719,jorge.sanchez.dominguez70@gmail.com,Av. Ibañez 124,Cajamarca,2022-11-04,0,1
1720,10001720,Ana Campos López,910011720,ana.campos.lopez71@gmail.com,Ca. Ramos 979,Cajamarca,2023-07-07,1,1
1721,10001721,Ángela Herrera Castro,910011721,angela.herrera.castro72@gmail.com,Jr. Reyes 929,Cajamarca,2022-06-27,1,1
1722,10001722,Miguel Díaz Contreras,910011722,miguel.diaz.contreras73@gmail.com,Av. Ríos 827,Llacanora,2023-08-14,1,1
1723,10001723,Ana Cruz Díaz,910011723,ana.cruz.diaz74@gmail.com,Ca. Silva 821,Cajamarca,2024-09-30,1,1
1724,10001724,Ana Domínguez Castro,910011724,ana.dominguez.castro75@gmail.com,Ca. Morales 795,San Sebastián,2024-06-29,1,1
1725,10001725,Ángela Cruz Vega,910011725,angela.cruz.vega76@gmail.com,Av. Salazar 613,Cajamarca,2023-03-02,1,1
1726,10001726,Joaquín Ramos Domínguez,910011726,joaquin.ramos.dominguez77@gmail.com,Av. Campos 954,Cajamarca,2023-11-10,1,1
1727,10001727,Carlos Puga Sánchez,910011727,carlos.puga.sanchez78@gmail.com,Av. García 331,Cajamarca,2022-03-03,1,1
1728,10001728,Rodrigo Sánchez Puga,910011728,,Jr. Espinoza 400,Cajamarca,2024-04-07,1,1
1729,10001729,Gladys Delgado Castro,910011729,gladys.delgado.castro80@gmail.com,Ca. Ibañez 518,Llacanora,2023-10-14,1,1
1730,10001730,Carmen Puga Ríos,910011730,carmen.puga.rios81@gmail.com,Ca. López 350,Cajamarca,2022-01-30,1,1
1731,10001731,Antonio Medina Herrera,910011731,antonio.medina.herrera82@gmail.com,Jr. Morales 632,Cajamarca,2025-01-02,1,1
1732,10001732,Raúl Domínguez Cruz,910011732,raul.dominguez.cruz83@gmail.com,Ca. Guevara 455,Cajamarca,2022-04-14,1,1
1733,10001733,Yolanda Alva Chávez,910011733,yolanda.alva.chavez84@gmail.com,Ca. Campos 699,La Encañada,2022-12-12,1,1
1734,10001734,Ángela Ríos Vargas,910011734,,Av. Silva 164,Cajamarca,2025-04-26,1,1
1735,10001735,Rosa Guevara Paredes,910011735,rosa.guevara.paredes86@gmail.com,Jr. Tello 347,Cajamarca,2023-10-28,1,1
1736,10001736,Diego Morales Fernández,910011736,,Ca. García 125,Baños del Inca,2024-10-15,1,1
1737,10001737,Claudia Torres Domínguez,910011737,claudia.torres.dominguez88@gmail.com,Ca. Ramos 453,Cajamarca,2024-03-26,1,1
1738,10001738,Sebastián Flores Gonzales,910011738,sebastian.flores.gonzales89@gmail.com,Ca. Morales 430,Jesús,2023-09-05,1,1
1739,10001739,María Paredes Espinoza,910011739,maria.paredes.espinoza90@gmail.com,Jr. Paredes 119,Cajamarca,2023-03-21,1,1
1740,10001740,Paola Cruz Gonzales,910011740,paola.cruz.gonzales91@gmail.com,Av. Cárdenas 416,Cajamarca,2024-11-01,1,1
1741,10001741,Rodrigo Vega Gonzales,910011741,rodrigo.vega.gonzales92@gmail.com,Ca. Castro 257,Cajamarca,2023-01-01,1,1
1742,10001742,Mónica Díaz Silva,910011742,monica.diaz.silva93@gmail.com,Jr. Becerra 321,Cajamarca,2022-01-20,1,1
1743,10001743,Roberto Reyes Campos,910011743,,Av. Chávez 339,Cajamarca,2022-01-10,1,1
1744,10001744,Andrés Huamán Becerra,910011744,andres.huaman.becerra95@gmail.com,Av. Castro 199,Cajamarca,2024-06-03,1,1
1745,10001745,Cecilia Alva Guevara,910011745,cecilia.alva.guevara96@gmail.com,Jr. Huamán 440,Cajamarca,2025-05-28,1,1
1746,10001746,Luis Fernández Herrera,910011746,luis.fernandez.herrera0@gmail.com,Jr. Torres 294,Llacanora,2025-06-26,1,1
1747,10001747,Pedro Torres Silva,910011747,pedro.torres.silva1@gmail.com,Ca. Guerrero 938,Cajamarca,2024-08-26,1,1
1748,10001748,Carlos Castro Campos,910011748,carlos.castro.campos2@gmail.com,Jr. Medina 751,Cajamarca,2024-12-22,1,1
1749,10001749,Ana Quispe Soto,910011749,ana.quispe.soto3@gmail.com,Av. Torres 185,Cajamarca,2022-04-16,1,1
1750,10001750,Paola Vargas Cárdenas,910011750,paola.vargas.cardenas4@gmail.com,Jr. Vega 237,Cajamarca,2022-04-29,0,1
1751,10001751,Carlos Becerra Campos,910011751,carlos.becerra.campos5@gmail.com,Ca. Ibañez 136,Cajamarca,2022-03-30,1,1
1752,10001752,César Espinoza Vargas,,cesar.espinoza.vargas6@gmail.com,Ca. Salazar 158,Baños del Inca,2023-07-23,1,1
1753,10001753,Mónica Delgado Mendoza,910011753,monica.delgado.mendoza7@gmail.com,Jr. Vargas 290,Cajamarca,2023-08-25,0,1
1754,10001754,Claudia López Morales,910011754,claudia.lopez.morales8@gmail.com,Av. Salazar 372,Cajamarca,2022-04-10,1,1
1755,10001755,Alonso Delgado Ibañez,910011755,,Jr. Salazar 677,Cajamarca,2024-06-16,1,1
1756,10001756,Yolanda Flores Flores,910011756,yolanda.flores.flores10@gmail.com,Ca. Jiménez 423,Cajamarca,2022-03-12,1,1
1757,10001757,Alonso Morales Puga,910011757,alonso.morales.puga11@gmail.com,Av. Díaz 515,Cajamarca,2025-06-17,1,1
1758,10001758,Gladys Tello Quispe,910011758,gladys.tello.quispe12@gmail.com,Jr. Soto 397,Cajamarca,2024-01-01,0,1
1759,10001759,Sebastián Domínguez Mendoza,910011759,sebastian.dominguez.mendoza13@gmail.com,Av. Chávez 701,Cajamarca,2024-11-21,1,1
1760,10001760,Juana Reyes Contreras,910011760,juana.reyes.contreras14@gmail.com,Av. Contreras 112,Cajamarca,2023-03-31,1,1
1761,10001761,Vilma Reyes Silva,910011761,,Jr. Jiménez 400,Cajamarca,2022-08-28,0,1
1762,10001762,Rodrigo Paredes Rojas,910011762,rodrigo.paredes.rojas16@gmail.com,Av. Puga 492,Cajamarca,2022-11-20,1,1
1763,10001763,Nancy Vargas Becerra,910011763,nancy.vargas.becerra17@gmail.com,Jr. Fernández 644,Cajamarca,2023-09-01,0,1
1764,10001764,Miguel Becerra Salazar,910011764,miguel.becerra.salazar18@gmail.com,Av. Huamán 619,Cajamarca,2025-05-19,1,1
1765,10001765,María Huamán Vargas,910011765,maria.huaman.vargas19@gmail.com,Jr. Gonzales 302,Llacanora,2025-04-05,1,1
1766,10001766,Luis Becerra Espinoza,910011766,luis.becerra.espinoza20@gmail.com,Jr. Rojas 509,Cajamarca,2023-07-02,0,1
1767,10001767,Juan Mendoza Ríos,910011767,juan.mendoza.rios21@gmail.com,Ca. Altamirano 798,San Sebastián,2022-11-11,0,1
1768,10001768,Andrés Tello Díaz,910011768,andres.tello.diaz22@gmail.com,Ca. Chávez 384,Baños del Inca,2024-07-02,1,1
1769,10001769,Sebastián Fernández Herrera,910011769,sebastian.fernandez.herrera23@gmail.com,Av. Tello 847,Cajamarca,2022-10-26,0,1
1770,10001770,Andrea Morales Delgado,910011770,andrea.morales.delgado24@gmail.com,Av. Guevara 999,Cajamarca,2022-05-12,1,1
1771,10001771,Nancy Silva Jiménez,910011771,nancy.silva.jimenez25@gmail.com,Ca. Quispe 686,San Sebastián,2025-06-29,1,1
1772,10001772,Lucía Morales Silva,910011772,,Ca. García 677,Cajamarca,2024-05-19,1,1
1773,10001773,Valeria Torres Quispe,910011773,valeria.torres.quispe27@gmail.com,Ca. Morales 579,Cajamarca,2023-11-22,1,1
1774,10001774,Álvaro Sánchez Jiménez,910011774,alvaro.sanchez.jimenez28@gmail.com,Ca. Vargas 627,Cajamarca,2023-12-08,1,1
1775,10001775,Nancy Quispe Ríos,910011775,nancy.quispe.rios29@gmail.com,Ca. Cárdenas 459,Cajamarca,2023-07-25,1,1
1776,10001776,Luis Herrera Delgado,910011776,luis.herrera.delgado30@gmail.com,Jr. Becerra 316,Cajamarca,2022-10-02,1,1
1777,10001777,Sebastián Soto García,910011777,sebastian.soto.garcia31@gmail.com,Av. Huamán 279,Llacanora,2022-02-21,0,1
1778,10001778,Andrés Becerra Vega,910011778,andres.becerra.vega32@gmail.com,Jr. García 956,San Sebastián,2024-02-19,1,1
1779,10001779,Luis Cárdenas Cárdenas,910011779,luis.cardenas.cardenas33@gmail.com,Av. López 177,Cajamarca,2024-08-27,1,1
1780,10001780,Carmen Torres Guerrero,910011780,carmen.torres.guerrero34@gmail.com,Ca. Herrera 906,Cajamarca,2024-07-06,1,1
1781,10001781,Carlos Jiménez Cruz,910011781,carlos.jimenez.cruz35@gmail.com,Ca. Ibañez 204,San Sebastián,2025-05-13,1,1
1782,10001782,Juana Vega Reyes,910011782,juana.vega.reyes36@gmail.com,Av. Herrera 366,San Sebastián,2022-06-14,1,1
1783,10001783,Eduardo Rojas López,910011783,eduardo.rojas.lopez37@gmail.com,Ca. López 951,Cajamarca,2025-06-27,1,1
1784,10001784,Johana Alva Quispe,910011784,,Av. Guerrero 110,Cajamarca,2025-07-23,1,1
1785,10001785,Alonso Delgado Becerra,910011785,alonso.delgado.becerra39@gmail.com,Av. Ibañez 355,Cajamarca,2022-01-08,1,1
1786,10001786,Sebastián Altamirano Flores,910011786,sebastian.altamirano.flores40@gmail.com,Av. Vargas 337,Cajamarca,2024-09-25,1,1
1787,10001787,Ricardo Herrera Medina,910011787,ricardo.herrera.medina41@gmail.com,Av. Guevara 611,Cajamarca,2023-03-16,1,1
1788,10001788,Sara Soto Mendoza,910011788,sara.soto.mendoza42@gmail.com,Av. Huamán 965,Baños del Inca,2023-03-19,1,1
1789,10001789,Manuel Silva Ríos,910011789,manuel.silva.rios43@gmail.com,Av. Altamirano 479,Cajamarca,2024-11-15,1,1
1790,10001790,Karin Chávez Espinoza,910011790,karin.chavez.espinoza44@gmail.com,Jr. Espinoza 949,Baños del Inca,2024-01-20,1,1
1791,10001791,Fernando Rojas López,910011791,fernando.rojas.lopez45@gmail.com,Av. Vega 382,Cajamarca,2025-06-20,1,1
1792,10001792,José Jiménez Morales,910011792,jose.jimenez.morales46@gmail.com,Av. Espinoza 967,Cajamarca,2025-01-21,1,1
1793,10001793,Raúl Rojas Cárdenas,910011793,raul.rojas.cardenas47@gmail.com,Ca. Becerra 412,Baños del Inca,2024-01-15,1,1
1794,10001794,Andrea Fernández Gonzales,910011794,andrea.fernandez.gonzales48@gmail.com,Jr. Becerra 787,Cajamarca,2024-12-19,1,1
1795,10001795,Carmen Medina Altamirano,910011795,carmen.medina.altamirano49@gmail.com,Av. Tello 935,Baños del Inca,2023-06-23,0,1
1796,10001796,Sara Herrera García,910011796,sara.herrera.garcia50@gmail.com,Ca. Torres 498,Cajamarca,2024-11-25,1,1
1797,10001797,Milagros Soto Vargas,,milagros.soto.vargas51@gmail.com,Jr. Medina 198,Cajamarca,2025-04-03,1,1
1798,10001798,Bruno Soto Salazar,910011798,bruno.soto.salazar52@gmail.com,Av. Gonzales 280,Cajamarca,2024-12-08,1,1
1799,10001799,Juana Jiménez Morales,910011799,juana.jimenez.morales53@gmail.com,Av. Sánchez 739,Cajamarca,2024-11-19,1,1
1800,10001800,Ana Castro Morales,910011800,,Jr. Vega 924,San Sebastián,2023-04-15,1,1
1801,10001801,Miguel Reyes Campos,,miguel.reyes.campos55@gmail.com,Ca. Ríos 609,San Sebastián,2023-12-22,1,1
1802,10001802,Manuel Domínguez Chávez,910011802,manuel.dominguez.chavez56@gmail.com,Av. Campos 437,Baños del Inca,2024-09-29,1,1
1803,10001803,Daniela Castro Sánchez,910011803,daniela.castro.sanchez57@gmail.com,Jr. Huamán 873,Cajamarca,2024-11-23,1,1
1804,10001804,Ricardo Fernández Guevara,910011804,ricardo.fernandez.guevara58@gmail.com,Av. Huamán 789,Cajamarca,2024-08-27,1,1
1805,10001805,César Huamán Delgado,910011805,cesar.huaman.delgado59@gmail.com,Av. García 472,Cajamarca,2023-12-06,1,1
1806,10001806,Bruno Tello Paredes,910011806,bruno.tello.paredes60@gmail.com,Jr. Puga 203,Cajamarca,2022-06-18,0,1
1807,10001807,Rodrigo López Mendoza,,,Jr. Tello 492,Cajamarca,2022-02-03,1,1
1808,10001808,Patricia Contreras Silva,,patricia.contreras.silva62@gmail.com,Av. García 169,Baños del Inca,2023-07-03,1,1
1809,10001809,Álvaro Ibañez Vargas,910011809,alvaro.ibanez.vargas63@gmail.com,Jr. Flores 525,Cajamarca,2025-05-25,0,1
1810,10001810,Cecilia Ibañez Quispe,910011810,,Jr. Vargas 470,Porcón,2025-05-01,1,1
1811,10001811,Milagros Vargas Reyes,910011811,milagros.vargas.reyes65@gmail.com,Jr. Ríos 664,Cajamarca,2024-12-15,1,1
1812,10001812,Vilma Guevara Paredes,910011812,vilma.guevara.paredes66@gmail.com,Av. Campos 837,Cajamarca,2024-03-12,1,1
1813,10001813,Álvaro Morales Puga,910011813,,Av. Cárdenas 597,Cajamarca,2023-03-14,1,1
1814,10001814,Andrea Quispe Becerra,910011814,andrea.quispe.becerra68@gmail.com,Ca. García 696,Chetilla,2022-11-27,1,1
1815,10001815,Álvaro Delgado Paredes,910011815,alvaro.delgado.paredes69@gmail.com,Av. Soto 847,Llacanora,2023-10-18,1,1
1816,10001816,Cecilia Ibañez Fernández,910011816,cecilia.ibanez.fernandez70@gmail.com,Ca. Espinoza 267,Cajamarca,2022-02-22,1,1
1817,10001817,Lucía Guerrero Cárdenas,910011817,lucia.guerrero.cardenas71@gmail.com,Jr. Alva 453,Cajamarca,2024-05-26,1,1
1818,10001818,Roberto Morales Ramos,910011818,roberto.morales.ramos72@gmail.com,Ca. Fernández 263,Cajamarca,2023-02-14,1,1
1819,10001819,Luis Alva Ramos,910011819,luis.alva.ramos73@gmail.com,Jr. Jiménez 771,Cajamarca,2023-06-12,1,1
1820,10001820,Yolanda Torres Paredes,910011820,yolanda.torres.paredes74@gmail.com,Jr. Cruz 112,Cajamarca,2022-10-07,1,1
1821,10001821,Ricardo Sánchez Alva,910011821,ricardo.sanchez.alva75@gmail.com,Av. Ríos 313,Baños del Inca,2022-11-30,1,1
1822,10001822,Francisco Becerra Domínguez,910011822,francisco.becerra.dominguez76@gmail.com,Jr. Reyes 924,Cajamarca,2024-08-30,1,1
1823,10001823,Ricardo Quispe Becerra,910011823,ricardo.quispe.becerra77@gmail.com,Ca. Castro 614,Llacanora,2024-09-23,1,1
1824,10001824,Fiorella Reyes Mendoza,910011824,fiorella.reyes.mendoza78@gmail.com,Ca. Ramos 491,Baños del Inca,2022-11-27,1,1
1825,10001825,Milagros Herrera Altamirano,910011825,milagros.herrera.altamirano79@gmail.com,Ca. Cárdenas 403,Porcón,2024-05-23,1,1
1826,10001826,Claudia Mendoza Alva,910011826,claudia.mendoza.alva80@gmail.com,Av. Vargas 187,Cajamarca,2024-03-23,1,1
1827,10001827,Gladys Fernández Herrera,910011827,gladys.fernandez.herrera81@gmail.com,Jr. Campos 153,Cajamarca,2024-02-23,1,1
1828,10001828,César Fernández Silva,910011828,cesar.fernandez.silva82@gmail.com,Av. Cruz 765,Cajamarca,2022-09-04,1,1
1829,10001829,Mónica Flores Domínguez,,monica.flores.dominguez83@gmail.com,Av. Mendoza 691,Cajamarca,2024-05-12,1,1
1830,10001830,Carmen Domínguez Becerra,910011830,carmen.dominguez.becerra84@gmail.com,Ca. Silva 168,Baños del Inca,2022-04-04,0,1
1831,10001831,Ricardo Chávez Fernández,910011831,ricardo.chavez.fernandez85@gmail.com,Av. Soto 696,Cajamarca,2023-11-08,1,1
1832,10001832,Sara Contreras Chávez,910011832,sara.contreras.chavez86@gmail.com,Av. Puga 134,Baños del Inca,2022-11-06,1,1
1833,10001833,Luis Guerrero Alva,910011833,luis.guerrero.alva87@gmail.com,Ca. Flores 581,San Sebastián,2022-12-12,1,1
1834,10001834,Raúl Quispe Morales,910011834,raul.quispe.morales88@gmail.com,Jr. Vega 375,Cajamarca,2024-06-01,1,1
1835,10001835,Johana Becerra Medina,910011835,,Ca. Puga 348,Cajamarca,2024-12-27,1,1
1836,10001836,Yolanda Chávez Gonzales,910011836,yolanda.chavez.gonzales90@gmail.com,Jr. Reyes 347,Cajamarca,2023-11-16,1,1
1837,10001837,Jackeline Salazar Contreras,910011837,jackeline.salazar.contreras91@gmail.com,Ca. Campos 662,Cajamarca,2024-05-17,1,1
1838,10001838,Eduardo Becerra Torres,910011838,eduardo.becerra.torres92@gmail.com,Av. Rojas 963,Cajamarca,2025-03-21,1,1
1839,10001839,Rosa Fernández Díaz,910011839,rosa.fernandez.diaz93@gmail.com,Av. Sánchez 570,Cajamarca,2022-09-27,1,1
1840,10001840,Vilma Silva Morales,910011840,vilma.silva.morales94@gmail.com,Av. Paredes 514,Cajamarca,2022-06-19,0,1
1841,10001841,César Ramos Ríos,910011841,cesar.ramos.rios95@gmail.com,Av. Rojas 219,Baños del Inca,2024-09-17,1,1
1842,10001842,Johana Fernández Silva,910011842,johana.fernandez.silva96@gmail.com,Ca. Flores 650,Cajamarca,2023-09-02,1,1
1843,10001843,Carmen Silva Herrera,910011843,carmen.silva.herrera0@gmail.com,Ca. Jiménez 802,Cajamarca,2025-01-19,0,1
1844,10001844,Johana Fernández Herrera,910011844,johana.fernandez.herrera1@gmail.com,Jr. Vega 217,Cajamarca,2025-02-11,1,1
1845,10001845,Eduardo Díaz Guerrero,910011845,eduardo.diaz.guerrero2@gmail.com,Jr. Herrera 264,Cajamarca,2024-04-11,0,1
1846,10001846,Juana Díaz Becerra,910011846,,Av. García 972,Cajamarca,2023-09-13,1,1
1847,10001847,Yolanda Torres Puga,910011847,yolanda.torres.puga4@gmail.com,Ca. Delgado 765,Baños del Inca,2025-01-24,1,1
1848,10001848,Elena Silva Becerra,910011848,elena.silva.becerra5@gmail.com,Jr. Campos 823,Cajamarca,2024-04-08,1,1
1849,10001849,Andrea Chávez García,910011849,andrea.chavez.garcia6@gmail.com,Ca. Cruz 859,San Sebastián,2024-04-29,1,1
1850,10001850,Ángela Fernández Cruz,910011850,angela.fernandez.cruz7@gmail.com,Ca. Díaz 568,Cajamarca,2022-09-07,0,1
1851,10001851,Juana Rojas Paredes,910011851,juana.rojas.paredes8@gmail.com,Jr. Reyes 482,Cajamarca,2023-12-15,1,1
1852,10001852,Joaquín Chávez Morales,910011852,joaquin.chavez.morales9@gmail.com,Ca. Puga 474,Cajamarca,2022-07-13,1,1
1853,10001853,Juan García Vega,910011853,juan.garcia.vega10@gmail.com,Av. Vega 892,San Sebastián,2022-04-13,1,1
1854,10001854,Jorge Huamán Fernández,910011854,jorge.huaman.fernandez11@gmail.com,Jr. Guevara 986,Cajamarca,2022-08-27,1,1
1855,10001855,Cecilia Rojas Contreras,910011855,cecilia.rojas.contreras12@gmail.com,Ca. Cárdenas 393,Cajamarca,2022-08-11,1,1
1856,10001856,Jackeline Flores Becerra,910011856,jackeline.flores.becerra13@gmail.com,Ca. Sánchez 253,Cajamarca,2024-02-13,1,1
1857,10001857,Ana Silva Paredes,910011857,ana.silva.paredes14@gmail.com,Ca. Delgado 731,Cajamarca,2023-11-09,0,1
1858,10001858,César Tello Torres,910011858,cesar.tello.torres15@gmail.com,Ca. Guerrero 969,Cajamarca,2024-06-06,1,1
1859,10001859,Jackeline Ríos García,910011859,jackeline.rios.garcia16@gmail.com,Ca. López 314,Baños del Inca,2023-10-04,1,1
1860,10001860,Paola Domínguez Salazar,910011860,paola.dominguez.salazar17@gmail.com,Ca. Silva 669,Cajamarca,2024-07-12,1,1
1861,10001861,Carmen Medina Paredes,,carmen.medina.paredes18@gmail.com,Jr. Guevara 499,Cajamarca,2023-09-19,1,1
1862,10001862,Johana Vargas Cárdenas,910011862,johana.vargas.cardenas19@gmail.com,Av. Soto 553,Cajamarca,2022-05-18,1,1
1863,10001863,Milagros Gonzales García,910011863,milagros.gonzales.garcia20@gmail.com,Av. Tello 421,Cajamarca,2023-09-14,1,1
1864,10001864,Sara Chávez Castro,,sara.chavez.castro21@gmail.com,Av. Rojas 767,Jesús,2023-06-30,1,1
1865,10001865,Miguel Ríos Gonzales,910011865,miguel.rios.gonzales22@gmail.com,Av. Contreras 209,Cajamarca,2023-12-07,1,1
1866,10001866,Cecilia Vega Cárdenas,910011866,cecilia.vega.cardenas23@gmail.com,Jr. Sánchez 489,Cajamarca,2025-04-30,1,1
1867,10001867,Patricia Alva Espinoza,910011867,patricia.alva.espinoza24@gmail.com,Jr. Silva 654,Baños del Inca,2022-09-25,1,1
1868,10001868,Ana Salazar Castro,910011868,ana.salazar.castro25@gmail.com,Av. Ramos 922,Llacanora,2024-12-14,1,1
1869,10001869,José Guerrero Fernández,910011869,jose.guerrero.fernandez26@gmail.com,Jr. Guevara 673,Cajamarca,2024-01-10,1,1
1870,10001870,Fernando Ibañez Guevara,910011870,fernando.ibanez.guevara27@gmail.com,Jr. Tello 483,Cajamarca,2023-09-08,1,1
1871,10001871,Renzo Medina Flores,910011871,renzo.medina.flores28@gmail.com,Jr. Alva 342,Cajamarca,2025-01-11,1,1
1872,10001872,Lucía Herrera Guevara,910011872,lucia.herrera.guevara29@gmail.com,Jr. López 227,San Sebastián,2022-08-14,1,1
1873,10001873,Claudia Silva Ramos,910011873,claudia.silva.ramos30@gmail.com,Jr. Paredes 204,Cajamarca,2024-04-11,1,1
1874,10001874,Antonio Huamán Becerra,910011874,,Av. Jiménez 439,Cajamarca,2023-04-04,1,1
1875,10001875,Sebastián Torres Jiménez,910011875,sebastian.torres.jimenez32@gmail.com,Jr. Paredes 683,Cajamarca,2022-12-19,0,1
1876,10001876,Carmen Soto Herrera,910011876,carmen.soto.herrera33@gmail.com,Jr. Díaz 393,Cajamarca,2024-08-02,1,1
1877,10001877,Lucía Gonzales Ramos,910011877,lucia.gonzales.ramos34@gmail.com,Ca. Puga 206,Chetilla,2022-09-29,0,1
1878,10001878,Ana Gonzales Cárdenas,910011878,ana.gonzales.cardenas35@gmail.com,Av. Espinoza 601,Cajamarca,2022-11-08,1,1
1879,10001879,Gladys Soto Vega,910011879,gladys.soto.vega36@gmail.com,Jr. Soto 991,Cajamarca,2023-02-20,1,1
1880,10001880,Claudia Altamirano Guevara,910011880,claudia.altamirano.guevara37@gmail.com,Ca. Sánchez 754,Cajamarca,2024-11-01,0,1
1881,10001881,Cecilia Morales Fernández,910011881,cecilia.morales.fernandez38@gmail.com,Ca. Chávez 907,Cajamarca,2024-12-15,0,1
1882,10001882,Karin Gonzales Alva,910011882,karin.gonzales.alva39@gmail.com,Ca. Vega 711,Cajamarca,2024-02-24,1,1
1883,10001883,Vilma Salazar Gonzales,910011883,vilma.salazar.gonzales40@gmail.com,Ca. Campos 135,Cajamarca,2022-02-14,1,1
1884,10001884,Marco Ramos Cruz,910011884,marco.ramos.cruz41@gmail.com,Ca. Medina 226,Cajamarca,2024-02-17,1,1
1885,10001885,Elena Ramos Flores,910011885,elena.ramos.flores42@gmail.com,Jr. Alva 674,Cajamarca,2022-10-27,1,1
1886,10001886,Cecilia Altamirano Fernández,910011886,cecilia.altamirano.fernandez43@gmail.com,Ca. Reyes 443,Cajamarca,2022-03-13,1,1
1887,10001887,Jorge Díaz Domínguez,910011887,jorge.diaz.dominguez44@gmail.com,Av. Guerrero 530,Cajamarca,2023-09-14,0,1
1888,10001888,Ángela López Cruz,910011888,angela.lopez.cruz45@gmail.com,Ca. Castro 662,Cajamarca,2024-11-01,0,1
1889,10001889,Rodrigo Paredes Contreras,910011889,rodrigo.paredes.contreras46@gmail.com,Jr. Flores 414,Cajamarca,2024-01-06,1,1
1890,10001890,Daniela Gonzales Gonzales,910011890,daniela.gonzales.gonzales47@gmail.com,Ca. Vega 462,Cajamarca,2024-02-23,1,1
1891,10001891,Juana Chávez Altamirano,910011891,juana.chavez.altamirano48@gmail.com,Jr. Vargas 319,Cajamarca,2025-02-28,1,1
1892,10001892,Ricardo Salazar Flores,910011892,ricardo.salazar.flores49@gmail.com,Av. Chávez 276,San Sebastián,2022-08-14,1,1
1893,10001893,Renzo Tello Altamirano,910011893,renzo.tello.altamirano50@gmail.com,Jr. Medina 926,Baños del Inca,2022-09-02,1,1
1894,10001894,Diego García Cárdenas,910011894,diego.garcia.cardenas51@gmail.com,Av. Puga 737,Cajamarca,2022-09-19,1,1
1895,10001895,Paola Alva Fernández,910011895,paola.alva.fernandez52@gmail.com,Av. Cruz 992,Cajamarca,2023-11-16,1,1
1896,10001896,Bruno Reyes Contreras,910011896,bruno.reyes.contreras53@gmail.com,Av. Sánchez 747,Baños del Inca,2024-03-28,1,1
1897,10001897,Ángela Mendoza López,910011897,angela.mendoza.lopez54@gmail.com,Jr. Tello 227,Cajamarca,2025-02-19,1,1
1898,10001898,Carmen Medina Espinoza,910011898,carmen.medina.espinoza55@gmail.com,Av. Castro 855,Cajamarca,2023-11-09,1,1
1899,10001899,Sebastián Fernández Vargas,910011899,sebastian.fernandez.vargas56@gmail.com,Ca. Chávez 484,Cajamarca,2023-09-03,1,1
1900,10001900,Fiorella Salazar Quispe,910011900,fiorella.salazar.quispe57@gmail.com,Ca. Chávez 352,Cajamarca,2022-08-07,1,1
1901,10001901,Rosa Gonzales López,910011901,rosa.gonzales.lopez58@gmail.com,Jr. Sánchez 953,Baños del Inca,2024-05-28,1,1
1902,10001902,Juan Huamán Salazar,910011902,juan.huaman.salazar59@gmail.com,Ca. Cruz 473,Cajamarca,2023-11-24,1,1
1903,10001903,Valeria Cárdenas Ramos,910011903,valeria.cardenas.ramos60@gmail.com,Jr. Fernández 187,Cajamarca,2022-10-09,1,1
1904,10001904,Roberto Guerrero Silva,910011904,roberto.guerrero.silva61@gmail.com,Jr. Soto 497,Cajamarca,2024-05-30,1,1
1905,10001905,Patricia Soto Soto,910011905,patricia.soto.soto62@gmail.com,Av. Campos 837,Baños del Inca,2022-09-10,1,1
1906,10001906,Ricardo Espinoza Cárdenas,910011906,ricardo.espinoza.cardenas63@gmail.com,Ca. Vargas 591,Cajamarca,2022-08-24,1,1
1907,10001907,Andrés Jiménez Tello,910011907,,Jr. García 613,Cajamarca,2025-02-07,1,1
1908,10001908,Valeria Alva Castro,910011908,valeria.alva.castro65@gmail.com,Ca. Chávez 124,Baños del Inca,2023-04-22,0,1
1909,10001909,Sebastián Alva Ríos,910011909,sebastian.alva.rios66@gmail.com,Av. Huamán 598,La Encañada,2023-11-23,1,1
1910,10001910,Sara López López,910011910,sara.lopez.lopez67@gmail.com,Av. Rojas 552,Cajamarca,2023-07-21,1,1
1911,10001911,Gladys Soto Medina,910011911,,Ca. Jiménez 395,Cajamarca,2025-05-09,1,1
1912,10001912,Rosa Salazar Silva,910011912,rosa.salazar.silva69@gmail.com,Jr. Delgado 412,Baños del Inca,2024-11-17,1,1
1913,10001913,Raúl Huamán Mendoza,910011913,raul.huaman.mendoza70@gmail.com,Jr. Gonzales 839,San Sebastián,2025-07-01,1,1
1914,10001914,Diego Becerra Paredes,910011914,diego.becerra.paredes71@gmail.com,Jr. Altamirano 819,Llacanora,2024-05-19,1,1
1915,10001915,Vilma García Soto,910011915,,Av. Becerra 835,Cajamarca,2022-05-16,1,1
1916,10001916,Lucía Paredes Fernández,910011916,lucia.paredes.fernandez73@gmail.com,Av. Becerra 720,Cajamarca,2023-04-08,1,1
1917,10001917,Juana Cárdenas Ramos,910011917,juana.cardenas.ramos74@gmail.com,Jr. Ramos 535,Cajamarca,2024-08-12,0,1
1918,10001918,Fernando Becerra Herrera,910011918,fernando.becerra.herrera75@gmail.com,Ca. Cruz 579,Cajamarca,2023-08-01,1,1
1919,10001919,Carmen Tello Vega,910011919,carmen.tello.vega76@gmail.com,Av. Cruz 712,Cajamarca,2022-06-16,1,1
1920,10001920,Roberto Mendoza Rojas,910011920,roberto.mendoza.rojas77@gmail.com,Jr. Paredes 645,Cajamarca,2023-02-23,1,1
1921,10001921,Renzo Quispe Vargas,,renzo.quispe.vargas78@gmail.com,Jr. Rojas 962,Cajamarca,2025-03-29,1,1
1922,10001922,Yolanda Reyes Fernández,910011922,yolanda.reyes.fernandez79@gmail.com,Av. Soto 429,Jesús,2022-07-04,1,1
1923,10001923,Pedro García Morales,910011923,pedro.garcia.morales80@gmail.com,Ca. Quispe 128,Jesús,2022-07-06,1,1
1924,10001924,Valeria Contreras Medina,910011924,valeria.contreras.medina81@gmail.com,Av. Puga 486,Cajamarca,2023-05-20,0,1
1925,10001925,Luis Puga Silva,910011925,luis.puga.silva82@gmail.com,Jr. Puga 425,Cajamarca,2024-01-07,1,1
1926,10001926,Fiorella García Cárdenas,910011926,fiorella.garcia.cardenas83@gmail.com,Jr. Ramos 514,Baños del Inca,2024-06-23,1,1
1927,10001927,Ana López García,,ana.lopez.garcia84@gmail.com,Av. Paredes 692,Baños del Inca,2025-06-11,1,1
1928,10001928,Andrés Vega Delgado,910011928,andres.vega.delgado85@gmail.com,Av. Díaz 414,Cajamarca,2025-07-12,1,1
1929,10001929,Mónica Morales Alva,910011929,monica.morales.alva86@gmail.com,Jr. Torres 831,Jesús,2023-12-28,1,1
1930,10001930,Juan Gonzales Silva,910011930,juan.gonzales.silva87@gmail.com,Jr. Ibañez 703,Cajamarca,2025-05-11,1,1
1931,10001931,César Cruz Delgado,910011931,cesar.cruz.delgado88@gmail.com,Ca. Ramos 277,Baños del Inca,2023-04-23,1,1
1932,10001932,Alonso Soto Rojas,910011932,,Jr. Delgado 119,Baños del Inca,2024-05-07,1,1
1933,10001933,Claudia López Chávez,910011933,claudia.lopez.chavez90@gmail.com,Ca. Ríos 650,Cajamarca,2023-10-19,1,1
1934,10001934,Raúl Castro Ríos,910011934,raul.castro.rios91@gmail.com,Ca. Salazar 183,Baños del Inca,2022-01-11,1,1
1935,10001935,Claudia Vega López,910011935,claudia.vega.lopez92@gmail.com,Av. Guevara 550,Cajamarca,2024-06-03,0,1
1936,10001936,Manuel Paredes Quispe,910011936,manuel.paredes.quispe93@gmail.com,Av. Morales 393,San Sebastián,2023-01-22,1,1
1937,10001937,Jorge Flores Ríos,910011937,jorge.flores.rios94@gmail.com,Av. Vargas 390,Chetilla,2022-02-16,1,1
1938,10001938,Marco Castro Contreras,910011938,,Jr. Becerra 132,Cajamarca,2022-03-08,1,1
1939,10001939,Rosa Díaz Torres,910011939,rosa.diaz.torres96@gmail.com,Ca. Ramos 784,Cajamarca,2023-12-11,1,1
1940,10001940,Rodrigo Rojas Morales,910011940,rodrigo.rojas.morales0@gmail.com,Av. Altamirano 369,Cajamarca,2022-03-27,1,1
1941,10001941,Francisco Fernández Silva,910011941,francisco.fernandez.silva1@gmail.com,Ca. Guevara 380,Cajamarca,2022-05-26,1,1
1942,10001942,Miguel Altamirano Altamirano,910011942,miguel.altamirano.altamirano2@gmail.com,Jr. Ibañez 352,Cajamarca,2022-01-01,1,1
1943,10001943,Cecilia Silva Herrera,910011943,cecilia.silva.herrera3@gmail.com,Av. Quispe 371,Baños del Inca,2025-02-20,1,1
1944,10001944,Lucía Domínguez Delgado,910011944,lucia.dominguez.delgado4@gmail.com,Ca. Paredes 485,Cajamarca,2024-07-20,0,1
1945,10001945,Andrés Puga Quispe,910011945,andres.puga.quispe5@gmail.com,Av. Domínguez 480,Cajamarca,2025-01-16,1,1
1946,10001946,Joaquín Díaz Domínguez,910011946,joaquin.diaz.dominguez6@gmail.com,Ca. Quispe 434,Cajamarca,2025-01-22,1,1
1947,10001947,Roberto Becerra Delgado,910011947,roberto.becerra.delgado7@gmail.com,Ca. Herrera 273,Cajamarca,2024-06-09,0,1
1948,10001948,Antonio Domínguez Guerrero,910011948,antonio.dominguez.guerrero8@gmail.com,Jr. López 247,Cajamarca,2023-04-28,1,1
1949,10001949,Cecilia Mendoza Cárdenas,910011949,cecilia.mendoza.cardenas9@gmail.com,Ca. García 565,Cajamarca,2022-11-22,1,1
1950,10001950,Andrés Salazar Espinoza,910011950,andres.salazar.espinoza10@gmail.com,Av. Díaz 865,Baños del Inca,2025-01-16,1,1
1951,10001951,César López Alva,910011951,,Ca. Vargas 373,Cajamarca,2024-11-24,1,1
1952,10001952,Valeria Ríos Tello,910011952,valeria.rios.tello12@gmail.com,Av. Cruz 474,Baños del Inca,2022-04-24,1,1
1953,10001953,Mónica Cárdenas Delgado,910011953,monica.cardenas.delgado13@gmail.com,Jr. García 892,Cajamarca,2022-06-04,1,1
1954,10001954,Roberto Becerra Guevara,910011954,roberto.becerra.guevara14@gmail.com,Av. Salazar 534,Cajamarca,2025-01-09,1,1
1955,10001955,Renzo Flores Guevara,910011955,renzo.flores.guevara15@gmail.com,Av. Mendoza 818,San Sebastián,2023-11-11,1,1
1956,10001956,Roberto Delgado Herrera,910011956,,Av. Soto 350,Cajamarca,2023-01-16,1,1
1957,10001957,Pedro Vega Castro,910011957,pedro.vega.castro17@gmail.com,Ca. Chávez 763,Cajamarca,2023-09-01,1,1
1958,10001958,Marco Gonzales Campos,910011958,marco.gonzales.campos18@gmail.com,Ca. García 147,Chetilla,2025-01-31,1,1
1959,10001959,Carmen Alva Chávez,910011959,carmen.alva.chavez19@gmail.com,Ca. Sánchez 616,Cajamarca,2022-02-26,1,1
1960,10001960,Cecilia Gonzales Torres,910011960,cecilia.gonzales.torres20@gmail.com,Jr. Espinoza 982,La Encañada,2023-01-03,1,1
1961,10001961,César Campos Huamán,910011961,cesar.campos.huaman21@gmail.com,Ca. Campos 847,Porcón,2023-03-18,1,1
1962,10001962,Eduardo López Rojas,910011962,eduardo.lopez.rojas22@gmail.com,Av. Huamán 459,Cajamarca,2023-05-29,1,1
1963,10001963,Jackeline Ramos Paredes,910011963,jackeline.ramos.paredes23@gmail.com,Jr. Flores 564,Baños del Inca,2023-09-26,1,1
1964,10001964,Sara Puga Guerrero,910011964,sara.puga.guerrero24@gmail.com,Jr. Cruz 186,Cajamarca,2022-11-24,1,1
1965,10001965,Pedro García Paredes,910011965,pedro.garcia.paredes25@gmail.com,Av. Guerrero 503,Cajamarca,2024-09-19,1,1
1966,10001966,Karin Soto Guerrero,910011966,karin.soto.guerrero26@gmail.com,Ca. Ibañez 880,San Sebastián,2024-01-27,1,1
1967,10001967,Eduardo Medina Sánchez,910011967,eduardo.medina.sanchez27@gmail.com,Jr. Rojas 279,Cajamarca,2022-10-28,1,1
1968,10001968,Lucía Campos Ibañez,910011968,lucia.campos.ibanez28@gmail.com,Av. Medina 870,Cajamarca,2025-01-14,1,1
1969,10001969,Ana Reyes Soto,,ana.reyes.soto29@gmail.com,Av. Díaz 592,San Sebastián,2022-04-16,0,1
1970,10001970,César Díaz Contreras,910011970,cesar.diaz.contreras30@gmail.com,Ca. Cárdenas 263,Cajamarca,2022-07-23,1,1
1971,10001971,Roberto Cárdenas Cárdenas,910011971,roberto.cardenas.cardenas31@gmail.com,Ca. Domínguez 630,Cajamarca,2023-03-23,0,1
1972,10001972,José García Castro,,jose.garcia.castro32@gmail.com,Av. Guevara 740,Baños del Inca,2025-04-20,1,1
1973,10001973,Jorge Ibañez Flores,,jorge.ibanez.flores33@gmail.com,Ca. Quispe 411,Cajamarca,2024-06-29,1,1
1974,10001974,Rosa Ibañez García,910011974,rosa.ibanez.garcia34@gmail.com,Jr. Soto 666,Cajamarca,2025-06-24,1,1
1975,10001975,Cecilia Castro Ramos,,cecilia.castro.ramos35@gmail.com,Ca. Vega 563,Baños del Inca,2022-12-16,1,1
1976,10001976,Juana Quispe Reyes,910011976,juana.quispe.reyes36@gmail.com,Ca. Gonzales 874,Cajamarca,2023-06-05,1,1
1977,10001977,Miguel Ibañez Rojas,910011977,,Jr. Alva 806,Baños del Inca,2023-08-23,1,1
1978,10001978,Milagros Díaz Medina,910011978,milagros.diaz.medina38@gmail.com,Jr. Fernández 284,Cajamarca,2023-08-27,1,1
1979,10001979,Ricardo Rojas Delgado,910011979,ricardo.rojas.delgado39@gmail.com,Jr. Altamirano 481,Cajamarca,2024-01-29,0,1
1980,10001980,Sebastián García Ramos,910011980,sebastian.garcia.ramos40@gmail.com,Av. Vega 412,Cajamarca,2023-06-15,0,1
1981,10001981,Jackeline Contreras Castro,910011981,jackeline.contreras.castro41@gmail.com,Av. Salazar 343,Cajamarca,2023-06-15,1,1
1982,10001982,Pedro Chávez Campos,910011982,pedro.chavez.campos42@gmail.com,Jr. Espinoza 109,La Encañada,2022-01-10,1,1
1983,10001983,Sara Soto Campos,,sara.soto.campos43@gmail.com,Ca. Paredes 574,Cajamarca,2024-07-29,1,1
1984,10001984,Andrea Díaz Díaz,910011984,andrea.diaz.diaz44@gmail.com,Jr. García 564,Cajamarca,2022-03-10,1,1
1985,10001985,Miguel Vega Jiménez,910011985,miguel.vega.jimenez45@gmail.com,Ca. Soto 256,Cajamarca,2022-04-22,0,1
1986,10001986,Milagros García Cárdenas,910011986,milagros.garcia.cardenas46@gmail.com,Ca. García 352,Cajamarca,2024-12-04,1,1
1987,10001987,Juana Herrera Huamán,910011987,juana.herrera.huaman47@gmail.com,Ca. García 191,Cajamarca,2022-09-05,1,1
1988,10001988,César Espinoza López,910011988,cesar.espinoza.lopez48@gmail.com,Ca. Ramos 992,Cajamarca,2023-05-24,1,1
1989,10001989,Manuel Vega Cruz,910011989,,Jr. Ibañez 839,Cajamarca,2023-04-20,0,1
1990,10001990,Johana Soto Chávez,910011990,johana.soto.chavez50@gmail.com,Jr. Delgado 692,Cajamarca,2024-02-13,0,1
1991,10001991,Carlos Puga Herrera,910011991,carlos.puga.herrera51@gmail.com,Ca. Soto 904,Cajamarca,2023-11-03,0,1
1992,10001992,Marco Reyes Campos,910011992,marco.reyes.campos52@gmail.com,Ca. Huamán 133,Cajamarca,2025-07-10,0,1
1993,10001993,Fernando Guevara Morales,,fernando.guevara.morales53@gmail.com,Ca. Contreras 858,Cajamarca,2025-02-01,1,1
1994,10001994,Daniela Castro Reyes,910011994,daniela.castro.reyes54@gmail.com,Jr. Jiménez 292,Cajamarca,2022-06-08,1,1
1995,10001995,Carlos Huamán Reyes,910011995,,Av. Rojas 983,San Sebastián,2023-08-10,1,1
1996,10001996,Daniela García Chávez,910011996,daniela.garcia.chavez56@gmail.com,Ca. Cruz 225,Jesús,2025-02-23,0,1
1997,10001997,Luis Espinoza Becerra,910011997,luis.espinoza.becerra57@gmail.com,Jr. Campos 786,Baños del Inca,2025-06-29,1,1
1998,10001998,Eduardo Delgado Puga,910011998,eduardo.delgado.puga58@gmail.com,Jr. Alva 867,Baños del Inca,2023-02-08,1,1
1999,10001999,María Flores Paredes,910011999,,Av. Reyes 814,La Encañada,2022-09-18,0,1
2000,10002000,Nancy Castro Ramos,910012000,nancy.castro.ramos60@gmail.com,Ca. Chávez 993,Cajamarca,2023-12-15,1,1
2001,10002001,Roberto Guerrero Huamán,910012001,roberto.guerrero.huaman61@gmail.com,Ca. Alva 454,Cajamarca,2022-04-01,1,1
2002,10002002,Daniela Gonzales Tello,910012002,daniela.gonzales.tello62@gmail.com,Av. Herrera 393,Porcón,2023-01-18,1,1
2003,10002003,Ángela Espinoza Torres,910012003,,Ca. Campos 604,Llacanora,2022-07-06,1,1
2004,10002004,Marco Herrera Cárdenas,910012004,marco.herrera.cardenas64@gmail.com,Jr. Huamán 952,Baños del Inca,2023-02-07,1,1
2005,10002005,Fernando Contreras Salazar,910012005,fernando.contreras.salazar65@gmail.com,Av. Guevara 236,Cajamarca,2022-01-19,1,1
2006,10002006,Fiorella Sánchez Delgado,910012006,,Ca. Huamán 424,Baños del Inca,2024-02-26,1,1
2007,10002007,Marco Ramos Delgado,910012007,marco.ramos.delgado67@gmail.com,Ca. Tello 200,Cajamarca,2024-03-30,1,1
2008,10002008,Elena Rojas Salazar,910012008,elena.rojas.salazar68@gmail.com,Jr. García 226,Cajamarca,2024-05-18,1,1
2009,10002009,Mónica Ríos Puga,910012009,monica.rios.puga69@gmail.com,Jr. Ramos 155,Cajamarca,2024-12-01,0,1
2010,10002010,María Vega Alva,910012010,maria.vega.alva70@gmail.com,Ca. Díaz 269,Cajamarca,2023-12-10,0,1
2011,10002011,Milagros Alva Jiménez,910012011,milagros.alva.jimenez71@gmail.com,Ca. Soto 949,Cajamarca,2024-08-07,0,1
2012,10002012,María Chávez Vega,910012012,maria.chavez.vega72@gmail.com,Ca. Cárdenas 533,Baños del Inca,2022-10-12,1,1
2013,10002013,Daniela López Campos,910012013,daniela.lopez.campos73@gmail.com,Av. Flores 278,Cajamarca,2023-10-24,1,1
2014,10002014,Mónica Salazar Fernández,910012014,monica.salazar.fernandez74@gmail.com,Av. Puga 495,Cajamarca,2025-06-14,0,1
2015,10002015,José Espinoza Ramos,910012015,jose.espinoza.ramos75@gmail.com,Av. López 480,Cajamarca,2024-11-06,1,1
2016,10002016,Andrea Cruz Mendoza,910012016,andrea.cruz.mendoza76@gmail.com,Av. Salazar 410,Cajamarca,2024-08-07,1,1
2017,10002017,Gladys López Rojas,910012017,gladys.lopez.rojas77@gmail.com,Ca. Soto 734,San Sebastián,2025-07-04,1,1
2018,10002018,Bruno Vega Soto,910012018,bruno.vega.soto78@gmail.com,Jr. Soto 450,Cajamarca,2022-05-13,1,1
2019,10002019,Vilma Guevara Cruz,910012019,,Jr. Medina 505,Cajamarca,2023-08-17,1,1
2020,10002020,Sebastián Contreras Flores,910012020,sebastian.contreras.flores80@gmail.com,Av. Rojas 237,Cajamarca,2022-08-14,1,1
2021,10002021,Ana Quispe Vega,910012021,ana.quispe.vega81@gmail.com,Av. Paredes 560,Cajamarca,2025-05-14,1,1
2022,10002022,Fiorella Quispe Campos,910012022,fiorella.quispe.campos82@gmail.com,Av. Guerrero 741,Baños del Inca,2024-07-17,0,1
2023,10002023,Rosa Contreras Salazar,910012023,rosa.contreras.salazar83@gmail.com,Ca. Contreras 964,Llacanora,2022-01-25,1,1
2024,10002024,Gladys Fernández Chávez,910012024,gladys.fernandez.chavez84@gmail.com,Av. Domínguez 713,Cajamarca,2024-03-13,0,1
2025,10002025,Yolanda Ibañez Domínguez,910012025,yolanda.ibanez.dominguez85@gmail.com,Jr. Herrera 469,Llacanora,2025-06-25,1,1
2026,10002026,Cecilia García Díaz,910012026,cecilia.garcia.diaz86@gmail.com,Jr. Reyes 511,Cajamarca,2024-05-26,1,1
2027,10002027,Ricardo Medina Flores,910012027,ricardo.medina.flores87@gmail.com,Jr. Contreras 652,Baños del Inca,2023-08-04,1,1
2028,10002028,Raúl Ríos Cárdenas,910012028,raul.rios.cardenas88@gmail.com,Ca. Silva 754,Cajamarca,2022-07-13,1,1
2029,10002029,Lucía Herrera Altamirano,,lucia.herrera.altamirano89@gmail.com,Av. García 429,Cajamarca,2023-03-31,1,1
2030,10002030,Fiorella Díaz López,910012030,fiorella.diaz.lopez90@gmail.com,Ca. Rojas 647,Cajamarca,2022-10-02,0,1
2031,10002031,María Cruz Castro,,maria.cruz.castro91@gmail.com,Ca. Chávez 934,Cajamarca,2023-12-31,1,1
2032,10002032,Sebastián Rojas Silva,910012032,sebastian.rojas.silva92@gmail.com,Jr. Silva 303,Baños del Inca,2022-07-20,1,1
2033,10002033,Elena Torres Herrera,910012033,elena.torres.herrera93@gmail.com,Ca. Salazar 707,Cajamarca,2023-02-09,1,1
2034,10002034,Miguel Tello Vega,910012034,miguel.tello.vega94@gmail.com,Av. Campos 268,Cajamarca,2022-05-10,1,1
2035,10002035,Pedro Chávez Torres,910012035,pedro.chavez.torres95@gmail.com,Av. Tello 887,Llacanora,2024-05-16,1,1
2036,10002036,Carlos Rojas Domínguez,910012036,carlos.rojas.dominguez96@gmail.com,Av. Espinoza 160,San Sebastián,2022-05-08,0,1
2037,10002037,Antonio Mendoza Fernández,910012037,,Jr. Chávez 793,Cajamarca,2023-02-10,1,1
2038,10002038,Paola Vega Medina,910012038,paola.vega.medina1@gmail.com,Jr. Alva 168,Cajamarca,2022-01-09,1,1
2039,10002039,Ricardo Chávez Torres,910012039,ricardo.chavez.torres2@gmail.com,Av. Torres 822,Baños del Inca,2023-12-18,1,1
2040,10002040,Roberto García Herrera,910012040,roberto.garcia.herrera3@gmail.com,Ca. Silva 151,Cajamarca,2022-01-22,1,1
2041,10002041,Pedro Guerrero Huamán,910012041,pedro.guerrero.huaman4@gmail.com,Av. Herrera 725,Cajamarca,2025-01-06,1,1
2042,10002042,Milagros Puga Ramos,910012042,milagros.puga.ramos5@gmail.com,Jr. Rojas 729,Baños del Inca,2024-11-30,1,1
2043,10002043,Cecilia García Huamán,910012043,,Jr. Rojas 692,Cajamarca,2023-02-05,0,1
2044,10002044,Cecilia Guevara Guevara,910012044,cecilia.guevara.guevara7@gmail.com,Ca. Ramos 815,Cajamarca,2022-10-01,1,1
2045,10002045,Roberto Altamirano García,910012045,roberto.altamirano.garcia8@gmail.com,Jr. Tello 607,Porcón,2024-05-16,0,1
2046,10002046,Pedro Castro Quispe,910012046,pedro.castro.quispe9@gmail.com,Ca. Guerrero 268,Cajamarca,2023-03-15,1,1
2047,10002047,Karin Sánchez Contreras,910012047,karin.sanchez.contreras10@gmail.com,Ca. Campos 267,Cajamarca,2023-04-24,1,1
2048,10002048,Cecilia Flores Contreras,910012048,cecilia.flores.contreras11@gmail.com,Ca. Paredes 287,Cajamarca,2022-11-18,1,1
2049,10002049,Nancy Rojas Gonzales,910012049,nancy.rojas.gonzales12@gmail.com,Ca. Contreras 123,Cajamarca,2023-11-30,1,1
2050,10002050,Andrés Vega Huamán,910012050,andres.vega.huaman13@gmail.com,Av. Ramos 643,Cajamarca,2022-08-26,1,1
2051,10002051,Álvaro Ríos Becerra,910012051,alvaro.rios.becerra14@gmail.com,Ca. Cruz 325,Cajamarca,2024-09-25,1,1
2052,10002052,César Puga Vargas,910012052,cesar.puga.vargas15@gmail.com,Jr. Silva 996,Cajamarca,2024-07-30,1,1
2053,10002053,Luis López Chávez,910012053,luis.lopez.chavez16@gmail.com,Jr. Ibañez 241,Cajamarca,2023-04-28,1,1
2054,10002054,Eduardo Flores García,910012054,eduardo.flores.garcia17@gmail.com,Ca. Guerrero 847,Cajamarca,2022-03-17,1,1
2055,10002055,Mónica Morales Contreras,910012055,monica.morales.contreras18@gmail.com,Av. Ríos 414,Cajamarca,2025-06-03,1,1
2056,10002056,Bruno Delgado Salazar,910012056,bruno.delgado.salazar19@gmail.com,Av. Puga 559,Cajamarca,2024-08-07,1,1
2057,10002057,Renzo Vega Herrera,,renzo.vega.herrera20@gmail.com,Av. Paredes 718,Cajamarca,2022-02-17,1,1
2058,10002058,Joaquín Reyes Campos,910012058,,Jr. Ibañez 921,La Encañada,2025-07-03,1,1
2059,10002059,Sebastián López Paredes,910012059,sebastian.lopez.paredes22@gmail.com,Jr. Chávez 761,Llacanora,2022-02-22,1,1
2060,10002060,Gabriela Cruz Vega,910012060,gabriela.cruz.vega23@gmail.com,Av. Mendoza 726,Cajamarca,2023-11-24,0,1
2061,10002061,Valeria López Becerra,910012061,valeria.lopez.becerra24@gmail.com,Av. Mendoza 928,Cajamarca,2024-01-27,1,1
2062,10002062,Sebastián Cruz Medina,910012062,sebastian.cruz.medina25@gmail.com,Ca. Paredes 656,Llacanora,2024-09-27,1,1
2063,10002063,Gabriela Gonzales Chávez,910012063,gabriela.gonzales.chavez26@gmail.com,Av. Cruz 928,Jesús,2023-10-07,1,1
2064,10002064,Ana Campos Campos,910012064,,Av. Contreras 367,Cajamarca,2023-01-01,1,1
2065,10002065,Gabriela Torres Becerra,910012065,gabriela.torres.becerra28@gmail.com,Av. Gonzales 606,Cajamarca,2025-01-16,1,1
2066,10002066,Francisco Salazar Guevara,910012066,,Ca. Torres 436,Cajamarca,2023-07-25,0,1
2067,10002067,Johana Altamirano López,910012067,johana.altamirano.lopez30@gmail.com,Jr. López 303,Cajamarca,2023-06-06,1,1
2068,10002068,Francisco Puga Huamán,910012068,francisco.puga.huaman31@gmail.com,Jr. Alva 284,Cajamarca,2024-08-12,1,1
2069,10002069,Renzo Ríos Ibañez,910012069,renzo.rios.ibanez32@gmail.com,Jr. Contreras 711,Jesús,2024-03-09,1,1
2070,10002070,Francisco Silva Huamán,910012070,francisco.silva.huaman33@gmail.com,Jr. Cruz 922,Jesús,2023-08-12,1,1
2071,10002071,Fiorella Jiménez Huamán,910012071,fiorella.jimenez.huaman34@gmail.com,Jr. Silva 867,Baños del Inca,2022-03-13,0,1
2072,10002072,Andrea Rojas López,910012072,andrea.rojas.lopez35@gmail.com,Jr. Salazar 788,Cajamarca,2023-06-04,1,1
2073,10002073,María Flores Vega,910012073,maria.flores.vega36@gmail.com,Jr. Vega 673,Cajamarca,2023-12-21,1,1
2074,10002074,Mónica Tello Paredes,910012074,monica.tello.paredes37@gmail.com,Jr. Guerrero 410,Baños del Inca,2024-03-08,1,1
2075,10002075,Roberto Flores Ríos,910012075,roberto.flores.rios38@gmail.com,Av. Puga 787,Cajamarca,2024-05-17,1,1
2076,10002076,Roberto Soto Huamán,910012076,roberto.soto.huaman39@gmail.com,Jr. Becerra 829,Cajamarca,2023-03-15,1,1
2077,10002077,Raúl Díaz Tello,910012077,raul.diaz.tello40@gmail.com,Av. López 906,Cajamarca,2024-05-02,0,1
2078,10002078,Gabriela Jiménez Jiménez,910012078,gabriela.jimenez.jimenez41@gmail.com,Ca. Salazar 405,Cajamarca,2025-03-03,1,1
2079,10002079,Rodrigo Torres Silva,910012079,,Jr. Torres 991,Cajamarca,2024-08-10,1,1
2080,10002080,Juan Herrera Ríos,910012080,juan.herrera.rios43@gmail.com,Av. Rojas 854,Cajamarca,2025-04-13,1,1
2081,10002081,María Ibañez Guerrero,910012081,maria.ibanez.guerrero44@gmail.com,Ca. Reyes 472,Cajamarca,2023-09-15,1,1
2082,10002082,Diego Torres Torres,910012082,diego.torres.torres45@gmail.com,Jr. Cruz 732,Cajamarca,2024-07-06,0,1
2083,10002083,Juan Tello Torres,910012083,juan.tello.torres46@gmail.com,Jr. Herrera 354,Cajamarca,2024-02-16,1,1
2084,10002084,Carmen Guerrero Huamán,910012084,carmen.guerrero.huaman47@gmail.com,Av. Tello 769,Cajamarca,2022-03-24,0,1
2085,10002085,Juana Flores Becerra,910012085,juana.flores.becerra48@gmail.com,Jr. Reyes 107,Cajamarca,2024-08-20,1,1
2086,10002086,Fernando Vargas Torres,910012086,,Ca. García 939,Cajamarca,2022-06-19,1,1
2087,10002087,Patricia Paredes Morales,910012087,patricia.paredes.morales50@gmail.com,Ca. Alva 361,Cajamarca,2025-01-08,1,1
2088,10002088,Milagros Vargas Silva,910012088,milagros.vargas.silva51@gmail.com,Jr. Cruz 882,Cajamarca,2023-09-13,1,1
2089,10002089,Claudia Herrera Delgado,910012089,claudia.herrera.delgado52@gmail.com,Jr. Silva 122,Baños del Inca,2025-02-15,1,1
2090,10002090,Johana Domínguez Cárdenas,910012090,johana.dominguez.cardenas53@gmail.com,Jr. Reyes 206,Cajamarca,2023-10-12,1,1
2091,10002091,Carmen Jiménez Reyes,910012091,carmen.jimenez.reyes54@gmail.com,Jr. Paredes 768,Cajamarca,2024-03-15,0,1
2092,10002092,Alonso Ibañez Sánchez,910012092,alonso.ibanez.sanchez55@gmail.com,Av. Tello 163,Cajamarca,2023-05-01,1,1
2093,10002093,Johana Quispe Cruz,910012093,johana.quispe.cruz56@gmail.com,Ca. García 198,Cajamarca,2022-10-02,1,1
2094,10002094,Antonio Cruz Herrera,910012094,,Av. García 954,Cajamarca,2024-01-31,1,1
2095,10002095,Vilma Soto García,910012095,vilma.soto.garcia58@gmail.com,Ca. Díaz 781,San Sebastián,2025-05-20,1,1
2096,10002096,Diego Rojas Herrera,910012096,diego.rojas.herrera59@gmail.com,Jr. Rojas 827,Baños del Inca,2022-01-25,1,1
2097,10002097,Claudia Díaz Mendoza,910012097,claudia.diaz.mendoza60@gmail.com,Jr. Domínguez 644,Jesús,2023-10-16,1,1
2098,10002098,Francisco Cárdenas Torres,910012098,francisco.cardenas.torres61@gmail.com,Jr. Rojas 365,Cajamarca,2023-10-21,1,1
2099,10002099,Mónica Fernández López,,monica.fernandez.lopez62@gmail.com,Jr. Rojas 881,Cajamarca,2022-07-29,0,1
2100,10002100,Cecilia Soto Morales,910012100,cecilia.soto.morales63@gmail.com,Jr. Chávez 700,Cajamarca,2022-09-05,1,1
2101,10002101,Juana Mendoza Becerra,910012101,juana.mendoza.becerra64@gmail.com,Ca. Cárdenas 731,Baños del Inca,2022-01-12,1,1
2102,10002102,Gladys Flores López,910012102,gladys.flores.lopez65@gmail.com,Jr. Cruz 383,Cajamarca,2022-11-10,1,1
2103,10002103,Mónica Puga Silva,910012103,monica.puga.silva66@gmail.com,Av. Becerra 301,La Encañada,2023-07-29,1,1
2104,10002104,Raúl Herrera Domínguez,910012104,raul.herrera.dominguez67@gmail.com,Jr. Campos 851,Cajamarca,2025-06-27,1,1
2105,10002105,Johana Mendoza Mendoza,910012105,johana.mendoza.mendoza68@gmail.com,Av. Morales 547,Cajamarca,2023-12-15,1,1
2106,10002106,Nancy Becerra Salazar,910012106,nancy.becerra.salazar69@gmail.com,Jr. Rojas 812,Cajamarca,2022-04-04,0,1
2107,10002107,Andrea García Torres,910012107,,Av. Castro 262,Baños del Inca,2024-02-08,1,1
2108,10002108,Diego Contreras Alva,910012108,diego.contreras.alva71@gmail.com,Jr. Domínguez 960,Cajamarca,2024-04-06,1,1
2109,10002109,José Cárdenas Ríos,,jose.cardenas.rios72@gmail.com,Jr. Puga 157,Cajamarca,2022-09-23,0,1
2110,10002110,Carmen Sánchez Castro,910012110,carmen.sanchez.castro73@gmail.com,Jr. Alva 694,Cajamarca,2022-08-18,1,1
2111,10002111,Jorge Delgado Herrera,910012111,jorge.delgado.herrera74@gmail.com,Jr. Guevara 431,Cajamarca,2025-02-03,1,1
2112,10002112,María Cruz Puga,910012112,maria.cruz.puga75@gmail.com,Jr. Fernández 230,Cajamarca,2024-02-23,1,1
2113,10002113,Fernando Jiménez Vega,910012113,fernando.jimenez.vega76@gmail.com,Av. López 885,Cajamarca,2024-03-28,0,1
2114,10002114,Roberto Morales Paredes,910012114,roberto.morales.paredes77@gmail.com,Av. Reyes 533,Cajamarca,2022-02-02,0,1
2115,10002115,Álvaro Cárdenas Tello,910012115,alvaro.cardenas.tello78@gmail.com,Jr. Gonzales 554,Cajamarca,2023-09-28,0,1
2116,10002116,Eduardo Reyes Salazar,910012116,eduardo.reyes.salazar79@gmail.com,Ca. Chávez 570,Cajamarca,2023-06-01,1,1
2117,10002117,Álvaro Díaz Domínguez,910012117,alvaro.diaz.dominguez80@gmail.com,Ca. García 993,Cajamarca,2024-04-25,1,1
2118,10002118,Sebastián Castro Guevara,910012118,sebastian.castro.guevara81@gmail.com,Ca. Mendoza 675,Cajamarca,2023-02-24,1,1
2119,10002119,Elena Morales Reyes,910012119,elena.morales.reyes82@gmail.com,Av. Sánchez 716,Cajamarca,2023-01-27,1,1
2120,10002120,Gabriela López Castro,910012120,gabriela.lopez.castro83@gmail.com,Jr. López 761,San Sebastián,2024-05-01,1,1
2121,10002121,Diego Paredes Silva,910012121,diego.paredes.silva84@gmail.com,Av. Delgado 382,Cajamarca,2022-02-28,1,1
2122,10002122,Ángela Medina Ramos,910012122,angela.medina.ramos85@gmail.com,Jr. Quispe 711,Cajamarca,2025-06-18,1,1
2123,10002123,Juana Reyes Salazar,910012123,juana.reyes.salazar86@gmail.com,Av. Delgado 419,Cajamarca,2023-05-20,0,1
2124,10002124,Ángela Huamán Cárdenas,910012124,angela.huaman.cardenas87@gmail.com,Jr. Chávez 493,Cajamarca,2023-07-06,1,1
2125,10002125,Rosa Ríos Campos,910012125,rosa.rios.campos88@gmail.com,Av. Ibañez 489,Cajamarca,2024-12-11,0,1
2126,10002126,Elena Jiménez Espinoza,910012126,,Jr. Huamán 514,Cajamarca,2024-08-10,1,1
2127,10002127,José Tello Herrera,910012127,,Ca. Paredes 668,Cajamarca,2022-05-22,0,1
2128,10002128,Ana Cruz Domínguez,910012128,ana.cruz.dominguez91@gmail.com,Ca. Torres 309,Cajamarca,2024-04-28,1,1
2129,10002129,Rodrigo García Quispe,910012129,rodrigo.garcia.quispe92@gmail.com,Jr. Rojas 313,Baños del Inca,2023-12-03,0,1
2130,10002130,Rodrigo Soto Herrera,910012130,,Av. Delgado 679,Cajamarca,2022-10-02,1,1
2131,10002131,Juana Rojas Chávez,910012131,juana.rojas.chavez94@gmail.com,Av. Castro 745,Cajamarca,2024-07-14,0,1
2132,10002132,María Tello Huamán,910012132,maria.tello.huaman95@gmail.com,Jr. Fernández 298,Cajamarca,2024-11-26,1,1
2133,10002133,Carlos Silva Jiménez,910012133,carlos.silva.jimenez96@gmail.com,Ca. Paredes 502,Cajamarca,2024-02-04,1,1
2134,10002134,José Alva Jiménez,910012134,jose.alva.jimenez0@gmail.com,Av. Campos 411,Cajamarca,2022-04-20,1,1
2135,10002135,Cecilia Medina Quispe,910012135,cecilia.medina.quispe1@gmail.com,Ca. Soto 470,Cajamarca,2024-03-23,1,1
2136,10002136,Sebastián Altamirano Cárdenas,910012136,sebastian.altamirano.cardenas2@gmail.com,Jr. Cruz 738,Cajamarca,2024-04-24,1,1
2137,10002137,Nancy Castro Tello,910012137,nancy.castro.tello3@gmail.com,Jr. Silva 418,Chetilla,2023-05-04,1,1
2138,10002138,Pedro García Alva,910012138,pedro.garcia.alva4@gmail.com,Av. Medina 241,Cajamarca,2022-05-05,1,1
2139,10002139,Juana Puga Herrera,910012139,juana.puga.herrera5@gmail.com,Jr. Ibañez 480,Cajamarca,2022-01-11,0,1
2140,10002140,Álvaro Sánchez Guevara,910012140,alvaro.sanchez.guevara6@gmail.com,Jr. Vega 505,Cajamarca,2022-11-26,1,1
2141,10002141,Álvaro Puga Salazar,910012141,alvaro.puga.salazar7@gmail.com,Av. Altamirano 873,Cajamarca,2022-01-03,1,1
2142,10002142,Fiorella Ramos Contreras,910012142,fiorella.ramos.contreras8@gmail.com,Av. Mendoza 934,San Sebastián,2024-02-27,0,1
2143,10002143,Milagros Campos Flores,910012143,,Jr. Cárdenas 292,Cajamarca,2022-10-19,1,1
2144,10002144,Daniela Gonzales Ibañez,,daniela.gonzales.ibanez10@gmail.com,Jr. Cárdenas 784,Cajamarca,2024-04-22,1,1
2145,10002145,Eduardo Tello Paredes,910012145,eduardo.tello.paredes11@gmail.com,Ca. Sánchez 606,Cajamarca,2024-10-31,1,1
2146,10002146,Ana Torres Cárdenas,910012146,ana.torres.cardenas12@gmail.com,Jr. Medina 838,Jesús,2023-04-25,1,1
2147,10002147,Lucía Guevara Altamirano,910012147,lucia.guevara.altamirano13@gmail.com,Av. Cárdenas 971,Cajamarca,2024-04-07,1,1
2148,10002148,Raúl Huamán Díaz,910012148,raul.huaman.diaz14@gmail.com,Jr. Quispe 400,Cajamarca,2022-08-30,1,1
2149,10002149,Lucía Fernández Ramos,910012149,lucia.fernandez.ramos15@gmail.com,Ca. Medina 875,Cajamarca,2024-10-03,1,1
2150,10002150,Ana Ibañez Puga,910012150,ana.ibanez.puga16@gmail.com,Jr. Ibañez 676,Cajamarca,2024-04-14,1,1
2151,10002151,Sara Campos Díaz,910012151,sara.campos.diaz17@gmail.com,Av. Silva 881,Cajamarca,2022-07-24,0,1
2152,10002152,Eduardo Guevara Puga,910012152,eduardo.guevara.puga18@gmail.com,Av. Fernández 988,Cajamarca,2023-06-01,1,1
2153,10002153,Johana Gonzales Guerrero,,johana.gonzales.guerrero19@gmail.com,Ca. Torres 106,Cajamarca,2024-11-08,1,1
2154,10002154,Daniela Quispe Delgado,910012154,daniela.quispe.delgado20@gmail.com,Av. Silva 876,Cajamarca,2022-12-10,1,1
2155,10002155,Renzo Huamán Díaz,910012155,renzo.huaman.diaz21@gmail.com,Av. Campos 520,Cajamarca,2025-03-29,1,1
2156,10002156,Valeria Morales Morales,910012156,valeria.morales.morales22@gmail.com,Ca. Díaz 651,Porcón,2023-02-11,0,1
2157,10002157,Rosa Silva Castro,910012157,rosa.silva.castro23@gmail.com,Ca. Guevara 172,Cajamarca,2024-10-12,1,1
2158,10002158,Fernando Soto Ríos,910012158,fernando.soto.rios24@gmail.com,Av. Ibañez 415,Cajamarca,2022-01-07,1,1
2159,10002159,Fernando Domínguez Guevara,910012159,fernando.dominguez.guevara25@gmail.com,Jr. Vega 148,Cajamarca,2023-09-07,1,1
2160,10002160,María Cárdenas Silva,910012160,maria.cardenas.silva26@gmail.com,Jr. Chávez 624,Llacanora,2024-01-31,1,1
2161,10002161,Fernando Chávez Ramos,910012161,,Av. Huamán 812,Cajamarca,2024-01-17,1,1
2162,10002162,Valeria Guevara Flores,910012162,valeria.guevara.flores28@gmail.com,Jr. Castro 704,Baños del Inca,2023-08-22,1,1
2163,10002163,Carlos Altamirano Campos,910012163,,Ca. Cruz 740,Cajamarca,2025-01-23,1,1
2164,10002164,Fernando Castro Díaz,910012164,fernando.castro.diaz30@gmail.com,Jr. Huamán 485,Cajamarca,2023-04-29,1,1
2165,10002165,Carlos López Sánchez,910012165,carlos.lopez.sanchez31@gmail.com,Ca. Cruz 521,Cajamarca,2024-11-06,1,1
2166,10002166,Juan Paredes Ríos,910012166,juan.paredes.rios32@gmail.com,Jr. Chávez 710,Cajamarca,2025-01-15,1,1
2167,10002167,Jackeline Flores Domínguez,910012167,jackeline.flores.dominguez33@gmail.com,Ca. Morales 859,Cajamarca,2024-11-23,1,1
2168,10002168,Sara Sánchez Silva,910012168,sara.sanchez.silva34@gmail.com,Ca. Ríos 288,Cajamarca,2025-03-27,0,1
2169,10002169,Ricardo Domínguez Vega,910012169,ricardo.dominguez.vega35@gmail.com,Av. Torres 150,Cajamarca,2022-01-28,1,1
2170,10002170,Yolanda Rojas Vega,910012170,yolanda.rojas.vega36@gmail.com,Jr. Quispe 928,Cajamarca,2023-06-10,0,1
2171,10002171,Valeria Mendoza Flores,910012171,valeria.mendoza.flores37@gmail.com,Av. Jiménez 695,Cajamarca,2022-10-03,0,1
2172,10002172,Lucía Flores Fernández,910012172,lucia.flores.fernandez38@gmail.com,Ca. Domínguez 636,Cajamarca,2022-09-06,1,1
2173,10002173,Sara Paredes Campos,910012173,sara.paredes.campos39@gmail.com,Av. Ramos 509,Cajamarca,2024-12-16,1,1
2174,10002174,Cecilia Díaz Torres,910012174,cecilia.diaz.torres40@gmail.com,Av. Ramos 495,Cajamarca,2022-09-11,1,1
2175,10002175,Luis Fernández Sánchez,910012175,luis.fernandez.sanchez41@gmail.com,Av. Salazar 898,San Sebastián,2022-09-29,1,1
2176,10002176,Yolanda Flores Altamirano,,yolanda.flores.altamirano42@gmail.com,Ca. Morales 280,La Encañada,2025-01-11,1,1
2177,10002177,Yolanda Gonzales Campos,910012177,yolanda.gonzales.campos43@gmail.com,Jr. Chávez 257,Cajamarca,2024-03-31,1,1
2178,10002178,Miguel Mendoza Cruz,910012178,miguel.mendoza.cruz44@gmail.com,Ca. Jiménez 784,Cajamarca,2023-02-23,1,1
2179,10002179,Cecilia Morales Rojas,910012179,cecilia.morales.rojas45@gmail.com,Ca. Ramos 235,Cajamarca,2024-01-19,1,1
2180,10002180,Miguel Reyes Cruz,910012180,miguel.reyes.cruz46@gmail.com,Ca. Contreras 297,Cajamarca,2022-04-18,1,1
2181,10002181,Eduardo Morales Castro,910012181,eduardo.morales.castro47@gmail.com,Ca. Puga 495,Cajamarca,2024-05-07,1,1
2182,10002182,Ricardo Cruz Campos,910012182,ricardo.cruz.campos48@gmail.com,Ca. Ramos 717,Cajamarca,2022-09-13,1,1
2183,10002183,Ana Vega Mendoza,910012183,ana.vega.mendoza49@gmail.com,Ca. López 777,Cajamarca,2023-11-10,1,1
2184,10002184,Claudia Soto Contreras,910012184,claudia.soto.contreras50@gmail.com,Jr. Chávez 456,Cajamarca,2023-12-15,0,1
2185,10002185,Claudia Silva Fernández,910012185,claudia.silva.fernandez51@gmail.com,Av. Ibañez 419,La Encañada,2022-01-08,1,1
2186,10002186,Alonso Flores Jiménez,910012186,alonso.flores.jimenez52@gmail.com,Av. Delgado 813,Cajamarca,2024-01-02,1,1
2187,10002187,Luis Vargas Medina,910012187,luis.vargas.medina53@gmail.com,Av. Paredes 736,Cajamarca,2025-03-26,1,1
2188,10002188,Álvaro Herrera Huamán,910012188,alvaro.herrera.huaman54@gmail.com,Ca. Tello 196,Llacanora,2025-04-21,1,1
2189,10002189,Valeria Quispe Ríos,910012189,valeria.quispe.rios55@gmail.com,Jr. Tello 857,Cajamarca,2023-08-13,1,1
2190,10002190,Jorge Rojas Paredes,910012190,jorge.rojas.paredes56@gmail.com,Ca. Contreras 628,Porcón,2023-07-31,1,1
2191,10002191,Johana Soto Paredes,910012191,johana.soto.paredes57@gmail.com,Av. Guerrero 165,Cajamarca,2024-02-06,1,1
2192,10002192,Sara Espinoza Guerrero,910012192,sara.espinoza.guerrero58@gmail.com,Jr. Tello 549,Cajamarca,2023-07-27,1,1
2193,10002193,Alonso Morales Paredes,910012193,alonso.morales.paredes59@gmail.com,Av. Paredes 602,Cajamarca,2024-12-10,1,1
2194,10002194,Jackeline Espinoza Huamán,910012194,jackeline.espinoza.huaman60@gmail.com,Jr. Flores 147,Cajamarca,2025-07-22,1,1
2195,10002195,Renzo Cruz Díaz,910012195,renzo.cruz.diaz61@gmail.com,Jr. Gonzales 232,Cajamarca,2022-08-04,1,1
2196,10002196,Carmen Ramos Chávez,910012196,carmen.ramos.chavez62@gmail.com,Ca. Rojas 785,Baños del Inca,2023-08-25,1,1
2197,10002197,Diego Vargas Reyes,910012197,diego.vargas.reyes63@gmail.com,Ca. García 149,Llacanora,2024-03-26,1,1
2198,10002198,Valeria Soto Espinoza,910012198,valeria.soto.espinoza64@gmail.com,Jr. Quispe 993,Baños del Inca,2025-04-22,1,1
2199,10002199,José López Ramos,910012199,jose.lopez.ramos65@gmail.com,Jr. Cruz 595,Cajamarca,2023-10-27,1,1
2200,10002200,Carmen Puga Altamirano,910012200,carmen.puga.altamirano66@gmail.com,Av. Silva 147,Baños del Inca,2024-04-10,1,1
2201,10002201,Roberto Reyes Puga,910012201,roberto.reyes.puga67@gmail.com,Ca. Delgado 163,Cajamarca,2024-10-13,1,1
2202,10002202,Karin Mendoza Jiménez,910012202,karin.mendoza.jimenez68@gmail.com,Ca. Vega 779,Cajamarca,2022-06-08,1,1
2203,10002203,Álvaro López Herrera,910012203,alvaro.lopez.herrera69@gmail.com,Av. Huamán 188,Baños del Inca,2022-06-11,1,1
2204,10002204,César Ramos Cárdenas,910012204,cesar.ramos.cardenas70@gmail.com,Av. Becerra 737,Cajamarca,2022-10-06,1,1
2205,10002205,Marco Díaz Soto,910012205,marco.diaz.soto71@gmail.com,Jr. Cárdenas 517,Chetilla,2025-07-17,1,1
2206,10002206,Mónica Flores Quispe,910012206,monica.flores.quispe72@gmail.com,Av. Vargas 351,Cajamarca,2025-03-21,1,1
2207,10002207,Rosa Díaz Altamirano,910012207,rosa.diaz.altamirano73@gmail.com,Av. Torres 107,Cajamarca,2022-09-29,1,1
2208,10002208,Andrea Vargas Guerrero,910012208,andrea.vargas.guerrero74@gmail.com,Av. Huamán 958,Cajamarca,2022-05-15,1,1
2209,10002209,Claudia Ibañez Quispe,910012209,claudia.ibanez.quispe75@gmail.com,Av. Ramos 604,Cajamarca,2023-08-13,1,1
2210,10002210,Milagros Espinoza Puga,910012210,milagros.espinoza.puga76@gmail.com,Jr. Huamán 800,Cajamarca,2022-08-30,1,1
2211,10002211,Juan Castro Guerrero,910012211,juan.castro.guerrero77@gmail.com,Jr. López 773,Cajamarca,2022-11-25,1,1
2212,10002212,Sebastián Fernández Medina,910012212,sebastian.fernandez.medina78@gmail.com,Ca. Altamirano 291,Cajamarca,2023-03-22,1,1
2213,10002213,María Ibañez Castro,910012213,maria.ibanez.castro79@gmail.com,Av. Chávez 267,Cajamarca,2024-04-29,1,1
2214,10002214,Jackeline Jiménez Guerrero,910012214,jackeline.jimenez.guerrero80@gmail.com,Av. Torres 505,Cajamarca,2024-08-20,0,1
2215,10002215,Andrés Rojas Huamán,910012215,andres.rojas.huaman81@gmail.com,Ca. Rojas 832,Cajamarca,2023-11-09,1,1
2216,10002216,Rodrigo Herrera Jiménez,910012216,rodrigo.herrera.jimenez82@gmail.com,Jr. Sánchez 833,Llacanora,2025-01-05,1,1
2217,10002217,Raúl Chávez Jiménez,,raul.chavez.jimenez83@gmail.com,Jr. Puga 461,Baños del Inca,2025-06-07,1,1
2218,10002218,Roberto Ibañez Becerra,,,Av. Morales 846,Cajamarca,2025-01-10,1,1
2219,10002219,Ricardo Silva Rojas,910012219,ricardo.silva.rojas85@gmail.com,Av. Reyes 250,Cajamarca,2024-12-05,0,1
2220,10002220,Luis Cruz Espinoza,910012220,luis.cruz.espinoza86@gmail.com,Jr. Castro 929,Cajamarca,2025-01-14,1,1
2221,10002221,Marco Morales Cárdenas,910012221,,Jr. Guerrero 149,Cajamarca,2024-12-05,1,1
2222,10002222,José Jiménez Vargas,910012222,jose.jimenez.vargas88@gmail.com,Ca. Guevara 626,Cajamarca,2022-02-04,1,1
2223,10002223,Andrés Tello Guevara,910012223,andres.tello.guevara89@gmail.com,Jr. López 372,Cajamarca,2023-07-20,1,1
2224,10002224,Miguel Ramos Salazar,910012224,,Jr. Domínguez 412,Cajamarca,2022-02-20,0,1
2225,10002225,Claudia Jiménez Soto,910012225,claudia.jimenez.soto91@gmail.com,Av. Mendoza 309,La Encañada,2025-02-27,0,1
2226,10002226,Francisco Reyes Cárdenas,910012226,,Jr. Contreras 559,Cajamarca,2022-03-06,1,1
2227,10002227,Paola Flores Sánchez,,paola.flores.sanchez93@gmail.com,Av. Tello 968,Jesús,2022-05-23,1,1
2228,10002228,Fiorella Salazar Fernández,910012228,fiorella.salazar.fernandez94@gmail.com,Av. Guevara 258,Cajamarca,2024-08-15,1,1
2229,10002229,Miguel Campos Silva,910012229,miguel.campos.silva95@gmail.com,Av. Guevara 572,Cajamarca,2023-03-28,1,1
2230,10002230,Antonio Fernández Salazar,910012230,antonio.fernandez.salazar96@gmail.com,Av. López 244,Cajamarca,2025-06-23,1,1
2231,10002231,Yolanda Castro Herrera,910012231,yolanda.castro.herrera0@gmail.com,Ca. Vega 922,Cajamarca,2025-02-09,1,1
2232,10002232,Ana Guerrero Delgado,910012232,ana.guerrero.delgado1@gmail.com,Av. Contreras 108,Chetilla,2025-02-11,1,1
2233,10002233,Milagros Soto Mendoza,910012233,milagros.soto.mendoza2@gmail.com,Av. Gonzales 757,Baños del Inca,2025-07-13,1,1
2234,10002234,Raúl Jiménez Silva,910012234,raul.jimenez.silva3@gmail.com,Av. Reyes 968,San Sebastián,2025-05-06,1,1
2235,10002235,Sara Ríos Guerrero,910012235,sara.rios.guerrero4@gmail.com,Jr. Ríos 191,San Sebastián,2022-03-20,1,1
2236,10002236,Roberto Mendoza Castro,910012236,roberto.mendoza.castro5@gmail.com,Av. Paredes 289,Cajamarca,2022-03-19,0,1
2237,10002237,Johana Medina Morales,910012237,johana.medina.morales6@gmail.com,Jr. Reyes 615,Cajamarca,2023-02-05,1,1
2238,10002238,Vilma Jiménez Sánchez,910012238,vilma.jimenez.sanchez7@gmail.com,Jr. García 618,Cajamarca,2023-10-20,0,1
2239,10002239,Patricia Castro Becerra,910012239,patricia.castro.becerra8@gmail.com,Ca. Sánchez 919,Cajamarca,2024-10-08,1,1
2240,10002240,Eduardo Reyes Torres,910012240,eduardo.reyes.torres9@gmail.com,Jr. Vargas 104,Cajamarca,2024-09-18,1,1
2241,10002241,Bruno Mendoza Reyes,910012241,bruno.mendoza.reyes10@gmail.com,Av. Tello 670,Baños del Inca,2023-01-31,1,1
2242,10002242,Sara Jiménez Paredes,910012242,sara.jimenez.paredes11@gmail.com,Av. Fernández 892,Cajamarca,2024-06-26,1,1
2243,10002243,Francisco Ibañez Torres,910012243,francisco.ibanez.torres12@gmail.com,Av. Fernández 776,Baños del Inca,2023-11-23,1,1
2244,10002244,Paola Mendoza Medina,910012244,paola.mendoza.medina13@gmail.com,Ca. Ríos 338,San Sebastián,2022-12-20,1,1
2245,10002245,Rodrigo Domínguez Flores,910012245,rodrigo.dominguez.flores14@gmail.com,Av. Soto 393,Porcón,2023-10-09,1,1
2246,10002246,Valeria Medina Campos,910012246,valeria.medina.campos15@gmail.com,Ca. Quispe 176,La Encañada,2024-01-01,1,1
2247,10002247,Patricia Torres Rojas,910012247,,Ca. Morales 486,Baños del Inca,2022-06-20,1,1
2248,10002248,Rosa Herrera Chávez,910012248,rosa.herrera.chavez17@gmail.com,Av. Campos 232,Cajamarca,2024-01-07,1,1
2249,10002249,Cecilia Paredes Guevara,910012249,cecilia.paredes.guevara18@gmail.com,Ca. Fernández 106,Cajamarca,2024-12-15,1,1
2250,10002250,Andrea Puga Alva,910012250,andrea.puga.alva19@gmail.com,Jr. Vega 478,La Encañada,2024-03-02,0,1
2251,10002251,Gabriela López Silva,910012251,gabriela.lopez.silva20@gmail.com,Av. Castro 359,Cajamarca,2024-02-16,1,1
2252,10002252,Jackeline Becerra Becerra,910012252,jackeline.becerra.becerra21@gmail.com,Ca. Reyes 523,La Encañada,2022-09-24,1,1
2253,10002253,Fiorella Chávez Altamirano,910012253,fiorella.chavez.altamirano22@gmail.com,Jr. Mendoza 151,Cajamarca,2024-10-06,0,1
2254,10002254,Yolanda Herrera Ibañez,910012254,yolanda.herrera.ibanez23@gmail.com,Jr. Medina 419,San Sebastián,2023-02-17,1,1
2255,10002255,Álvaro Vargas Huamán,910012255,alvaro.vargas.huaman24@gmail.com,Jr. Ríos 237,Cajamarca,2023-01-26,1,1
2256,10002256,Diego Altamirano Salazar,910012256,diego.altamirano.salazar25@gmail.com,Av. Chávez 213,Baños del Inca,2024-11-11,0,1
2257,10002257,Bruno Gonzales Flores,910012257,bruno.gonzales.flores26@gmail.com,Av. Salazar 449,San Sebastián,2022-12-11,0,1
2258,10002258,Patricia Salazar Huamán,,patricia.salazar.huaman27@gmail.com,Av. Jiménez 880,Cajamarca,2024-03-14,1,1
2259,10002259,Fiorella Torres Sánchez,910012259,fiorella.torres.sanchez28@gmail.com,Ca. Quispe 111,Cajamarca,2022-09-23,1,1
2260,10002260,Sara López Castro,910012260,sara.lopez.castro29@gmail.com,Jr. Ríos 996,Cajamarca,2022-06-22,1,1
2261,10002261,Fiorella Tello Medina,910012261,fiorella.tello.medina30@gmail.com,Ca. Ríos 819,Llacanora,2024-01-01,1,1
2262,10002262,Nancy Díaz Jiménez,910012262,nancy.diaz.jimenez31@gmail.com,Jr. Becerra 671,Llacanora,2024-02-09,1,1
2263,10002263,Juana Huamán Alva,910012263,juana.huaman.alva32@gmail.com,Ca. Chávez 980,Cajamarca,2024-04-29,1,1
2264,10002264,Ana Huamán Altamirano,910012264,ana.huaman.altamirano33@gmail.com,Ca. Tello 722,San Sebastián,2022-03-02,1,1
2265,10002265,Manuel Morales Rojas,910012265,manuel.morales.rojas34@gmail.com,Av. Silva 800,San Sebastián,2023-12-23,1,1
2266,10002266,Carmen Morales Campos,910012266,carmen.morales.campos35@gmail.com,Jr. Castro 577,Cajamarca,2024-11-15,1,1
2267,10002267,Diego Chávez Contreras,910012267,diego.chavez.contreras36@gmail.com,Ca. Ramos 529,Baños del Inca,2024-01-23,1,1
2268,10002268,Diego Gonzales Cruz,910012268,diego.gonzales.cruz37@gmail.com,Jr. Alva 910,Cajamarca,2024-09-30,1,1
2269,10002269,Elena Alva Gonzales,910012269,elena.alva.gonzales38@gmail.com,Av. Soto 698,Cajamarca,2023-10-07,0,1
2270,10002270,Milagros Becerra Guerrero,910012270,milagros.becerra.guerrero39@gmail.com,Av. Gonzales 253,Baños del Inca,2022-11-04,1,1
2271,10002271,Raúl Domínguez Becerra,910012271,raul.dominguez.becerra40@gmail.com,Av. Ríos 561,Cajamarca,2025-01-15,1,1
2272,10002272,Yolanda Sánchez Torres,910012272,yolanda.sanchez.torres41@gmail.com,Av. Ramos 982,Chetilla,2023-09-24,1,1
2273,10002273,Daniela Tello Huamán,910012273,daniela.tello.huaman42@gmail.com,Ca. Altamirano 811,Cajamarca,2022-10-02,0,1
2274,10002274,Andrés Altamirano Morales,910012274,andres.altamirano.morales43@gmail.com,Jr. Tello 283,Cajamarca,2024-03-16,1,1
2275,10002275,Gabriela Salazar Alva,910012275,gabriela.salazar.alva44@gmail.com,Ca. Quispe 920,Cajamarca,2022-11-02,1,1
2276,10002276,Lucía Quispe Sánchez,910012276,lucia.quispe.sanchez45@gmail.com,Av. Morales 813,Cajamarca,2023-12-03,1,1
2277,10002277,Ángela Cruz Paredes,910012277,angela.cruz.paredes46@gmail.com,Ca. Huamán 507,Cajamarca,2023-08-11,1,1
2278,10002278,Joaquín Espinoza Soto,910012278,joaquin.espinoza.soto47@gmail.com,Ca. Reyes 390,Porcón,2025-02-21,0,1
2279,10002279,Eduardo Alva Díaz,910012279,eduardo.alva.diaz48@gmail.com,Ca. López 114,San Sebastián,2022-03-20,1,1
2280,10002280,Andrés Campos Sánchez,910012280,andres.campos.sanchez49@gmail.com,Jr. Sánchez 233,Cajamarca,2022-04-05,1,1
2281,10002281,Carlos Campos Huamán,,carlos.campos.huaman50@gmail.com,Av. Ramos 940,Cajamarca,2024-11-06,1,1
2282,10002282,María Alva Delgado,910012282,maria.alva.delgado51@gmail.com,Jr. Medina 892,Cajamarca,2022-10-04,1,1
2283,10002283,Alonso Vega Puga,910012283,alonso.vega.puga52@gmail.com,Av. Altamirano 360,Cajamarca,2023-01-22,0,1
2284,10002284,Ángela Mendoza Díaz,910012284,angela.mendoza.diaz53@gmail.com,Av. Ramos 639,Cajamarca,2025-01-10,1,1
2285,10002285,Gabriela García Jiménez,910012285,gabriela.garcia.jimenez54@gmail.com,Jr. Salazar 508,San Sebastián,2022-08-28,1,1
2286,10002286,Gabriela Morales Alva,910012286,gabriela.morales.alva55@gmail.com,Jr. Gonzales 793,Cajamarca,2022-02-21,1,1
2287,10002287,José Campos Sánchez,910012287,jose.campos.sanchez56@gmail.com,Av. Vargas 928,Cajamarca,2025-04-15,1,1
2288,10002288,Vilma Cruz Rojas,910012288,vilma.cruz.rojas57@gmail.com,Jr. Tello 983,San Sebastián,2024-07-02,1,1
2289,10002289,Valeria Morales Medina,910012289,valeria.morales.medina58@gmail.com,Av. Domínguez 724,Cajamarca,2023-10-02,1,1
2290,10002290,Luis Ríos Reyes,910012290,luis.rios.reyes59@gmail.com,Ca. Guerrero 180,Porcón,2024-03-21,1,1
2291,10002291,Miguel Morales Torres,910012291,miguel.morales.torres60@gmail.com,Jr. Flores 250,Cajamarca,2024-10-24,0,1
2292,10002292,Ángela Espinoza Huamán,910012292,angela.espinoza.huaman61@gmail.com,Jr. Flores 265,Cajamarca,2024-07-30,1,1
2293,10002293,Eduardo Paredes Sánchez,910012293,eduardo.paredes.sanchez62@gmail.com,Jr. Cárdenas 140,Cajamarca,2022-04-04,1,1
2294,10002294,Rosa Silva Rojas,910012294,rosa.silva.rojas63@gmail.com,Av. Domínguez 675,Cajamarca,2022-01-10,1,1
2295,10002295,Mónica Torres Ramos,910012295,monica.torres.ramos64@gmail.com,Ca. Herrera 971,Cajamarca,2022-01-28,1,1
2296,10002296,Cecilia Fernández Rojas,910012296,cecilia.fernandez.rojas65@gmail.com,Jr. Puga 121,Cajamarca,2023-10-12,1,1
2297,10002297,Luis Espinoza Sánchez,910012297,luis.espinoza.sanchez66@gmail.com,Av. Ríos 258,Cajamarca,2022-07-07,1,1
2298,10002298,Cecilia Domínguez Herrera,,cecilia.dominguez.herrera67@gmail.com,Av. Cruz 278,Llacanora,2023-10-24,1,1
2299,10002299,Rodrigo Torres Cruz,910012299,rodrigo.torres.cruz68@gmail.com,Jr. López 868,Baños del Inca,2023-04-24,1,1
2300,10002300,Joaquín Mendoza Herrera,910012300,joaquin.mendoza.herrera69@gmail.com,Jr. Morales 119,Cajamarca,2022-10-03,1,1
2301,10002301,Claudia Soto Altamirano,910012301,claudia.soto.altamirano70@gmail.com,Av. Cárdenas 945,Cajamarca,2023-10-05,1,1
2302,10002302,Jackeline Soto Castro,910012302,jackeline.soto.castro71@gmail.com,Av. Gonzales 311,Llacanora,2024-07-21,1,1
2303,10002303,Jackeline Ramos Becerra,910012303,jackeline.ramos.becerra72@gmail.com,Ca. Morales 314,Cajamarca,2024-04-12,1,1
2304,10002304,Elena Tello Becerra,910012304,,Av. Contreras 151,Cajamarca,2023-04-14,1,1
2305,10002305,Eduardo Espinoza Paredes,910012305,eduardo.espinoza.paredes74@gmail.com,Av. García 284,Cajamarca,2022-08-23,1,1
2306,10002306,Andrea Díaz García,910012306,andrea.diaz.garcia75@gmail.com,Ca. Vargas 381,Cajamarca,2025-03-29,1,1
2307,10002307,Ricardo Altamirano Tello,910012307,ricardo.altamirano.tello76@gmail.com,Jr. Delgado 939,Cajamarca,2023-08-23,0,1
2308,10002308,Valeria Sánchez Medina,910012308,valeria.sanchez.medina77@gmail.com,Jr. López 560,Cajamarca,2024-11-11,1,1
2309,10002309,Ángela Campos Guevara,910012309,angela.campos.guevara78@gmail.com,Ca. Vega 644,Cajamarca,2022-09-11,1,1
2310,10002310,Carmen López Mendoza,910012310,carmen.lopez.mendoza79@gmail.com,Ca. Ríos 607,San Sebastián,2024-09-07,1,1
2311,10002311,Eduardo Salazar Vargas,910012311,eduardo.salazar.vargas80@gmail.com,Ca. Cruz 565,San Sebastián,2024-09-22,0,1
2312,10002312,Paola Becerra Alva,910012312,paola.becerra.alva81@gmail.com,Av. Mendoza 310,Cajamarca,2023-12-31,1,1
2313,10002313,Paola Fernández Domínguez,910012313,paola.fernandez.dominguez82@gmail.com,Jr. Salazar 286,Porcón,2025-02-01,1,1
2314,10002314,Karin Becerra Fernández,910012314,karin.becerra.fernandez83@gmail.com,Jr. Tello 755,Cajamarca,2024-02-15,1,1
2315,10002315,Andrés Gonzales Torres,910012315,andres.gonzales.torres84@gmail.com,Jr. García 438,Cajamarca,2023-08-26,1,1
2316,10002316,Vilma Guerrero Torres,910012316,vilma.guerrero.torres85@gmail.com,Av. Castro 596,Cajamarca,2023-11-16,1,1
2317,10002317,Paola Tello Tello,910012317,,Jr. Ibañez 869,Llacanora,2024-11-11,1,1
2318,10002318,Daniela Morales Díaz,910012318,daniela.morales.diaz87@gmail.com,Jr. Contreras 469,Cajamarca,2022-10-11,1,1
2319,10002319,Álvaro Rojas Ríos,910012319,alvaro.rojas.rios88@gmail.com,Ca. Flores 796,Cajamarca,2024-12-05,1,1
2320,10002320,Juana Tello Cárdenas,910012320,juana.tello.cardenas89@gmail.com,Av. Huamán 540,San Sebastián,2024-05-11,1,1
2321,10002321,Antonio García Jiménez,910012321,antonio.garcia.jimenez90@gmail.com,Ca. Puga 120,Cajamarca,2023-01-21,1,1
2322,10002322,Sebastián Becerra Ibañez,910012322,sebastian.becerra.ibanez91@gmail.com,Av. Becerra 890,Baños del Inca,2024-04-05,1,1
2323,10002323,Cecilia Domínguez Jiménez,910012323,cecilia.dominguez.jimenez92@gmail.com,Av. Salazar 283,La Encañada,2022-07-30,1,1
2324,10002324,Carmen Mendoza Silva,910012324,carmen.mendoza.silva93@gmail.com,Ca. Tello 466,Llacanora,2023-08-26,1,1
2325,10002325,Pedro Delgado Reyes,910012325,,Av. Díaz 176,Cajamarca,2024-11-16,1,1
2326,10002326,Carmen Ibañez Ibañez,910012326,carmen.ibanez.ibanez95@gmail.com,Jr. Puga 201,Cajamarca,2024-03-22,1,1
2327,10002327,Jackeline Rojas Fernández,910012327,jackeline.rojas.fernandez96@gmail.com,Jr. Gonzales 770,Cajamarca,2024-09-26,1,1
2328,10002328,Andrea Paredes Espinoza,910012328,andrea.paredes.espinoza0@gmail.com,Jr. Quispe 601,Cajamarca,2022-08-25,1,1
2329,10002329,Juan Vargas Ríos,910012329,juan.vargas.rios1@gmail.com,Ca. Alva 674,Cajamarca,2024-03-25,1,1
2330,10002330,Sara Salazar López,910012330,sara.salazar.lopez2@gmail.com,Jr. Gonzales 814,Cajamarca,2025-01-10,1,1
2331,10002331,Juana Silva Paredes,910012331,juana.silva.paredes3@gmail.com,Av. Castro 469,Cajamarca,2022-07-15,1,1
2332,10002332,Renzo Jiménez Fernández,910012332,renzo.jimenez.fernandez4@gmail.com,Jr. Sánchez 209,Cajamarca,2022-10-13,1,1
2333,10002333,Lucía Herrera Ríos,910012333,lucia.herrera.rios5@gmail.com,Jr. Soto 428,Cajamarca,2024-11-17,1,1
2334,10002334,Juana Ramos Guerrero,910012334,juana.ramos.guerrero6@gmail.com,Ca. Mendoza 340,Cajamarca,2023-05-09,1,1
2335,10002335,Andrés Morales Vargas,910012335,andres.morales.vargas7@gmail.com,Ca. López 308,Chetilla,2023-09-09,1,1
2336,10002336,Carmen Ramos García,910012336,carmen.ramos.garcia8@gmail.com,Jr. Gonzales 361,Cajamarca,2023-02-21,1,1
2337,10002337,Gladys Domínguez Contreras,910012337,,Av. Contreras 872,Cajamarca,2022-01-16,0,1
2338,10002338,Jorge Silva Guevara,910012338,jorge.silva.guevara10@gmail.com,Ca. Ríos 290,Baños del Inca,2024-05-05,1,1
2339,10002339,Álvaro Paredes Salazar,910012339,,Av. Guevara 342,Cajamarca,2023-03-27,1,1
2340,10002340,Joaquín Alva López,910012340,joaquin.alva.lopez12@gmail.com,Av. Guevara 500,Baños del Inca,2024-06-30,0,1
2341,10002341,Renzo Herrera Díaz,910012341,,Jr. Ibañez 960,San Sebastián,2022-04-02,1,1
2342,10002342,Claudia Domínguez Herrera,910012342,claudia.dominguez.herrera14@gmail.com,Jr. Díaz 639,Cajamarca,2024-07-01,1,1
2343,10002343,Juan Ríos Morales,910012343,juan.rios.morales15@gmail.com,Ca. Ramos 681,Baños del Inca,2022-01-31,1,1
2344,10002344,Ana Vega Guerrero,910012344,ana.vega.guerrero16@gmail.com,Av. Vargas 234,Cajamarca,2023-09-25,0,1
2345,10002345,Mónica Vargas Salazar,910012345,monica.vargas.salazar17@gmail.com,Jr. Gonzales 919,Cajamarca,2025-03-15,1,1
2346,10002346,Milagros Alva Alva,910012346,milagros.alva.alva18@gmail.com,Jr. Mendoza 437,Baños del Inca,2022-02-12,1,1
2347,10002347,Cecilia Domínguez Morales,910012347,cecilia.dominguez.morales19@gmail.com,Av. Silva 548,San Sebastián,2024-06-04,1,1
2348,10002348,Luis Domínguez López,910012348,luis.dominguez.lopez20@gmail.com,Av. Campos 678,Cajamarca,2022-01-20,1,1
2349,10002349,Juan Silva Vargas,910012349,juan.silva.vargas21@gmail.com,Ca. Cárdenas 776,Baños del Inca,2022-01-21,1,1
2350,10002350,Miguel Campos Herrera,,miguel.campos.herrera22@gmail.com,Jr. Torres 654,Cajamarca,2023-03-24,1,1
2351,10002351,Ángela Salazar Tello,910012351,angela.salazar.tello23@gmail.com,Ca. Soto 184,Baños del Inca,2025-01-28,1,1
2352,10002352,Luis Domínguez Herrera,910012352,luis.dominguez.herrera24@gmail.com,Ca. Altamirano 400,San Sebastián,2024-11-03,1,1
2353,10002353,César Altamirano Vargas,910012353,cesar.altamirano.vargas25@gmail.com,Jr. Silva 571,Cajamarca,2024-08-03,1,1
2354,10002354,Luis Vargas Castro,910012354,luis.vargas.castro26@gmail.com,Ca. Huamán 148,Cajamarca,2024-09-27,1,1
2355,10002355,Joaquín Quispe Rojas,910012355,joaquin.quispe.rojas27@gmail.com,Jr. Paredes 122,La Encañada,2023-08-02,1,1
2356,10002356,Sebastián Torres Silva,910012356,sebastian.torres.silva28@gmail.com,Jr. Huamán 231,Cajamarca,2024-10-11,1,1
2357,10002357,Rosa García García,910012357,rosa.garcia.garcia29@gmail.com,Ca. Salazar 264,Cajamarca,2022-04-05,1,1
2358,10002358,Jorge Guevara Medina,,jorge.guevara.medina30@gmail.com,Ca. Mendoza 784,Baños del Inca,2022-12-15,1,1
2359,10002359,Daniela Alva Castro,910012359,daniela.alva.castro31@gmail.com,Av. Silva 567,Cajamarca,2024-12-11,1,1
2360,10002360,Jackeline Mendoza Flores,910012360,jackeline.mendoza.flores32@gmail.com,Jr. Castro 385,Cajamarca,2023-11-25,1,1
2361,10002361,Marco Vega Gonzales,910012361,marco.vega.gonzales33@gmail.com,Av. Silva 516,Baños del Inca,2022-08-09,1,1
2362,10002362,Rodrigo López Soto,910012362,rodrigo.lopez.soto34@gmail.com,Jr. Guerrero 830,Cajamarca,2023-10-04,1,1
2363,10002363,Ricardo Vargas Huamán,910012363,ricardo.vargas.huaman35@gmail.com,Jr. Soto 218,Cajamarca,2025-02-15,1,1
2364,10002364,Nancy Ramos Morales,910012364,,Av. Altamirano 540,Cajamarca,2024-09-17,1,1
2365,10002365,Manuel Tello Cárdenas,910012365,manuel.tello.cardenas37@gmail.com,Av. Herrera 330,Cajamarca,2022-10-06,1,1
2366,10002366,Luis Ríos Mendoza,910012366,luis.rios.mendoza38@gmail.com,Jr. Vargas 266,Cajamarca,2023-08-27,0,1
2367,10002367,Karin Castro Salazar,910012367,karin.castro.salazar39@gmail.com,Av. Campos 774,Cajamarca,2024-03-17,1,1
2368,10002368,Gabriela Guevara García,910012368,gabriela.guevara.garcia40@gmail.com,Jr. Torres 503,Cajamarca,2025-06-15,1,1
2369,10002369,Carlos Ibañez Campos,910012369,carlos.ibanez.campos41@gmail.com,Jr. Morales 444,Cajamarca,2024-12-02,0,1
2370,10002370,Paola Paredes Paredes,,paola.paredes.paredes42@gmail.com,Av. Chávez 577,San Sebastián,2024-11-21,1,1
2371,10002371,Marco Reyes Díaz,910012371,marco.reyes.diaz43@gmail.com,Av. Flores 645,Cajamarca,2025-04-04,1,1
2372,10002372,Bruno Silva Guerrero,910012372,bruno.silva.guerrero44@gmail.com,Jr. Reyes 166,Cajamarca,2023-02-18,1,1
2373,10002373,Miguel Mendoza López,,miguel.mendoza.lopez45@gmail.com,Ca. Torres 639,Jesús,2022-01-04,1,1
2374,10002374,Elena Ríos Quispe,910012374,elena.rios.quispe46@gmail.com,Ca. Delgado 389,Cajamarca,2023-02-14,1,1
2375,10002375,Renzo Altamirano Puga,910012375,renzo.altamirano.puga47@gmail.com,Jr. Paredes 605,Cajamarca,2024-04-08,1,1
2376,10002376,Roberto Becerra Mendoza,910012376,roberto.becerra.mendoza48@gmail.com,Jr. Contreras 503,Cajamarca,2022-01-26,0,1
2377,10002377,José Ibañez Tello,910012377,jose.ibanez.tello49@gmail.com,Av. Ramos 682,Cajamarca,2022-11-17,1,1
2378,10002378,Patricia Morales Castro,910012378,patricia.morales.castro50@gmail.com,Av. Medina 521,Chetilla,2024-10-18,1,1
2379,10002379,Vilma Herrera Vega,910012379,vilma.herrera.vega51@gmail.com,Jr. Altamirano 247,Baños del Inca,2023-05-03,1,1
2380,10002380,Fiorella Huamán Torres,910012380,,Jr. Rojas 352,Cajamarca,2023-10-10,1,1
2381,10002381,Claudia Cruz Alva,910012381,claudia.cruz.alva53@gmail.com,Ca. Mendoza 107,Baños del Inca,2024-10-02,1,1
2382,10002382,Jorge Vargas Salazar,910012382,jorge.vargas.salazar54@gmail.com,Av. Alva 697,Llacanora,2022-08-25,1,1
2383,10002383,Elena Cruz Herrera,910012383,elena.cruz.herrera55@gmail.com,Ca. Jiménez 795,San Sebastián,2024-09-04,1,1
2384,10002384,Pedro López Alva,910012384,pedro.lopez.alva56@gmail.com,Av. Becerra 129,Jesús,2025-01-09,0,1
2385,10002385,Sebastián Paredes Ibañez,910012385,sebastian.paredes.ibanez57@gmail.com,Jr. López 694,Cajamarca,2023-02-19,1,1
2386,10002386,Fernando Díaz Gonzales,910012386,fernando.diaz.gonzales58@gmail.com,Av. Vega 759,Cajamarca,2023-01-25,1,1
2387,10002387,Diego Soto Puga,910012387,diego.soto.puga59@gmail.com,Av. Guerrero 860,Cajamarca,2024-07-12,1,1
2388,10002388,Elena Cruz Díaz,910012388,elena.cruz.diaz60@gmail.com,Ca. Morales 702,Cajamarca,2024-10-28,1,1
2389,10002389,Claudia Chávez Ríos,910012389,claudia.chavez.rios61@gmail.com,Av. Medina 412,Cajamarca,2025-01-22,1,1
2390,10002390,Andrea Díaz Altamirano,910012390,andrea.diaz.altamirano62@gmail.com,Ca. Contreras 458,Cajamarca,2023-02-13,1,1
2391,10002391,Ángela Sánchez Cruz,910012391,angela.sanchez.cruz63@gmail.com,Jr. Chávez 744,Cajamarca,2024-08-26,1,1
2392,10002392,Fiorella Rojas Puga,910012392,fiorella.rojas.puga64@gmail.com,Jr. Díaz 121,Cajamarca,2022-03-04,1,1
2393,10002393,Jorge Ibañez Vargas,910012393,jorge.ibanez.vargas65@gmail.com,Av. Vargas 461,Cajamarca,2025-02-14,1,1
2394,10002394,Nancy Puga Alva,,nancy.puga.alva66@gmail.com,Ca. Campos 877,Cajamarca,2025-04-30,1,1
2395,10002395,José Quispe Quispe,910012395,jose.quispe.quispe67@gmail.com,Jr. Guerrero 108,San Sebastián,2025-01-13,1,1
2396,10002396,Antonio Altamirano Fernández,910012396,,Jr. Vega 582,Porcón,2023-12-20,1,1
2397,10002397,Carlos Ibañez Flores,910012397,carlos.ibanez.flores69@gmail.com,Ca. Ibañez 127,Baños del Inca,2023-05-06,1,1
2398,10002398,Valeria Delgado Vega,910012398,,Jr. Mendoza 421,Cajamarca,2023-11-01,0,1
2399,10002399,Luis Chávez Sánchez,,luis.chavez.sanchez71@gmail.com,Av. Campos 428,Baños del Inca,2025-05-04,1,1
2400,10002400,Valeria Salazar Vargas,910012400,valeria.salazar.vargas72@gmail.com,Jr. Vargas 184,Cajamarca,2023-01-10,1,1
2401,10002401,Jorge Cárdenas Guevara,910012401,jorge.cardenas.guevara73@gmail.com,Av. Chávez 235,Cajamarca,2022-05-29,0,1
2402,10002402,Raúl Domínguez Cárdenas,910012402,raul.dominguez.cardenas74@gmail.com,Ca. Vega 130,Cajamarca,2024-09-09,0,1
2403,10002403,Antonio Fernández Herrera,910012403,antonio.fernandez.herrera75@gmail.com,Ca. Medina 207,Cajamarca,2022-03-29,1,1
2404,10002404,Eduardo Herrera López,910012404,eduardo.herrera.lopez76@gmail.com,Ca. Ramos 740,Cajamarca,2024-12-19,1,1
2405,10002405,Joaquín Díaz Jiménez,910012405,,Ca. Guerrero 557,Cajamarca,2023-01-16,1,1
2406,10002406,Sebastián Herrera Becerra,910012406,sebastian.herrera.becerra78@gmail.com,Jr. Ramos 402,Baños del Inca,2022-02-04,1,1
2407,10002407,Renzo Cruz Sánchez,910012407,,Av. Ríos 169,Cajamarca,2023-05-09,1,1
2408,10002408,Lucía Jiménez Guevara,910012408,lucia.jimenez.guevara80@gmail.com,Av. Silva 853,Cajamarca,2022-10-14,1,1
2409,10002409,Daniela Flores Vega,910012409,daniela.flores.vega81@gmail.com,Ca. Soto 539,Baños del Inca,2022-05-13,1,1
2410,10002410,Karin López Cárdenas,910012410,karin.lopez.cardenas82@gmail.com,Av. Soto 350,Cajamarca,2023-01-08,1,1
2411,10002411,Jackeline Cárdenas Chávez,910012411,jackeline.cardenas.chavez83@gmail.com,Av. Herrera 599,Jesús,2024-07-30,1,1
2412,10002412,Patricia Ibañez Huamán,910012412,patricia.ibanez.huaman84@gmail.com,Jr. Torres 848,San Sebastián,2022-09-13,0,1
2413,10002413,Fiorella Salazar Vargas,910012413,fiorella.salazar.vargas85@gmail.com,Av. Castro 875,Cajamarca,2024-10-24,0,1
2414,10002414,Jackeline Medina Quispe,,jackeline.medina.quispe86@gmail.com,Ca. Alva 845,Llacanora,2025-07-20,1,1
2415,10002415,Karin Fernández Castro,910012415,karin.fernandez.castro87@gmail.com,Av. Castro 937,Cajamarca,2024-12-04,1,1
2416,10002416,Gladys Rojas Flores,910012416,gladys.rojas.flores88@gmail.com,Jr. López 746,San Sebastián,2022-02-08,1,1
2417,10002417,Valeria Sánchez Tello,910012417,valeria.sanchez.tello89@gmail.com,Ca. Espinoza 167,Cajamarca,2023-12-10,1,1
2418,10002418,Gladys Guevara Becerra,910012418,gladys.guevara.becerra90@gmail.com,Av. Cárdenas 877,Cajamarca,2022-03-03,1,1
2419,10002419,Elena Vega Ibañez,910012419,elena.vega.ibanez91@gmail.com,Jr. Cruz 234,Cajamarca,2022-06-04,1,1
2420,10002420,Carlos Guevara Cruz,910012420,carlos.guevara.cruz92@gmail.com,Jr. Mendoza 170,Jesús,2024-07-16,1,1
2421,10002421,Karin Herrera Guevara,910012421,karin.herrera.guevara93@gmail.com,Jr. Gonzales 712,Cajamarca,2024-07-08,1,1
2422,10002422,Carlos Castro Becerra,910012422,carlos.castro.becerra94@gmail.com,Ca. Fernández 420,Cajamarca,2025-05-17,0,1
2423,10002423,Valeria Silva Medina,910012423,,Av. Díaz 957,San Sebastián,2022-03-09,0,1
2424,10002424,Jackeline Morales Jiménez,910012424,jackeline.morales.jimenez96@gmail.com,Av. Sánchez 746,Cajamarca,2025-04-17,1,1
2425,10002425,Gabriela Soto Espinoza,910012425,gabriela.soto.espinoza0@gmail.com,Av. Fernández 126,Cajamarca,2022-09-03,1,1
2426,10002426,Alonso Herrera Vega,910012426,alonso.herrera.vega1@gmail.com,Ca. Alva 945,Cajamarca,2025-04-24,1,1
2427,10002427,Diego Flores Flores,,diego.flores.flores2@gmail.com,Ca. Cárdenas 326,San Sebastián,2023-06-19,1,1
2428,10002428,Ana Altamirano Guerrero,910012428,ana.altamirano.guerrero3@gmail.com,Jr. Becerra 888,San Sebastián,2023-04-22,1,1
2429,10002429,Marco Jiménez Castro,910012429,marco.jimenez.castro4@gmail.com,Jr. Guerrero 498,San Sebastián,2024-05-27,1,1
2430,10002430,Juana Tello Cruz,910012430,juana.tello.cruz5@gmail.com,Jr. Ramos 295,Cajamarca,2022-11-06,1,1
2431,10002431,Sebastián Puga Guerrero,910012431,sebastian.puga.guerrero6@gmail.com,Ca. Cruz 529,Cajamarca,2023-10-14,0,1
2432,10002432,Sara Jiménez Soto,910012432,sara.jimenez.soto7@gmail.com,Ca. Castro 850,Cajamarca,2023-07-30,1,1
2433,10002433,María Jiménez Puga,910012433,maria.jimenez.puga8@gmail.com,Av. Guevara 792,Baños del Inca,2022-08-21,1,1
2434,10002434,Carlos Jiménez Medina,910012434,carlos.jimenez.medina9@gmail.com,Ca. Vega 564,Cajamarca,2024-07-28,1,1
2435,10002435,Yolanda Cruz Soto,910012435,yolanda.cruz.soto10@gmail.com,Av. Morales 614,Llacanora,2022-02-11,1,1
2436,10002436,Diego Torres Ramos,910012436,,Av. Flores 811,Jesús,2024-04-19,1,1
2437,10002437,Paola Ibañez Cruz,910012437,paola.ibanez.cruz12@gmail.com,Jr. Vargas 342,Cajamarca,2022-12-20,0,1
2438,10002438,Fiorella Torres Medina,910012438,fiorella.torres.medina13@gmail.com,Ca. Ibañez 747,Cajamarca,2024-11-30,1,1
2439,10002439,Valeria Delgado Herrera,,valeria.delgado.herrera14@gmail.com,Av. Altamirano 334,Cajamarca,2025-06-26,1,1
2440,10002440,Ángela Gonzales Mendoza,910012440,angela.gonzales.mendoza15@gmail.com,Jr. Contreras 250,Llacanora,2023-08-02,1,1
2441,10002441,Karin Vargas Gonzales,910012441,karin.vargas.gonzales16@gmail.com,Ca. Mendoza 973,Cajamarca,2024-04-24,1,1
2442,10002442,Juan Guevara Vargas,910012442,juan.guevara.vargas17@gmail.com,Ca. Rojas 200,Cajamarca,2023-05-02,1,1
2443,10002443,Pedro Cruz Guevara,910012443,pedro.cruz.guevara18@gmail.com,Ca. Díaz 143,Cajamarca,2022-05-03,1,1
2444,10002444,Cecilia Ríos Herrera,910012444,cecilia.rios.herrera19@gmail.com,Jr. Silva 427,Cajamarca,2022-11-02,0,1
2445,10002445,Ana Puga Huamán,910012445,ana.puga.huaman20@gmail.com,Ca. Guevara 497,La Encañada,2023-10-19,1,1
2446,10002446,Alonso Altamirano Puga,910012446,alonso.altamirano.puga21@gmail.com,Av. Jiménez 459,San Sebastián,2024-03-13,1,1
2447,10002447,Johana Cruz Rojas,910012447,johana.cruz.rojas22@gmail.com,Jr. Contreras 423,Cajamarca,2022-11-26,0,1
2448,10002448,Daniela Herrera Alva,910012448,daniela.herrera.alva23@gmail.com,Av. Domínguez 384,Cajamarca,2022-07-21,1,1
2449,10002449,Jorge Puga Paredes,910012449,jorge.puga.paredes24@gmail.com,Jr. Vega 602,Cajamarca,2024-05-07,1,1
2450,10002450,Bruno Fernández Cruz,910012450,bruno.fernandez.cruz25@gmail.com,Av. Reyes 301,Cajamarca,2024-08-22,1,1
2451,10002451,Gabriela Sánchez Delgado,910012451,gabriela.sanchez.delgado26@gmail.com,Av. López 684,Cajamarca,2025-04-14,1,1
2452,10002452,Nancy Castro Tello,910012452,nancy.castro.tello27@gmail.com,Jr. Torres 153,Cajamarca,2025-06-11,1,1
2453,10002453,Vilma Vargas Cruz,910012453,vilma.vargas.cruz28@gmail.com,Av. Jiménez 143,Cajamarca,2022-12-17,1,1
2454,10002454,Marco Guevara Vargas,910012454,marco.guevara.vargas29@gmail.com,Jr. Ramos 204,Cajamarca,2025-05-06,1,1
2455,10002455,Luis Quispe Puga,910012455,luis.quispe.puga30@gmail.com,Jr. Alva 268,Baños del Inca,2022-04-14,1,1
2456,10002456,Carmen Cruz Guevara,,carmen.cruz.guevara31@gmail.com,Ca. Becerra 510,Cajamarca,2023-01-24,1,1
2457,10002457,Patricia Cárdenas Contreras,910012457,patricia.cardenas.contreras32@gmail.com,Jr. Vargas 263,Jesús,2025-04-03,1,1
2458,10002458,Ángela Morales Flores,910012458,angela.morales.flores33@gmail.com,Ca. Huamán 209,Cajamarca,2024-12-15,0,1
2459,10002459,Valeria Cárdenas Soto,910012459,valeria.cardenas.soto34@gmail.com,Jr. Contreras 639,Llacanora,2023-10-07,0,1
2460,10002460,Cecilia Herrera López,910012460,,Av. Flores 440,Jesús,2023-11-18,1,1
2461,10002461,Luis Ramos Tello,910012461,,Ca. López 631,Cajamarca,2025-04-03,1,1
2462,10002462,Milagros Vega Jiménez,910012462,milagros.vega.jimenez37@gmail.com,Jr. Soto 414,Chetilla,2025-01-14,1,1
2463,10002463,Gabriela Puga Salazar,,gabriela.puga.salazar38@gmail.com,Av. Ramos 717,Cajamarca,2023-03-28,1,1
2464,10002464,Andrés Alva García,910012464,andres.alva.garcia39@gmail.com,Av. Medina 268,Cajamarca,2023-12-27,1,1
2465,10002465,Francisco Cárdenas Huamán,910012465,francisco.cardenas.huaman40@gmail.com,Ca. Fernández 166,Cajamarca,2024-01-06,0,1
2466,10002466,Joaquín Sánchez Altamirano,910012466,joaquin.sanchez.altamirano41@gmail.com,Jr. Ramos 929,Cajamarca,2022-04-07,1,1
2467,10002467,Andrés Fernández Campos,910012467,andres.fernandez.campos42@gmail.com,Ca. Domínguez 580,Cajamarca,2024-06-16,1,1
2468,10002468,Yolanda Cárdenas López,910012468,yolanda.cardenas.lopez43@gmail.com,Ca. Flores 474,Jesús,2025-07-08,1,1
2469,10002469,Ricardo Quispe Tello,910012469,ricardo.quispe.tello44@gmail.com,Jr. Reyes 560,Cajamarca,2024-05-12,1,1
2470,10002470,Renzo Alva Rojas,910012470,renzo.alva.rojas45@gmail.com,Jr. Domínguez 558,San Sebastián,2024-07-30,1,1
2471,10002471,Álvaro Fernández Morales,910012471,alvaro.fernandez.morales46@gmail.com,Av. Quispe 333,Cajamarca,2022-10-03,1,1
2472,10002472,César Contreras Jiménez,910012472,cesar.contreras.jimenez47@gmail.com,Ca. Paredes 890,Llacanora,2024-01-01,1,1
2473,10002473,Carmen Domínguez Altamirano,910012473,carmen.dominguez.altamirano48@gmail.com,Ca. Flores 311,Cajamarca,2022-06-01,1,1
2474,10002474,Ricardo Vega Herrera,910012474,ricardo.vega.herrera49@gmail.com,Jr. López 681,Cajamarca,2023-06-13,1,1
2475,10002475,Rosa Soto Alva,910012475,rosa.soto.alva50@gmail.com,Ca. Soto 705,Jesús,2025-03-27,1,1
2476,10002476,Diego Fernández Fernández,910012476,diego.fernandez.fernandez51@gmail.com,Ca. Jiménez 625,La Encañada,2023-06-19,1,1
2477,10002477,Andrés Altamirano Mendoza,910012477,andres.altamirano.mendoza52@gmail.com,Av. Guevara 186,San Sebastián,2023-06-29,1,1
2478,10002478,Paola Morales Castro,910012478,paola.morales.castro53@gmail.com,Ca. Reyes 707,Cajamarca,2023-10-08,1,1
2479,10002479,Cecilia Ibañez Herrera,910012479,cecilia.ibanez.herrera54@gmail.com,Av. Paredes 120,La Encañada,2024-07-25,1,1
2480,10002480,Daniela Fernández Fernández,910012480,daniela.fernandez.fernandez55@gmail.com,Av. López 840,San Sebastián,2024-07-08,1,1
2481,10002481,Milagros Mendoza Ramos,910012481,milagros.mendoza.ramos56@gmail.com,Av. Reyes 117,La Encañada,2023-05-01,1,1
2482,10002482,Luis Huamán Torres,910012482,luis.huaman.torres57@gmail.com,Jr. Castro 468,Cajamarca,2023-05-21,0,1
2483,10002483,Jackeline Delgado Espinoza,910012483,jackeline.delgado.espinoza58@gmail.com,Ca. Flores 608,Cajamarca,2023-04-05,1,1
2484,10002484,Claudia Vega Díaz,910012484,claudia.vega.diaz59@gmail.com,Av. Contreras 224,Cajamarca,2025-02-24,1,1
2485,10002485,Yolanda Guevara Alva,910012485,yolanda.guevara.alva60@gmail.com,Av. Chávez 661,Cajamarca,2023-10-18,1,1
2486,10002486,Antonio Contreras Paredes,910012486,antonio.contreras.paredes61@gmail.com,Ca. Domínguez 695,Cajamarca,2024-10-13,1,1
2487,10002487,Manuel Díaz Rojas,910012487,manuel.diaz.rojas62@gmail.com,Jr. Huamán 600,Cajamarca,2022-11-19,1,1
2488,10002488,Lucía Fernández Soto,,lucia.fernandez.soto63@gmail.com,Jr. Morales 799,Cajamarca,2023-08-30,1,1
2489,10002489,Yolanda Vega Guevara,910012489,yolanda.vega.guevara64@gmail.com,Ca. Flores 327,San Sebastián,2023-04-12,1,1
2490,10002490,Sara Tello Cruz,910012490,sara.tello.cruz65@gmail.com,Jr. Salazar 230,Cajamarca,2024-04-15,0,1
2491,10002491,Pedro Ibañez Campos,910012491,pedro.ibanez.campos66@gmail.com,Av. Puga 821,Cajamarca,2022-04-09,0,1
2492,10002492,Juana Ibañez Medina,910012492,juana.ibanez.medina67@gmail.com,Av. Quispe 639,Llacanora,2023-08-10,1,1
2493,10002493,Juan Ibañez Ibañez,910012493,juan.ibanez.ibanez68@gmail.com,Ca. López 588,Cajamarca,2024-10-12,1,1
2494,10002494,Álvaro Vargas Ramos,910012494,alvaro.vargas.ramos69@gmail.com,Av. Salazar 176,Jesús,2023-04-22,1,1
2495,10002495,Andrea Ibañez Guevara,910012495,andrea.ibanez.guevara70@gmail.com,Ca. Alva 209,Cajamarca,2022-09-09,1,1
2496,10002496,Andrea Guerrero Jiménez,910012496,andrea.guerrero.jimenez71@gmail.com,Jr. Gonzales 156,Baños del Inca,2022-08-06,1,1
2497,10002497,Joaquín Domínguez Espinoza,910012497,joaquin.dominguez.espinoza72@gmail.com,Av. Ríos 817,Cajamarca,2022-06-05,1,1
2498,10002498,Carmen Becerra Ibañez,910012498,carmen.becerra.ibanez73@gmail.com,Jr. Delgado 525,San Sebastián,2022-01-15,1,1
2499,10002499,Nancy Silva López,910012499,nancy.silva.lopez74@gmail.com,Jr. López 232,Cajamarca,2024-03-01,1,1
2500,10002500,Jackeline Espinoza Morales,910012500,jackeline.espinoza.morales75@gmail.com,Ca. Sánchez 174,Cajamarca,2025-04-28,1,1
