id_detalle_compra,id_compra,id_producto,cantidad,precio_unitario,subtotal
1,1,145,19,1.99,37.81
2,1,494,48,1.97,94.56
3,1,272,16,3.73,59.68
4,1,336,21,1.26,26.46
5,1,407,11,2.57,28.27
6,2,402,28,3.33,93.24
7,2,211,39,4.72,184.08
8,2,452,60,1.06,63.6
9,2,358,25,1.13,28.25
10,2,110,21,1.69,35.49
11,2,28,49,6.98,342.02
12,2,50,70,2.96,207.2
13,2,347,9,1.73,15.57
14,2,220,23,3.09,71.07
15,3,147,39,2.67,104.13
16,3,58,16,3.07,49.12
17,3,161,60,2.27,136.2
18,3,451,52,2.01,104.52
19,3,124,53,2.55,135.15
20,3,118,26,3.01,78.26
21,3,407,31,2.57,79.67
22,3,184,24,3.83,91.92
23,3,478,47,7.07,332.29
24,4,102,16,2.09,33.44
25,4,448,29,6.35,184.15
26,4,95,59,2.06,121.54
27,4,256,12,8.08,96.96
28,4,385,40,1.86,74.4
29,5,486,18,1.92,34.56
30,5,40,29,4.5,130.5
31,5,284,31,6.2,192.2
32,5,67,31,5.32,164.92
33,5,264,59,5.6,330.4
34,5,472,69,1.26,86.94
35,5,29,25,4.2,105.0
36,6,222,40,1.12,44.8
37,6,245,16,2.43,38.88
38,6,65,44,3.73,164.12
39,6,328,49,1.25,61.25
40,6,411,24,1.85,44.4
41,6,78,46,1.22,56.12
42,6,342,9,2.33,20.97
43,6,222,69,1.12,77.28
44,6,320,60,1.98,118.8
45,6,287,12,8.25,99.0
46,6,33,65,3.6,234.0
47,6,249,50,3.49,174.5
48,7,79,13,1.05,13.65
49,7,438,62,1.91,118.42
50,7,503,20,4.67,93.4
51,7,126,30,3.24,97.2
52,7,94,40,2.58,103.2
53,7,95,44,2.06,90.64
54,8,104,42,2.52,105.84
55,8,477,18,1.19,21.42
56,8,10,17,2.82,47.94
57,8,353,44,1.56,68.64
58,8,199,59,4.81,283.79
59,8,249,31,3.49,108.19
60,8,462,24,1.19,28.56
61,8,151,54,2.62,141.48
62,9,205,45,2.92,131.4
63,9,302,33,3.82,126.06
64,9,336,33,1.26,41.58
65,9,500,41,1.55,63.55
66,9,502,25,1.85,46.25
67,9,316,49,1.15,56.35
68,9,142,46,2.3,105.8
69,9,162,57,6.47,368.79
70,9,331,60,1.27,76.2
71,9,262,60,3.97,238.2
72,10,488,32,7.29,233.28
73,10,272,67,3.73,249.91
74,10,427,27,1.87,50.49
75,10,454,39,2.03,79.17
76,10,71,68,2.66,180.88
77,10,244,14,5.16,72.24
78,10,431,18,1.26,22.68
79,10,9,32,3.38,108.16
80,11,101,69,1.22,84.18
81,11,162,10,6.47,64.7
82,11,255,31,2.35,72.85
83,11,119,25,1.93,48.25
84,11,34,40,3.03,121.2
85,11,444,63,1.08,68.04
86,12,414,35,2.66,93.1
87,12,472,44,1.26,55.44
88,12,481,52,2.14,111.28
89,12,310,69,2.6,179.4
90,12,34,42,3.03,127.26
91,12,24,52,4.62,240.24
92,12,215,23,2.41,55.43
93,12,406,51,1.92,97.92
94,12,473,57,6.72,383.04
95,12,64,29,3.42,99.18
96,13,468,12,6.53,78.36
97,13,360,57,1.9,108.3
98,13,90,55,1.88,103.4
99,13,351,13,1.14,14.82
100,13,71,31,2.66,82.46
101,13,88,46,3.02,138.92
102,13,280,13,2.44,31.72
103,13,148,19,2.97,56.43
104,13,12,55,6.15,338.25
105,13,386,18,2.32,41.76
106,14,291,44,6.71,295.24
107,14,371,54,1.19,64.26
108,14,373,11,1.46,16.06
109,14,345,13,1.56,20.28
110,14,326,8,1.16,9.28
111,14,405,63,1.42,89.46
112,15,515,41,1.95,79.95
113,15,42,36,3.22,115.92
114,15,111,66,1.21,79.86
115,15,119,68,1.93,131.24
116,15,434,35,1.44,50.4
117,15,299,65,3.6,234.0
118,15,224,45,4.72,212.4
119,15,287,55,8.25,453.75
120,15,443,41,2.12,86.92
121,15,180,68,5.82,395.76
122,15,130,8,1.93,15.44
123,15,427,36,1.87,67.32
124,16,497,36,1.97,70.92
125,16,196,49,2.6,127.4
126,16,471,36,2.04,73.44
127,16,160,26,2.92,75.92
128,16,201,10,5.33,53.3
129,16,425,30,1.94,58.2
130,16,146,37,3.3,122.1
131,17,200,67,5.84,391.28
132,17,437,50,1.91,95.5
133,17,164,68,5.65,384.2
134,17,422,20,1.91,38.2
135,17,284,70,6.2,434.0
136,17,323,34,1.52,51.68
137,17,54,68,3.77,256.36
138,17,213,44,5.91,260.04
139,17,102,56,2.09,117.04
140,17,328,16,1.25,20.0
141,18,182,24,5.54,132.96
142,18,366,53,1.2,63.6
143,18,445,44,1.86,81.84
144,18,239,46,3.72,171.12
145,18,117,57,2.52,143.64
146,19,327,40,1.91,76.4
147,19,131,54,1.14,61.56
148,19,43,16,2.65,42.4
149,19,492,24,1.42,34.08
150,19,146,20,3.3,66.0
151,19,217,44,3.1,136.4
152,19,357,31,1.85,57.35
153,19,440,57,6.67,380.19
154,19,243,14,5.57,77.98
155,19,150,19,1.7,32.3
156,19,180,41,5.82,238.62
157,20,400,30,2.65,79.5
158,20,273,56,3.16,176.96
159,20,116,27,3.34,90.18
160,20,437,22,1.91,42.02
161,20,383,64,2.15,137.6
162,20,297,30,7.87,236.1
163,20,108,42,3.14,131.88
164,20,28,41,6.98,286.18
165,21,185,26,3.17,82.42
166,21,134,11,2.63,28.93
167,21,187,58,3.0,174.0
168,21,173,24,5.97,143.28
169,21,50,17,2.96,50.32
170,21,360,11,1.9,20.9
171,22,122,34,2.09,71.06
172,22,234,52,4.78,248.56
173,22,281,16,7.14,114.24
174,22,205,16,2.92,46.72
175,22,329,42,1.47,61.74
176,22,226,40,4.25,170.0
177,22,183,66,4.64,306.24
178,22,122,12,2.09,25.08
179,22,106,10,3.46,34.6
180,22,476,34,1.97,66.98
181,23,90,44,1.88,82.72
182,23,82,57,2.12,120.84
183,23,107,59,2.41,142.19
184,23,96,66,3.35,221.1
185,23,216,24,4.37,104.88
186,23,480,17,7.0,119.0
187,23,14,18,1.11,19.98
188,23,111,45,1.21,54.45
189,24,362,57,2.56,145.92
190,24,309,59,3.72,219.48
191,24,205,18,2.92,52.56
192,24,157,65,4.31,280.15
193,24,149,50,2.05,102.5
194,24,481,47,2.14,100.58
195,24,289,27,3.51,94.77
196,24,326,30,1.16,34.8
197,24,120,32,1.68,53.76
198,24,293,30,2.97,89.1
199,25,37,60,2.94,176.4
200,25,147,43,2.67,114.81
201,25,366,66,1.2,79.2
202,25,354,23,1.04,23.92
203,25,64,36,3.42,123.12
204,25,190,67,4.87,326.29
205,25,284,44,6.2,272.8
206,25,61,48,4.58,219.84
207,26,234,61,4.78,291.58
208,26,118,26,3.01,78.26
209,26,110,63,1.69,106.47
210,26,5,32,3.08,98.56
211,26,403,30,0.98,29.4
212,26,238,8,2.48,19.84
213,26,63,47,1.04,48.88
214,26,281,41,7.14,292.74
215,26,306,66,7.66,505.56
216,26,220,23,3.09,71.07
217,27,343,39,1.49,58.11
218,27,376,16,1.14,18.24
219,27,403,17,0.98,16.66
220,27,478,60,7.07,424.2
221,27,358,38,1.13,42.94
222,27,31,19,0.99,18.81
223,27,86,55,3.72,204.6
224,27,349,49,1.41,69.09
225,28,42,67,3.22,215.74
226,28,230,21,3.12,65.52
227,28,479,14,6.19,86.66
228,28,253,42,5.55,233.1
229,28,114,53,2.35,124.55
230,28,377,33,1.86,61.38
231,28,140,69,1.66,114.54
232,28,494,44,1.97,86.68
233,28,187,53,3.0,159.0
234,28,445,58,1.86,107.88
235,28,1,37,3.87,143.19
236,29,464,52,6.25,325.0
237,29,1,21,3.87,81.27
238,29,51,41,5.09,208.69
239,29,254,55,5.13,282.15
240,29,103,69,3.26,224.94
241,29,513,70,1.88,131.6
242,29,464,10,6.25,62.5
243,29,202,65,3.91,254.15
244,29,115,67,1.9,127.3
245,29,420,53,2.06,109.18
246,29,131,47,1.14,53.58
247,30,193,51,4.02,205.02
248,30,64,52,3.42,177.84
249,30,102,49,2.09,102.41
250,30,155,55,6.13,337.15
251,30,367,26,1.83,47.58
252,31,135,55,1.95,107.25
253,31,505,17,2.07,35.19
254,31,278,28,2.03,56.84
255,31,103,39,3.26,127.14
256,31,177,35,3.11,108.85
257,31,340,62,2.02,125.24
258,31,14,47,1.11,52.17
259,31,306,24,7.66,183.84
260,31,44,21,6.97,146.37
261,31,131,62,1.14,70.68
262,32,303,15,3.12,46.8
263,32,113,25,3.49,87.25
264,32,159,46,2.86,131.56
265,32,127,27,2.58,69.66
266,32,88,34,3.02,102.68
267,32,328,26,1.25,32.5
268,32,238,17,2.48,42.16
269,32,181,20,4.88,97.6
270,32,14,25,1.11,27.75
271,33,274,28,5.95,166.6
272,33,26,32,3.1,99.2
273,33,304,52,6.45,335.4
274,33,169,68,2.78,189.04
275,33,487,30,1.29,38.7
276,33,311,50,1.17,58.5
277,33,1,70,3.87,270.9
278,33,209,15,3.42,51.3
279,33,141,53,1.21,64.13
280,34,307,59,7.57,446.63
281,34,409,25,3.52,88.0
282,34,345,31,1.56,48.36
283,34,288,15,1.99,29.85
284,34,428,63,1.0,63.0
285,34,456,22,6.85,150.7
286,35,439,62,1.2,74.4
287,35,477,56,1.19,66.64
288,35,54,9,3.77,33.93
289,35,175,58,4.18,242.44
290,35,232,44,1.15,50.6
291,35,73,36,3.46,124.56
292,35,302,29,3.82,110.78
293,35,243,48,5.57,267.36
294,35,293,24,2.97,71.28
295,35,326,42,1.16,48.72
296,35,311,23,1.17,26.91
297,36,352,46,2.67,122.82
298,36,424,8,1.07,8.56
299,36,384,41,1.48,60.68
300,36,75,45,2.31,103.95
301,36,178,29,2.97,86.13
302,36,292,52,4.02,209.04
303,36,189,31,6.22,192.82
304,36,493,32,0.95,30.4
305,36,275,40,4.11,164.4
306,36,166,68,3.97,269.96
307,36,88,62,3.02,187.24
308,36,504,19,2.01,38.19
309,37,213,14,5.91,82.74
310,37,373,70,1.46,102.2
311,37,298,23,1.94,44.62
312,37,112,43,2.35,101.05
313,37,137,27,2.59,69.93
314,37,322,19,2.32,44.08
315,38,69,27,3.06,82.62
316,38,346,69,1.12,77.28
317,38,256,53,8.08,428.24
318,38,92,28,2.18,61.04
319,38,313,57,1.43,81.51
320,38,355,25,1.41,35.25
321,38,270,31,2.41,74.71
322,38,415,14,1.92,26.88
323,38,407,28,2.57,71.96
324,38,69,32,3.06,97.92
325,39,323,21,1.52,31.92
326,39,294,19,5.56,105.64
327,39,304,26,6.45,167.7
328,39,207,24,2.94,70.56
329,39,388,62,3.46,214.52
330,39,104,38,2.52,95.76
331,39,235,30,2.31,69.3
332,39,488,9,7.29,65.61
333,40,334,64,0.99,63.36
334,40,138,50,3.17,158.5
335,40,515,52,1.95,101.4
336,40,140,9,1.66,14.94
337,40,402,66,3.33,219.78
338,40,13,22,4.82,106.04
339,40,120,63,1.68,105.84
340,40,285,57,4.14,235.98
341,41,139,18,1.85,33.3
342,41,61,62,4.58,283.96
343,41,158,31,2.8,86.8
344,41,165,64,4.71,301.44
345,41,448,34,6.35,215.9
346,41,242,22,1.16,25.52
347,41,240,34,3.15,107.1
348,41,484,12,6.09,73.08
349,42,500,69,1.55,106.95
350,42,59,61,2.45,149.45
351,42,292,35,4.02,140.7
352,42,429,22,1.79,39.38
353,42,79,39,1.05,40.95
354,42,11,40,2.55,102.0
355,42,250,47,2.94,138.18
356,42,405,42,1.42,59.64
357,42,274,18,5.95,107.1
358,42,465,69,7.26,500.94
359,42,207,58,2.94,170.52
360,42,479,10,6.19,61.9
361,43,464,10,6.25,62.5
362,43,375,36,1.58,56.88
363,43,429,70,1.79,125.3
364,43,165,68,4.71,320.28
365,43,266,49,8.21,402.29
366,43,507,53,2.04,108.12
367,43,424,58,1.07,62.06
368,43,360,65,1.9,123.5
369,43,195,61,3.23,197.03
370,44,443,24,2.12,50.88
371,44,3,70,5.82,407.4
372,44,476,61,1.97,120.17
373,44,468,63,6.53,411.39
374,44,422,57,1.91,108.87
375,44,430,16,1.99,31.84
376,44,353,9,1.56,14.04
377,45,78,45,1.22,54.9
378,45,218,18,2.31,41.58
379,45,108,11,3.14,34.54
380,45,153,67,5.6,375.2
381,45,377,23,1.86,42.78
382,45,515,51,1.95,99.45
383,45,187,68,3.0,204.0
384,45,462,44,1.19,52.36
385,46,183,56,4.64,259.84
386,46,185,17,3.17,53.89
387,46,367,29,1.83,53.07
388,46,397,9,1.96,17.64
389,46,182,36,5.54,199.44
390,46,391,34,1.6,54.4
391,46,83,41,3.29,134.89
392,47,244,52,5.16,268.32
393,47,220,10,3.09,30.9
394,47,241,55,4.28,235.4
395,47,121,23,1.21,27.83
396,47,289,69,3.51,242.19
397,47,389,59,1.06,62.54
398,47,348,51,1.24,63.24
399,48,421,68,2.57,174.76
400,48,502,50,1.85,92.5
401,48,239,51,3.72,189.72
402,48,10,53,2.82,149.46
403,48,216,32,4.37,139.84
404,48,351,62,1.14,70.68
405,48,24,43,4.62,198.66
406,48,425,35,1.94,67.9
407,48,456,56,6.85,383.6
408,48,84,54,2.48,133.92
409,49,490,19,6.93,131.67
410,49,77,63,4.59,289.17
411,49,133,34,3.37,114.58
412,49,477,43,1.19,51.17
413,49,74,63,3.12,196.56
414,50,491,20,1.95,39.0
415,50,199,55,4.81,264.55
416,50,442,27,1.53,41.31
417,50,83,40,3.29,131.6
418,50,169,16,2.78,44.48
419,50,438,52,1.91,99.32
420,50,121,67,1.21,81.07
421,50,244,53,5.16,273.48
422,50,456,55,6.85,376.75
423,50,75,20,2.31,46.2
424,50,64,22,3.42,75.24
425,51,126,22,3.24,71.28
426,51,464,42,6.25,262.5
427,51,275,29,4.11,119.19
428,51,445,48,1.86,89.28
429,51,41,42,3.29,138.18
430,51,258,23,1.88,43.24
431,51,124,9,2.55,22.95
432,51,77,61,4.59,279.99
433,51,167,11,2.94,32.34
434,52,326,37,1.16,42.92
435,52,392,12,2.08,24.96
436,52,451,41,2.01,82.41
437,52,347,69,1.73,119.37
438,52,387,9,1.91,17.19
439,52,404,63,1.88,118.44
440,52,453,8,1.72,13.76
441,52,110,15,1.69,25.35
442,52,250,17,2.94,49.98
443,52,254,23,5.13,117.99
444,52,389,39,1.06,41.34
445,52,439,31,1.2,37.2
446,53,437,51,1.91,97.41
447,53,121,48,1.21,58.08
448,53,478,42,7.07,296.94
449,53,340,62,2.02,125.24
450,53,113,25,3.49,87.25
451,53,207,29,2.94,85.26
452,53,33,23,3.6,82.8
453,53,188,50,2.18,109.0
454,54,501,10,0.96,9.6
455,54,219,53,3.66,193.98
456,54,143,60,3.73,223.8
457,54,352,38,2.67,101.46
458,54,374,34,1.07,36.38
459,54,243,8,5.57,44.56
460,54,324,59,1.05,61.95
461,54,309,48,3.72,178.56
462,54,263,12,2.79,33.48
463,54,257,12,8.22,98.64
464,55,259,48,3.59,172.32
465,55,476,17,1.97,33.49
466,55,56,46,4.48,206.08
467,55,134,9,2.63,23.67
468,55,360,33,1.9,62.7
469,55,334,43,0.99,42.57
470,55,357,25,1.85,46.25
471,55,144,15,2.51,37.65
472,55,409,70,3.52,246.4
473,55,286,70,7.94,555.8
474,56,73,65,3.46,224.9
475,56,103,20,3.26,65.2
476,56,308,20,1.89,37.8
477,56,344,27,0.94,25.38
478,56,77,40,4.59,183.6
479,56,142,67,2.3,154.1
480,56,288,67,1.99,133.33
481,56,33,19,3.6,68.4
482,56,391,62,1.6,99.2
483,57,474,67,5.74,384.58
484,57,97,45,2.35,105.75
485,57,141,68,1.21,82.28
486,57,502,67,1.85,123.95
487,57,54,40,3.77,150.8
488,57,507,65,2.04,132.6
489,57,192,18,5.16,92.88
490,57,176,56,2.96,165.76
491,57,316,44,1.15,50.6
492,57,43,12,2.65,31.8
493,57,55,27,2.91,78.57
494,57,15,27,1.06,28.62
495,58,71,66,2.66,175.56
496,58,58,16,3.07,49.12
497,58,268,63,2.08,131.04
498,58,244,50,5.16,258.0
499,58,307,53,7.57,401.21
500,58,417,32,1.01,32.32
501,58,355,42,1.41,59.22
502,58,110,67,1.69,113.23
503,59,65,55,3.73,205.15
504,59,111,15,1.21,18.15
505,59,293,32,2.97,95.04
506,59,437,62,1.91,118.42
507,59,186,61,2.86,174.46
508,59,426,27,1.43,38.61
509,59,34,46,3.03,139.38
510,59,309,64,3.72,238.08
511,59,91,8,1.22,9.76
512,59,215,22,2.41,53.02
513,59,1,24,3.87,92.88
514,59,52,54,2.01,108.54
515,60,471,54,2.04,110.16
516,60,208,42,2.48,104.16
517,60,252,14,1.16,16.24
518,60,182,66,5.54,365.64
519,60,456,63,6.85,431.55
520,60,317,22,1.66,36.52
521,60,411,36,1.85,66.6
522,60,236,36,4.72,169.92
523,60,168,20,2.89,57.8
524,61,471,66,2.04,134.64
525,61,118,40,3.01,120.4
526,61,210,14,2.86,40.04
527,61,51,46,5.09,234.14
528,61,341,63,1.21,76.23
529,61,374,70,1.07,74.9
530,61,423,23,3.36,77.28
531,61,86,59,3.72,219.48
532,62,70,56,4.31,241.36
533,62,385,51,1.86,94.86
534,62,129,42,1.89,79.38
535,62,13,47,4.82,226.54
536,62,370,35,2.1,73.5
537,62,364,68,1.05,71.4
538,63,151,61,2.62,159.82
539,63,468,30,6.53,195.9
540,63,331,11,1.27,13.97
541,63,254,56,5.13,287.28
542,63,45,52,4.17,216.84
543,63,392,57,2.08,118.56
544,63,343,68,1.49,101.32
545,63,381,30,3.52,105.6
546,63,424,62,1.07,66.34
547,63,428,31,1.0,31.0
548,63,169,40,2.78,111.2
549,64,274,19,5.95,113.05
550,64,87,20,2.33,46.6
551,64,484,17,6.09,103.53
552,64,265,64,4.13,264.32
553,64,263,46,2.79,128.34
554,64,289,25,3.51,87.75
555,65,489,64,5.76,368.64
556,65,169,47,2.78,130.66
557,65,462,16,1.19,19.04
558,65,351,48,1.14,54.72
559,65,243,52,5.57,289.64
560,65,138,25,3.17,79.25
561,65,380,70,1.95,136.5
562,66,168,23,2.89,66.47
563,66,357,9,1.85,16.65
564,66,55,25,2.91,72.75
565,66,54,8,3.77,30.16
566,66,109,16,1.99,31.84
567,66,429,18,1.79,32.22
568,66,98,62,3.11,192.82
569,66,35,51,5.2,265.2
570,67,464,15,6.25,93.75
571,67,127,36,2.58,92.88
572,67,292,53,4.02,213.06
573,67,95,42,2.06,86.52
574,67,194,60,2.99,179.4
575,67,452,59,1.06,62.54
576,67,239,47,3.72,174.84
577,67,21,21,2.87,60.27
578,67,360,46,1.9,87.4
579,67,138,37,3.17,117.29
580,68,394,50,1.84,92.0
581,68,31,14,0.99,13.86
582,68,16,57,3.74,213.18
583,68,196,47,2.6,122.2
584,68,395,49,3.58,175.42
585,68,26,60,3.1,186.0
586,68,502,53,1.85,98.05
587,68,502,12,1.85,22.2
588,68,135,44,1.95,85.8
589,69,290,24,2.54,60.96
590,69,217,29,3.1,89.9
591,69,465,47,7.26,341.22
592,69,418,66,2.01,132.66
593,69,323,29,1.52,44.08
594,69,409,42,3.52,147.84
595,69,12,69,6.15,424.35
596,69,365,11,1.51,16.61
597,69,371,53,1.19,63.07
598,69,37,53,2.94,155.82
599,69,398,39,1.48,57.72
600,69,386,51,2.32,118.32
601,70,310,50,2.6,130.0
602,70,317,36,1.66,59.76
603,70,255,11,2.35,25.85
604,70,46,15,1.16,17.4
605,70,320,36,1.98,71.28
606,70,418,19,2.01,38.19
607,70,264,46,5.6,257.6
608,71,158,60,2.8,168.0
609,71,236,33,4.72,155.76
610,71,9,37,3.38,125.06
611,71,222,45,1.12,50.4
612,71,172,70,4.97,347.9
613,71,418,67,2.01,134.67
614,71,22,41,3.87,158.67
615,71,67,16,5.32,85.12
616,72,176,33,2.96,97.68
617,72,399,60,2.09,125.4
618,72,4,70,2.0,140.0
619,72,39,48,2.6,124.8
620,72,111,34,1.21,41.14
621,73,486,28,1.92,53.76
622,73,265,66,4.13,272.58
623,73,194,58,2.99,173.42
624,73,465,26,7.26,188.76
625,73,53,13,2.85,37.05
626,73,432,15,6.27,94.05
627,73,22,57,3.87,220.59
628,73,168,42,2.89,121.38
629,73,302,34,3.82,129.88
630,73,506,9,1.48,13.32
631,73,283,29,3.01,87.29
632,74,198,54,5.72,308.88
633,74,497,26,1.97,51.22
634,74,25,59,3.46,204.14
635,74,46,70,1.16,81.2
636,74,330,50,1.97,98.5
637,74,392,38,2.08,79.04
638,74,16,66,3.74,246.84
639,75,96,69,3.35,231.15
640,75,207,11,2.94,32.34
641,75,259,20,3.59,71.8
642,75,479,70,6.19,433.3
643,75,92,23,2.18,50.14
644,76,390,70,2.01,140.7
645,76,396,65,0.97,63.05
646,76,272,9,3.73,33.57
647,76,125,66,1.88,124.08
648,76,228,44,2.32,102.08
649,76,125,48,1.88,90.24
650,76,73,51,3.46,176.46
651,76,492,22,1.42,31.24
652,76,74,30,3.12,93.6
653,76,415,51,1.92,97.92
654,76,260,35,2.42,84.7
655,76,501,68,0.96,65.28
656,77,116,22,3.34,73.48
657,77,208,41,2.48,101.68
658,77,336,10,1.26,12.6
659,77,205,20,2.92,58.4
660,77,441,48,1.92,92.16
661,77,282,48,3.84,184.32
662,77,49,29,3.7,107.3
663,78,257,56,8.22,460.32
664,78,297,56,7.87,440.72
665,78,40,43,4.5,193.5
666,78,373,50,1.46,73.0
667,78,174,46,5.12,235.52
668,78,217,29,3.1,89.9
669,79,490,51,6.93,353.43
670,79,161,58,2.27,131.66
671,79,508,22,1.5,33.0
672,79,55,67,2.91,194.97
673,79,251,52,4.37,227.24
674,79,80,29,3.4,98.6
675,79,337,60,1.82,109.2
676,79,416,70,3.42,239.4
677,79,322,41,2.32,95.12
678,79,245,39,2.43,94.77
679,80,40,18,4.5,81.0
680,80,306,57,7.66,436.62
681,80,268,53,2.08,110.24
682,80,140,25,1.66,41.5
683,80,422,42,1.91,80.22
684,80,231,66,4.48,295.68
685,80,360,67,1.9,127.3
686,80,314,34,0.96,32.64
687,80,215,29,2.41,69.89
688,80,206,62,4.6,285.2
689,80,349,59,1.41,83.19
690,80,398,63,1.48,93.24
691,81,317,34,1.66,56.44
692,81,10,45,2.82,126.9
693,81,269,22,3.62,79.64
694,81,137,37,2.59,95.83
695,81,186,9,2.86,25.74
696,81,270,35,2.41,84.35
697,81,416,15,3.42,51.3
698,81,103,58,3.26,189.08
699,81,146,21,3.3,69.3
700,81,182,37,5.54,204.98
701,82,3,50,5.82,291.0
702,82,399,68,2.09,142.12
703,82,188,20,2.18,43.6
704,82,332,56,2.69,150.64
705,82,30,23,1.13,25.99
706,82,98,51,3.11,158.61
707,82,432,27,6.27,169.29
708,82,123,13,3.42,44.46
709,83,141,12,1.21,14.52
710,83,190,55,4.87,267.85
711,83,468,65,6.53,424.45
712,83,318,46,1.22,56.12
713,83,132,53,2.09,110.77
714,83,264,46,5.6,257.6
715,83,61,37,4.58,169.46
716,83,294,35,5.56,194.6
717,84,424,26,1.07,27.82
718,84,195,40,3.23,129.2
719,84,283,28,3.01,84.28
720,84,73,34,3.46,117.64
721,84,260,34,2.42,82.28
722,84,169,14,2.78,38.92
723,85,395,19,3.58,68.02
724,85,365,57,1.51,86.07
725,85,316,53,1.15,60.95
726,85,467,25,1.11,27.75
727,85,249,28,3.49,97.72
728,85,193,54,4.02,217.08
729,85,238,62,2.48,153.76
730,86,444,30,1.08,32.4
731,86,208,41,2.48,101.68
732,86,199,35,4.81,168.35
733,86,30,56,1.13,63.28
734,86,305,52,3.69,191.88
735,86,279,29,3.37,97.73
736,86,385,16,1.86,29.76
737,87,181,23,4.88,112.24
738,87,110,51,1.69,86.19
739,87,285,38,4.14,157.32
740,87,33,29,3.6,104.4
741,87,374,32,1.07,34.24
742,87,393,45,2.51,112.95
743,87,275,51,4.11,209.61
744,87,352,19,2.67,50.73
745,87,345,46,1.56,71.76
746,87,495,69,4.98,343.62
747,87,89,21,2.13,44.73
748,87,315,20,1.43,28.6
749,88,244,45,5.16,232.2
750,88,335,35,1.59,55.65
751,88,210,34,2.86,97.24
752,88,128,36,3.06,110.16
753,88,100,66,1.87,123.42
754,88,398,18,1.48,26.64
755,88,254,30,5.13,153.9
756,88,423,48,3.36,161.28
757,89,250,14,2.94,41.16
758,89,343,63,1.49,93.87
759,89,406,68,1.92,130.56
760,89,492,9,1.42,12.78
761,89,416,22,3.42,75.24
762,89,385,43,1.86,79.98
763,89,411,28,1.85,51.8
764,90,340,26,2.02,52.52
765,90,327,35,1.91,66.85
766,90,150,60,1.7,102.0
767,90,339,11,1.6,17.6
768,90,356,29,1.14,33.06
769,90,320,64,1.98,126.72
770,90,388,48,3.46,166.08
771,90,78,44,1.22,53.68
772,90,423,59,3.36,198.24
773,90,322,61,2.32,141.52
774,90,456,29,6.85,198.65
775,90,297,50,7.87,393.5
776,91,58,21,3.07,64.47
777,91,113,10,3.49,34.9
778,91,228,57,2.32,132.24
779,91,119,37,1.93,71.41
780,91,77,62,4.59,284.58
781,91,481,44,2.14,94.16
782,91,499,48,1.85,88.8
783,91,173,37,5.97,220.89
784,91,513,41,1.88,77.08
785,91,52,39,2.01,78.39
786,91,243,56,5.57,311.92
787,92,426,60,1.43,85.8
788,92,308,61,1.89,115.29
789,92,16,13,3.74,48.62
790,92,361,53,1.18,62.54
791,92,408,38,2.08,79.04
792,92,270,31,2.41,74.71
793,92,109,38,1.99,75.62
794,92,413,12,1.89,22.68
795,92,293,9,2.97,26.73
796,92,325,10,1.5,15.0
797,92,42,45,3.22,144.9
798,92,296,32,7.92,253.44
799,93,357,66,1.85,122.1
800,93,370,42,2.1,88.2
801,93,192,54,5.16,278.64
802,93,468,64,6.53,417.92
803,93,228,52,2.32,120.64
804,93,120,53,1.68,89.04
805,94,80,60,3.4,204.0
806,94,1,59,3.87,228.33
807,94,61,33,4.58,151.14
808,94,413,27,1.89,51.03
809,94,495,67,4.98,333.66
810,94,196,67,2.6,174.2
811,94,275,58,4.11,238.38
812,94,19,18,5.1,91.8
813,94,378,42,1.17,49.14
814,94,66,53,3.37,178.61
815,94,170,60,2.34,140.4
816,94,468,23,6.53,150.19
817,95,501,63,0.96,60.48
818,95,124,57,2.55,145.35
819,95,248,44,2.31,101.64
820,95,460,41,0.96,39.36
821,95,457,39,1.84,71.76
822,95,157,9,4.31,38.79
823,95,127,59,2.58,152.22
824,95,15,8,1.06,8.48
825,95,469,64,6.19,396.16
826,95,377,53,1.86,98.58
827,96,160,53,2.92,154.76
828,96,322,37,2.32,85.84
829,96,302,17,3.82,64.94
830,96,215,46,2.41,110.86
831,96,149,44,2.05,90.2
832,96,118,53,3.01,159.53
833,96,490,62,6.93,429.66
834,96,141,46,1.21,55.66
835,96,176,58,2.96,171.68
836,96,510,53,2.09,110.77
837,96,469,57,6.19,352.83
838,96,79,16,1.05,16.8
839,97,331,31,1.27,39.37
840,97,481,9,2.14,19.26
841,97,167,49,2.94,144.06
842,97,403,57,0.98,55.86
843,97,113,19,3.49,66.31
844,97,398,60,1.48,88.8
845,97,377,18,1.86,33.48
846,98,5,40,3.08,123.2
847,98,360,19,1.9,36.1
848,98,34,28,3.03,84.84
849,98,63,54,1.04,56.16
850,98,222,14,1.12,15.68
851,98,455,27,1.19,32.13
852,99,58,27,3.07,82.89
853,99,78,42,1.22,51.24
854,99,189,52,6.22,323.44
855,99,51,29,5.09,147.61
856,99,68,17,2.12,36.04
857,99,337,22,1.82,40.04
858,99,199,26,4.81,125.06
859,99,38,27,4.18,112.86
860,99,32,25,3.54,88.5
861,99,295,58,3.94,228.52
862,99,401,18,2.07,37.26
863,99,292,68,4.02,273.36
864,100,302,23,3.82,87.86
865,100,120,39,1.68,65.52
866,100,151,67,2.62,175.54
867,100,33,41,3.6,147.6
868,100,388,20,3.46,69.2
869,100,171,14,5.86,82.04
870,100,267,48,7.62,365.76
871,101,170,25,2.34,58.5
872,101,373,11,1.46,16.06
873,101,17,63,3.71,233.73
874,101,330,52,1.97,102.44
875,101,415,14,1.92,26.88
876,101,374,9,1.07,9.63
877,101,87,58,2.33,135.14
878,101,348,44,1.24,54.56
879,101,356,49,1.14,55.86
880,102,26,40,3.1,124.0
881,102,376,34,1.14,38.76
882,102,109,34,1.99,67.66
883,102,203,49,3.07,150.43
884,102,417,12,1.01,12.12
885,102,431,42,1.26,52.92
886,102,327,69,1.91,131.79
887,102,419,69,1.38,95.22
888,103,431,9,1.26,11.34
889,103,477,40,1.19,47.6
890,103,29,9,4.2,37.8
891,103,158,32,2.8,89.6
892,103,234,13,4.78,62.14
893,103,77,9,4.59,41.31
894,103,466,16,1.97,31.52
895,104,148,68,2.97,201.96
896,104,456,53,6.85,363.05
897,104,413,37,1.89,69.93
898,104,169,56,2.78,155.68
899,104,88,63,3.02,190.26
900,104,386,22,2.32,51.04
901,105,420,55,2.06,113.3
902,105,166,36,3.97,142.92
903,105,501,65,0.96,62.4
904,105,486,54,1.92,103.68
905,105,309,38,3.72,141.36
906,105,264,45,5.6,252.0
907,105,259,40,3.59,143.6
908,105,325,22,1.5,33.0
909,105,148,58,2.97,172.26
910,105,340,63,2.02,127.26
911,106,358,10,1.13,11.3
912,106,381,65,3.52,228.8
913,106,408,65,2.08,135.2
914,106,471,35,2.04,71.4
915,106,256,62,8.08,500.96
916,106,143,10,3.73,37.3
917,106,154,63,5.3,333.9
918,106,203,33,3.07,101.31
919,106,442,49,1.53,74.97
920,106,377,70,1.86,130.2
921,107,296,55,7.92,435.6
922,107,114,23,2.35,54.05
923,107,158,47,2.8,131.6
924,107,366,55,1.2,66.0
925,107,451,14,2.01,28.14
926,107,478,67,7.07,473.69
927,107,472,8,1.26,10.08
928,107,171,30,5.86,175.8
929,108,142,60,2.3,138.0
930,108,315,24,1.43,34.32
931,108,150,24,1.7,40.8
932,108,398,15,1.48,22.2
933,108,507,67,2.04,136.68
934,108,223,50,6.37,318.5
935,108,415,20,1.92,38.4
936,108,465,45,7.26,326.7
937,108,56,60,4.48,268.8
938,108,110,21,1.69,35.49
939,109,116,45,3.34,150.3
940,109,142,41,2.3,94.3
941,109,195,62,3.23,200.26
942,109,272,9,3.73,33.57
943,109,200,19,5.84,110.96
944,109,11,55,2.55,140.25
945,109,382,66,1.05,69.3
946,109,163,13,5.28,68.64
947,109,266,12,8.21,98.52
948,109,315,59,1.43,84.37
949,110,162,10,6.47,64.7
950,110,306,48,7.66,367.68
951,110,274,45,5.95,267.75
952,110,197,63,2.17,136.71
953,110,343,38,1.49,56.62
954,110,414,57,2.66,151.62
955,110,122,68,2.09,142.12
956,110,445,22,1.86,40.92
957,110,178,64,2.97,190.08
958,111,387,37,1.91,70.67
959,111,290,46,2.54,116.84
960,111,478,17,7.07,120.19
961,111,164,62,5.65,350.3
962,111,280,50,2.44,122.0
963,111,482,44,1.23,54.12
964,111,262,66,3.97,262.02
965,112,186,62,2.86,177.32
966,112,161,54,2.27,122.58
967,112,78,67,1.22,81.74
968,112,151,30,2.62,78.6
969,112,290,18,2.54,45.72
970,112,65,57,3.73,212.61
971,112,424,13,1.07,13.91
972,113,134,41,2.63,107.83
973,113,219,42,3.66,153.72
974,113,469,59,6.19,365.21
975,113,312,38,2.3,87.4
976,113,332,23,2.69,61.87
977,114,377,55,1.86,102.3
978,114,218,45,2.31,103.95
979,114,504,61,2.01,122.61
980,114,497,11,1.97,21.67
981,114,41,34,3.29,111.86
982,114,33,55,3.6,198.0
983,114,455,60,1.19,71.4
984,114,213,45,5.91,265.95
985,114,359,28,1.56,43.68
986,114,436,65,1.01,65.65
987,114,241,44,4.28,188.32
988,115,380,53,1.95,103.35
989,115,46,64,1.16,74.24
990,115,179,9,2.07,18.63
991,115,368,70,1.23,86.1
992,115,356,37,1.14,42.18
993,115,385,51,1.86,94.86
994,115,212,40,1.2,48.0
995,115,89,37,2.13,78.81
996,115,5,25,3.08,77.0
997,115,284,54,6.2,334.8
998,115,95,65,2.06,133.9
999,115,218,40,2.31,92.4
1000,116,431,54,1.26,68.04
1001,116,224,51,4.72,240.72
1002,116,53,46,2.85,131.1
1003,116,377,36,1.86,66.96
1004,116,379,21,1.56,32.76
1005,116,116,37,3.34,123.58
1006,116,247,12,2.78,33.36
1007,117,359,36,1.56,56.16
1008,117,132,66,2.09,137.94
1009,117,170,39,2.34,91.26
1010,117,476,25,1.97,49.25
1011,117,280,46,2.44,112.24
1012,117,102,26,2.09,54.34
1013,118,64,24,3.42,82.08
1014,118,336,60,1.26,75.6
1015,118,88,50,3.02,151.0
1016,118,115,30,1.9,57.0
1017,118,127,62,2.58,159.96
1018,118,196,23,2.6,59.8
1019,118,403,45,0.98,44.1
1020,118,307,30,7.57,227.1
1021,118,278,61,2.03,123.83
1022,118,133,60,3.37,202.2
1023,118,27,34,2.66,90.44
1024,118,461,66,2.06,135.96
1025,119,460,10,0.96,9.6
1026,119,327,21,1.91,40.11
1027,119,152,61,2.14,130.54
1028,119,64,62,3.42,212.04
1029,119,172,23,4.97,114.31
1030,119,35,49,5.2,254.8
1031,119,384,54,1.48,79.92
1032,119,158,25,2.8,70.0
1033,119,257,26,8.22,213.72
1034,119,117,20,2.52,50.4
1035,119,331,45,1.27,57.15
1036,119,167,26,2.94,76.44
1037,120,409,12,3.52,42.24
1038,120,54,37,3.77,139.49
1039,120,436,41,1.01,41.41
1040,120,298,11,1.94,21.34
1041,120,469,62,6.19,383.78
1042,120,135,69,1.95,134.55
1043,120,304,58,6.45,374.1
1044,120,208,46,2.48,114.08
1045,120,437,45,1.91,85.95
1046,120,476,54,1.97,106.38
1047,120,458,52,1.4,72.8
1048,121,405,17,1.42,24.14
1049,121,100,39,1.87,72.93
1050,121,242,34,1.16,39.44
1051,121,185,63,3.17,199.71
1052,121,500,11,1.55,17.05
1053,121,310,20,2.6,52.0
1054,121,171,47,5.86,275.42
1055,121,340,27,2.02,54.54
1056,122,513,13,1.88,24.44
1057,122,216,61,4.37,266.57
1058,122,272,34,3.73,126.82
1059,122,377,26,1.86,48.36
1060,122,243,38,5.57,211.66
1061,122,345,8,1.56,12.48
1062,122,76,24,6.42,154.08
1063,123,304,8,6.45,51.6
1064,123,313,22,1.43,31.46
1065,123,392,29,2.08,60.32
1066,123,180,28,5.82,162.96
1067,123,363,43,1.38,59.34
1068,123,69,66,3.06,201.96
1069,123,317,14,1.66,23.24
1070,123,409,11,3.52,38.72
1071,123,67,48,5.32,255.36
1072,123,379,61,1.56,95.16
1073,123,76,69,6.42,442.98
1074,124,182,57,5.54,315.78
1075,124,139,48,1.85,88.8
1076,124,173,61,5.97,364.17
1077,124,4,35,2.0,70.0
1078,124,371,39,1.19,46.41
1079,124,46,62,1.16,71.92
1080,124,478,22,7.07,155.54
1081,124,95,29,2.06,59.74
1082,124,271,10,7.32,73.2
1083,124,301,34,7.08,240.72
1084,125,412,49,1.38,67.62
1085,125,513,26,1.88,48.88
1086,125,157,52,4.31,224.12
1087,125,425,46,1.94,89.24
1088,125,6,18,3.7,66.6
1089,125,185,10,3.17,31.7
1090,125,125,48,1.88,90.24
1091,125,501,50,0.96,48.0
1092,125,297,64,7.87,503.68
1093,125,247,56,2.78,155.68
1094,125,272,13,3.73,48.49
1095,126,240,55,3.15,173.25
1096,126,507,18,2.04,36.72
1097,126,356,50,1.14,57.0
1098,126,184,32,3.83,122.56
1099,126,492,30,1.42,42.6
1100,126,267,11,7.62,83.82
1101,127,7,22,2.58,56.76
1102,127,246,54,4.76,257.04
1103,127,7,29,2.58,74.82
1104,127,298,34,1.94,65.96
1105,127,414,25,2.66,66.5
1106,128,251,44,4.37,192.28
1107,128,347,12,1.73,20.76
1108,128,113,29,3.49,101.21
1109,128,133,18,3.37,60.66
1110,128,384,53,1.48,78.44
1111,129,169,37,2.78,102.86
1112,129,458,22,1.4,30.8
1113,129,427,41,1.87,76.67
1114,129,480,47,7.0,329.0
1115,129,450,15,1.39,20.85
1116,129,293,51,2.97,151.47
1117,129,101,49,1.22,59.78
1118,129,173,26,5.97,155.22
1119,129,237,20,3.21,64.2
1120,129,225,32,2.59,82.88
1121,129,443,49,2.12,103.88
1122,129,454,59,2.03,119.77
1123,130,468,32,6.53,208.96
1124,130,200,40,5.84,233.6
1125,130,184,14,3.83,53.62
1126,130,480,42,7.0,294.0
1127,130,131,56,1.14,63.84
1128,130,218,26,2.31,60.06
1129,130,138,16,3.17,50.72
1130,130,325,8,1.5,12.0
1131,130,294,31,5.56,172.36
1132,130,233,20,5.88,117.6
1133,130,16,9,3.74,33.66
1134,131,248,57,2.31,131.67
1135,131,110,58,1.69,98.02
1136,131,209,39,3.42,133.38
1137,131,275,66,4.11,271.26
1138,131,173,11,5.97,65.67
1139,131,369,51,1.56,79.56
1140,131,156,51,4.99,254.49
1141,131,97,34,2.35,79.9
1142,131,467,14,1.11,15.54
1143,131,240,45,3.15,141.75
1144,131,476,34,1.97,66.98
1145,132,6,38,3.7,140.6
1146,132,136,15,3.59,53.85
1147,132,427,69,1.87,129.03
1148,132,61,42,4.58,192.36
1149,132,335,25,1.59,39.75
1150,132,77,66,4.59,302.94
1151,132,116,62,3.34,207.08
1152,133,140,21,1.66,34.86
1153,133,254,53,5.13,271.89
1154,133,444,19,1.08,20.52
1155,133,252,39,1.16,45.24
1156,133,294,64,5.56,355.84
1157,133,328,20,1.25,25.0
1158,133,224,50,4.72,236.0
1159,133,160,36,2.92,105.12
1160,133,476,12,1.97,23.64
1161,134,395,67,3.58,239.86
1162,134,252,16,1.16,18.56
1163,134,291,34,6.71,228.14
1164,134,426,16,1.43,22.88
1165,134,201,19,5.33,101.27
1166,134,287,18,8.25,148.5
1167,134,448,32,6.35,203.2
1168,134,494,61,1.97,120.17
1169,134,353,34,1.56,53.04
1170,135,493,23,0.95,21.85
1171,135,384,31,1.48,45.88
1172,135,383,22,2.15,47.3
1173,135,200,65,5.84,379.6
1174,135,330,60,1.97,118.2
1175,135,408,48,2.08,99.84
1176,135,83,47,3.29,154.63
1177,135,139,58,1.85,107.3
1178,135,360,54,1.9,102.6
1179,135,484,50,6.09,304.5
1180,135,147,61,2.67,162.87
1181,136,36,9,1.85,16.65
1182,136,19,64,5.1,326.4
1183,136,365,66,1.51,99.66
1184,136,308,59,1.89,111.51
1185,136,284,68,6.2,421.6
1186,136,426,35,1.43,50.05
1187,136,165,11,4.71,51.81
1188,136,348,24,1.24,29.76
1189,137,103,57,3.26,185.82
1190,137,221,62,4.39,272.18
1191,137,352,70,2.67,186.9
1192,137,107,11,2.41,26.51
1193,137,233,70,5.88,411.6
1194,137,277,16,8.37,133.92
1195,137,11,25,2.55,63.75
1196,137,221,30,4.39,131.7
1197,137,465,8,7.26,58.08
1198,137,441,38,1.92,72.96
1199,137,201,32,5.33,170.56
1200,137,274,21,5.95,124.95
1201,138,426,20,1.43,28.6
1202,138,106,32,3.46,110.72
1203,138,425,12,1.94,23.28
1204,138,488,61,7.29,444.69
1205,138,169,58,2.78,161.24
1206,138,364,12,1.05,12.6
1207,138,355,22,1.41,31.02
1208,138,114,64,2.35,150.4
1209,138,369,41,1.56,63.96
1210,138,162,10,6.47,64.7
1211,139,392,16,2.08,33.28
1212,139,294,54,5.56,300.24
1213,139,467,67,1.11,74.37
1214,139,376,13,1.14,14.82
1215,139,436,19,1.01,19.19
1216,139,358,22,1.13,24.86
1217,139,418,64,2.01,128.64
1218,139,102,70,2.09,146.3
1219,139,247,59,2.78,164.02
1220,139,201,31,5.33,165.23
1221,139,480,51,7.0,357.0
1222,139,377,51,1.86,94.86
1223,140,56,65,4.48,291.2
1224,140,442,17,1.53,26.01
1225,140,506,45,1.48,66.6
1226,140,274,49,5.95,291.55
1227,140,235,32,2.31,73.92
1228,140,210,42,2.86,120.12
1229,140,199,51,4.81,245.31
1230,140,412,48,1.38,66.24
1231,140,311,60,1.17,70.2
1232,141,23,35,2.52,88.2
1233,141,171,29,5.86,169.94
1234,141,160,27,2.92,78.84
1235,141,221,48,4.39,210.72
1236,141,341,66,1.21,79.86
1237,141,22,16,3.87,61.92
1238,141,280,47,2.44,114.68
1239,141,456,49,6.85,335.65
1240,141,193,29,4.02,116.58
1241,141,70,33,4.31,142.23
1242,141,318,21,1.22,25.62
1243,141,102,66,2.09,137.94
1244,142,179,23,2.07,47.61
1245,142,11,42,2.55,107.1
1246,142,296,19,7.92,150.48
1247,142,419,67,1.38,92.46
1248,142,296,31,7.92,245.52
1249,142,251,66,4.37,288.42
1250,143,86,22,3.72,81.84
1251,143,514,43,1.51,64.93
1252,143,400,46,2.65,121.9
1253,143,217,14,3.1,43.4
1254,143,126,40,3.24,129.6
1255,143,101,14,1.22,17.08
1256,144,474,52,5.74,298.48
1257,144,248,65,2.31,150.15
1258,144,413,62,1.89,117.18
1259,144,339,40,1.6,64.0
1260,144,133,42,3.37,141.54
1261,144,333,10,1.55,15.5
1262,144,275,18,4.11,73.98
1263,144,150,24,1.7,40.8
1264,144,103,59,3.26,192.34
1265,144,486,15,1.92,28.8
1266,145,56,15,4.48,67.2
1267,145,234,58,4.78,277.24
1268,145,440,42,6.67,280.14
1269,145,90,17,1.88,31.96
1270,145,433,13,1.99,25.87
1271,145,366,51,1.2,61.2
1272,145,511,44,4.89,215.16
1273,145,425,16,1.94,31.04
1274,145,216,37,4.37,161.69
1275,146,287,57,8.25,470.25
1276,146,349,37,1.41,52.17
1277,146,55,67,2.91,194.97
1278,146,58,40,3.07,122.8
1279,146,231,18,4.48,80.64
1280,146,15,26,1.06,27.56
1281,146,389,33,1.06,34.98
1282,146,378,62,1.17,72.54
1283,146,130,19,1.93,36.67
1284,146,170,65,2.34,152.1
1285,146,406,33,1.92,63.36
1286,147,132,35,2.09,73.15
1287,147,133,59,3.37,198.83
1288,147,291,53,6.71,355.63
1289,147,333,31,1.55,48.05
1290,147,163,28,5.28,147.84
1291,147,133,11,3.37,37.07
1292,147,162,21,6.47,135.87
1293,147,398,49,1.48,72.52
1294,147,232,33,1.15,37.95
1295,147,318,34,1.22,41.48
1296,148,351,56,1.14,63.84
1297,148,361,31,1.18,36.58
1298,148,139,38,1.85,70.3
1299,148,41,18,3.29,59.22
1300,148,379,12,1.56,18.72
1301,148,15,51,1.06,54.06
1302,148,406,53,1.92,101.76
1303,148,472,9,1.26,11.34
1304,149,202,49,3.91,191.59
1305,149,323,58,1.52,88.16
1306,149,227,55,3.0,165.0
1307,149,277,25,8.37,209.25
1308,149,270,57,2.41,137.37
1309,149,378,58,1.17,67.86
1310,149,421,70,2.57,179.9
1311,149,223,37,6.37,235.69
1312,149,353,53,1.56,82.68
1313,149,62,49,1.27,62.23
1314,149,99,67,1.88,125.96
1315,149,430,55,1.99,109.45
1316,150,119,51,1.93,98.43
1317,150,438,70,1.91,133.7
1318,150,292,11,4.02,44.22
1319,150,336,11,1.26,13.86
1320,150,213,24,5.91,141.84
1321,150,289,55,3.51,193.05
1322,150,175,37,4.18,154.66
1323,150,171,64,5.86,375.04
1324,151,37,14,2.94,41.16
1325,151,36,9,1.85,16.65
1326,151,229,44,3.48,153.12
1327,151,181,59,4.88,287.92
1328,151,354,63,1.04,65.52
1329,151,265,23,4.13,94.99
1330,151,209,68,3.42,232.56
1331,151,31,35,0.99,34.65
1332,151,151,18,2.62,47.16
1333,151,216,43,4.37,187.91
1334,152,308,34,1.89,64.26
1335,152,285,33,4.14,136.62
1336,152,495,70,4.98,348.6
1337,152,244,11,5.16,56.76
1338,152,184,37,3.83,141.71
1339,153,217,67,3.1,207.7
1340,153,19,55,5.1,280.5
1341,153,255,27,2.35,63.45
1342,153,503,64,4.67,298.88
1343,153,275,69,4.11,283.59
1344,153,423,14,3.36,47.04
1345,154,347,18,1.73,31.14
1346,154,173,16,5.97,95.52
1347,154,291,18,6.71,120.78
1348,154,41,41,3.29,134.89
1349,154,261,18,6.54,117.72
1350,154,18,12,3.02,36.24
1351,154,13,18,4.82,86.76
1352,155,91,34,1.22,41.48
1353,155,262,21,3.97,83.37
1354,155,345,29,1.56,45.24
1355,155,206,37,4.6,170.2
1356,155,158,10,2.8,28.0
1357,155,51,32,5.09,162.88
1358,155,233,59,5.88,346.92
1359,155,58,40,3.07,122.8
1360,155,109,37,1.99,73.63
1361,155,382,69,1.05,72.45
1362,156,355,67,1.41,94.47
1363,156,435,46,2.07,95.22
1364,156,182,13,5.54,72.02
1365,156,502,35,1.85,64.75
1366,156,373,48,1.46,70.08
1367,156,11,16,2.55,40.8
1368,156,219,31,3.66,113.46
1369,157,270,69,2.41,166.29
1370,157,378,66,1.17,77.22
1371,157,34,8,3.03,24.24
1372,157,92,47,2.18,102.46
1373,157,183,47,4.64,218.08
1374,157,272,12,3.73,44.76
1375,157,27,42,2.66,111.72
1376,157,321,68,1.13,76.84
1377,157,255,29,2.35,68.15
1378,157,303,13,3.12,40.56
1379,157,260,11,2.42,26.62
1380,158,500,35,1.55,54.25
1381,158,26,18,3.1,55.8
1382,158,376,19,1.14,21.66
1383,158,468,55,6.53,359.15
1384,158,408,33,2.08,68.64
1385,158,459,32,1.86,59.52
1386,158,287,53,8.25,437.25
1387,158,65,8,3.73,29.84
1388,158,123,47,3.42,160.74
1389,158,105,46,2.0,92.0
1390,158,257,20,8.22,164.4
1391,159,238,41,2.48,101.68
1392,159,232,60,1.15,69.0
1393,159,225,69,2.59,178.71
1394,159,162,13,6.47,84.11
1395,159,458,12,1.4,16.8
1396,159,147,59,2.67,157.53
1397,159,72,42,4.54,190.68
1398,159,311,14,1.17,16.38
1399,159,244,42,5.16,216.72
1400,159,219,17,3.66,62.22
1401,160,393,44,2.51,110.44
1402,160,504,48,2.01,96.48
1403,160,357,33,1.85,61.05
1404,160,42,56,3.22,180.32
1405,160,284,50,6.2,310.0
1406,160,192,61,5.16,314.76
1407,160,136,19,3.59,68.21
1408,160,256,36,8.08,290.88
1409,161,470,24,7.24,173.76
1410,161,484,22,6.09,133.98
1411,161,155,14,6.13,85.82
1412,161,194,40,2.99,119.6
1413,161,505,57,2.07,117.99
1414,161,338,9,1.18,10.62
1415,162,331,11,1.27,13.97
1416,162,24,28,4.62,129.36
1417,162,507,21,2.04,42.84
1418,162,505,66,2.07,136.62
1419,162,376,61,1.14,69.54
1420,162,71,50,2.66,133.0
1421,162,329,54,1.47,79.38
1422,162,139,32,1.85,59.2
1423,162,231,60,4.48,268.8
1424,162,239,41,3.72,152.52
1425,162,317,42,1.66,69.72
1426,162,497,15,1.97,29.55
1427,163,220,53,3.09,163.77
1428,163,254,8,5.13,41.04
1429,163,33,37,3.6,133.2
1430,163,347,18,1.73,31.14
1431,163,292,46,4.02,184.92
1432,164,335,24,1.59,38.16
1433,164,375,24,1.58,37.92
1434,164,35,35,5.2,182.0
1435,164,222,61,1.12,68.32
1436,164,105,67,2.0,134.0
1437,165,285,54,4.14,223.56
1438,165,507,34,2.04,69.36
1439,165,31,66,0.99,65.34
1440,165,134,68,2.63,178.84
1441,165,251,49,4.37,214.13
1442,165,20,51,1.99,101.49
1443,165,349,13,1.41,18.33
1444,165,513,10,1.88,18.8
1445,165,387,13,1.91,24.83
1446,166,271,40,7.32,292.8
1447,166,312,58,2.3,133.4
1448,166,256,68,8.08,549.44
1449,166,113,62,3.49,216.38
1450,166,357,63,1.85,116.55
1451,166,156,15,4.99,74.85
1452,166,174,62,5.12,317.44
1453,166,41,50,3.29,164.5
1454,166,230,37,3.12,115.44
1455,166,510,37,2.09,77.33
1456,166,285,33,4.14,136.62
1457,166,352,70,2.67,186.9
1458,167,217,56,3.1,173.6
1459,167,23,20,2.52,50.4
1460,167,258,39,1.88,73.32
1461,167,76,29,6.42,186.18
1462,167,313,30,1.43,42.9
1463,167,440,39,6.67,260.13
1464,167,384,24,1.48,35.52
1465,167,221,58,4.39,254.62
1466,167,195,51,3.23,164.73
1467,167,5,58,3.08,178.64
1468,167,378,61,1.17,71.37
1469,167,260,16,2.42,38.72
1470,168,136,8,3.59,28.72
1471,168,408,53,2.08,110.24
1472,168,453,24,1.72,41.28
1473,168,443,25,2.12,53.0
1474,168,270,53,2.41,127.73
1475,168,309,68,3.72,252.96
1476,168,45,20,4.17,83.4
1477,168,146,40,3.3,132.0
1478,168,508,59,1.5,88.5
1479,168,462,26,1.19,30.94
1480,169,83,24,3.29,78.96
1481,169,190,11,4.87,53.57
1482,169,16,61,3.74,228.14
1483,169,356,25,1.14,28.5
1484,169,17,51,3.71,189.21
1485,169,341,56,1.21,67.76
1486,169,439,9,1.2,10.8
1487,169,490,69,6.93,478.17
1488,170,212,10,1.2,12.0
1489,170,26,56,3.1,173.6
1490,170,90,9,1.88,16.92
1491,170,332,42,2.69,112.98
1492,170,73,19,3.46,65.74
1493,170,279,21,3.37,70.77
1494,171,448,59,6.35,374.65
1495,171,209,27,3.42,92.34
1496,171,415,14,1.92,26.88
1497,171,279,46,3.37,155.02
1498,171,401,9,2.07,18.63
1499,171,320,14,1.98,27.72
1500,171,107,12,2.41,28.92
1501,171,62,40,1.27,50.8
1502,171,404,48,1.88,90.24
1503,171,489,32,5.76,184.32
1504,171,218,30,2.31,69.3
1505,172,390,13,2.01,26.13
1506,172,509,34,1.06,36.04
1507,172,421,34,2.57,87.38
1508,172,300,18,2.32,41.76
1509,172,131,48,1.14,54.72
1510,172,76,28,6.42,179.76
1511,172,2,63,3.09,194.67
1512,172,423,11,3.36,36.96
1513,172,432,60,6.27,376.2
1514,173,59,56,2.45,137.2
1515,173,455,12,1.19,14.28
1516,173,372,43,2.68,115.24
1517,173,172,45,4.97,223.65
1518,173,318,26,1.22,31.72
1519,173,142,63,2.3,144.9
1520,174,436,61,1.01,61.61
1521,174,113,38,3.49,132.62
1522,174,57,57,3.37,192.09
1523,174,212,54,1.2,64.8
1524,174,366,26,1.2,31.2
1525,175,205,32,2.92,93.44
1526,175,359,33,1.56,51.48
1527,175,513,42,1.88,78.96
1528,175,98,26,3.11,80.86
1529,175,140,24,1.66,39.84
1530,175,132,19,2.09,39.71
1531,175,34,69,3.03,209.07
1532,176,461,60,2.06,123.6
1533,176,464,13,6.25,81.25
1534,176,487,60,1.29,77.4
1535,176,304,66,6.45,425.7
1536,176,40,35,4.5,157.5
1537,176,1,43,3.87,166.41
1538,176,288,47,1.99,93.53
1539,176,73,11,3.46,38.06
1540,177,178,12,2.97,35.64
1541,177,437,63,1.91,120.33
1542,177,221,14,4.39,61.46
1543,177,27,9,2.66,23.94
1544,177,298,9,1.94,17.46
1545,178,198,44,5.72,251.68
1546,178,141,70,1.21,84.7
1547,178,12,19,6.15,116.85
1548,178,84,29,2.48,71.92
1549,178,117,62,2.52,156.24
1550,178,227,11,3.0,33.0
1551,178,390,67,2.01,134.67
1552,178,242,42,1.16,48.72
1553,178,292,47,4.02,188.94
1554,179,15,18,1.06,19.08
1555,179,133,29,3.37,97.73
1556,179,151,68,2.62,178.16
1557,179,153,60,5.6,336.0
1558,179,472,66,1.26,83.16
1559,179,285,64,4.14,264.96
1560,179,21,54,2.87,154.98
1561,180,236,66,4.72,311.52
1562,180,361,36,1.18,42.48
1563,180,243,39,5.57,217.23
1564,180,212,61,1.2,73.2
1565,180,361,52,1.18,61.36
1566,181,380,32,1.95,62.4
1567,181,31,33,0.99,32.67
1568,181,261,60,6.54,392.4
1569,181,121,36,1.21,43.56
1570,181,478,43,7.07,304.01
1571,181,206,29,4.6,133.4
1572,181,183,56,4.64,259.84
1573,181,429,24,1.79,42.96
1574,181,229,10,3.48,34.8
1575,181,391,31,1.6,49.6
1576,182,335,19,1.59,30.21
1577,182,4,48,2.0,96.0
1578,182,106,14,3.46,48.44
1579,182,147,48,2.67,128.16
1580,182,410,59,0.98,57.82
1581,182,290,30,2.54,76.2
1582,182,342,26,2.33,60.58
1583,182,162,10,6.47,64.7
1584,182,351,28,1.14,31.92
1585,183,144,61,2.51,153.11
1586,183,100,8,1.87,14.96
1587,183,441,28,1.92,53.76
1588,183,449,51,1.92,97.92
1589,183,274,15,5.95,89.25
1590,183,235,28,2.31,64.68
1591,183,388,23,3.46,79.58
1592,183,170,69,2.34,161.46
1593,183,487,15,1.29,19.35
1594,183,75,56,2.31,129.36
1595,183,41,67,3.29,220.43
1596,183,60,46,6.04,277.84
1597,184,266,49,8.21,402.29
1598,184,9,19,3.38,64.22
1599,184,410,35,0.98,34.3
1600,184,393,13,2.51,32.63
1601,184,143,33,3.73,123.09
1602,184,91,67,1.22,81.74
1603,184,319,44,1.45,63.8
1604,184,284,57,6.2,353.4
1605,185,415,18,1.92,34.56
1606,185,149,34,2.05,69.7
1607,185,130,11,1.93,21.23
1608,185,7,53,2.58,136.74
1609,185,10,64,2.82,180.48
1610,185,6,16,3.7,59.2
1611,185,147,28,2.67,74.76
1612,185,119,31,1.93,59.83
1613,185,408,37,2.08,76.96
1614,185,341,23,1.21,27.83
1615,186,180,22,5.82,128.04
1616,186,437,39,1.91,74.49
1617,186,18,66,3.02,199.32
1618,186,173,9,5.97,53.73
1619,186,405,38,1.42,53.96
1620,186,290,39,2.54,99.06
1621,186,272,33,3.73,123.09
1622,186,239,62,3.72,230.64
1623,186,252,16,1.16,18.56
1624,187,449,54,1.92,103.68
1625,187,56,50,4.48,224.0
1626,187,260,20,2.42,48.4
1627,187,209,53,3.42,181.26
1628,187,492,41,1.42,58.22
1629,187,305,63,3.69,232.47
1630,187,201,46,5.33,245.18
1631,187,102,69,2.09,144.21
1632,188,167,49,2.94,144.06
1633,188,510,15,2.09,31.35
1634,188,485,20,6.75,135.0
1635,188,31,36,0.99,35.64
1636,188,461,54,2.06,111.24
1637,188,39,8,2.6,20.8
1638,189,44,29,6.97,202.13
1639,189,210,59,2.86,168.74
1640,189,446,11,2.15,23.65
1641,189,292,60,4.02,241.2
1642,189,57,43,3.37,144.91
1643,189,273,62,3.16,195.92
1644,190,249,40,3.49,139.6
1645,190,459,25,1.86,46.5
1646,190,367,64,1.83,117.12
1647,190,15,10,1.06,10.6
1648,190,224,10,4.72,47.2
1649,190,420,41,2.06,84.46
1650,190,327,41,1.91,78.31
1651,190,513,65,1.88,122.2
1652,190,83,48,3.29,157.92
1653,190,111,8,1.21,9.68
1654,190,278,65,2.03,131.95
1655,191,295,38,3.94,149.72
1656,191,237,14,3.21,44.94
1657,191,360,25,1.9,47.5
1658,191,180,49,5.82,285.18
1659,191,406,51,1.92,97.92
1660,191,241,13,4.28,55.64
1661,191,89,25,2.13,53.25
1662,191,92,57,2.18,124.26
1663,192,220,16,3.09,49.44
1664,192,429,37,1.79,66.23
1665,192,469,12,6.19,74.28
1666,192,340,41,2.02,82.82
1667,192,171,26,5.86,152.36
1668,192,215,56,2.41,134.96
1669,192,291,58,6.71,389.18
1670,192,167,35,2.94,102.9
1671,192,490,53,6.93,367.29
1672,192,100,28,1.87,52.36
1673,193,29,42,4.2,176.4
1674,193,4,28,2.0,56.0
1675,193,259,33,3.59,118.47
1676,193,311,57,1.17,66.69
1677,193,7,11,2.58,28.38
1678,193,283,15,3.01,45.15
1679,193,69,14,3.06,42.84
1680,193,164,47,5.65,265.55
1681,193,409,20,3.52,70.4
1682,193,38,47,4.18,196.46
1683,193,109,57,1.99,113.43
1684,194,329,14,1.47,20.58
1685,194,279,44,3.37,148.28
1686,194,107,13,2.41,31.33
1687,194,95,21,2.06,43.26
1688,194,512,46,2.1,96.6
1689,195,104,57,2.52,143.64
1690,195,216,28,4.37,122.36
1691,195,55,31,2.91,90.21
1692,195,166,44,3.97,174.68
1693,195,26,70,3.1,217.0
1694,195,47,47,0.98,46.06
1695,196,47,30,0.98,29.4
1696,196,184,68,3.83,260.44
1697,196,278,68,2.03,138.04
1698,196,114,57,2.35,133.95
1699,196,231,13,4.48,58.24
1700,196,147,44,2.67,117.48
1701,196,208,32,2.48,79.36
1702,197,157,57,4.31,245.67
1703,197,502,12,1.85,22.2
1704,197,171,66,5.86,386.76
1705,197,492,11,1.42,15.62
1706,197,312,66,2.3,151.8
1707,197,458,44,1.4,61.6
1708,197,42,17,3.22,54.74
1709,197,289,67,3.51,235.17
1710,197,209,63,3.42,215.46
1711,198,341,54,1.21,65.34
1712,198,141,50,1.21,60.5
1713,198,118,18,3.01,54.18
1714,198,311,61,1.17,71.37
1715,198,396,62,0.97,60.14
1716,198,184,34,3.83,130.22
1717,198,78,59,1.22,71.98
1718,199,334,45,0.99,44.55
1719,199,323,36,1.52,54.72
1720,199,10,37,2.82,104.34
1721,199,451,45,2.01,90.45
1722,199,271,42,7.32,307.44
1723,200,56,33,4.48,147.84
1724,200,196,32,2.6,83.2
1725,200,191,44,5.56,244.64
1726,200,142,41,2.3,94.3
1727,200,287,67,8.25,552.75
1728,200,19,38,5.1,193.8
1729,200,106,53,3.46,183.38
1730,200,423,67,3.36,225.12
1731,200,104,53,2.52,133.56
1732,200,118,26,3.01,78.26
1733,201,195,26,3.23,83.98
1734,201,484,12,6.09,73.08
1735,201,404,28,1.88,52.64
1736,201,381,66,3.52,232.32
1737,201,512,37,2.1,77.7
1738,201,377,47,1.86,87.42
1739,201,125,58,1.88,109.04
1740,201,281,64,7.14,456.96
1741,201,437,18,1.91,34.38
1742,201,77,63,4.59,289.17
1743,201,275,11,4.11,45.21
1744,201,229,65,3.48,226.2
1745,202,9,28,3.38,94.64
1746,202,488,9,7.29,65.61
1747,202,326,58,1.16,67.28
1748,202,367,50,1.83,91.5
1749,202,359,10,1.56,15.6
1750,202,232,24,1.15,27.6
1751,202,369,63,1.56,98.28
1752,202,123,58,3.42,198.36
1753,203,58,17,3.07,52.19
1754,203,354,21,1.04,21.84
1755,203,347,60,1.73,103.8
1756,203,246,65,4.76,309.4
1757,203,335,38,1.59,60.42
1758,203,211,28,4.72,132.16
1759,203,255,16,2.35,37.6
1760,203,371,36,1.19,42.84
1761,203,213,22,5.91,130.02
1762,203,165,32,4.71,150.72
1763,203,2,14,3.09,43.26
1764,204,151,51,2.62,133.62
1765,204,118,31,3.01,93.31
1766,204,51,54,5.09,274.86
1767,204,299,66,3.6,237.6
1768,204,296,34,7.92,269.28
1769,204,164,51,5.65,288.15
1770,204,104,68,2.52,171.36
1771,204,361,34,1.18,40.12
1772,204,316,11,1.15,12.65
1773,205,432,45,6.27,282.15
1774,205,9,60,3.38,202.8
1775,205,498,19,1.41,26.79
1776,205,220,69,3.09,213.21
1777,205,511,44,4.89,215.16
1778,205,403,68,0.98,66.64
1779,205,269,49,3.62,177.38
1780,205,425,43,1.94,83.42
1781,205,463,54,7.51,405.54
1782,205,281,39,7.14,278.46
1783,206,368,33,1.23,40.59
1784,206,355,23,1.41,32.43
1785,206,47,56,0.98,54.88
1786,206,158,18,2.8,50.4
1787,206,350,30,2.1,63.0
1788,206,422,54,1.91,103.14
1789,206,139,22,1.85,40.7
1790,206,455,66,1.19,78.54
1791,206,229,36,3.48,125.28
1792,206,259,20,3.59,71.8
1793,206,352,54,2.67,144.18
1794,207,242,13,1.16,15.08
1795,207,411,37,1.85,68.45
1796,207,298,42,1.94,81.48
1797,207,83,53,3.29,174.37
1798,207,373,23,1.46,33.58
1799,207,278,59,2.03,119.77
1800,207,488,65,7.29,473.85
1801,207,407,31,2.57,79.67
1802,207,115,53,1.9,100.7
1803,207,487,34,1.29,43.86
1804,208,353,68,1.56,106.08
1805,208,165,69,4.71,324.99
1806,208,69,60,3.06,183.6
1807,208,246,17,4.76,80.92
1808,208,121,9,1.21,10.89
1809,208,278,69,2.03,140.07
1810,208,470,17,7.24,123.08
1811,208,15,27,1.06,28.62
1812,208,3,14,5.82,81.48
1813,208,350,10,2.1,21.0
1814,208,25,29,3.46,100.34
1815,208,223,41,6.37,261.17
1816,209,236,32,4.72,151.04
1817,209,240,67,3.15,211.05
1818,209,126,70,3.24,226.8
1819,209,13,66,4.82,318.12
1820,209,391,48,1.6,76.8
1821,210,358,17,1.13,19.21
1822,210,267,59,7.62,449.58
1823,210,27,53,2.66,140.98
1824,210,109,69,1.99,137.31
1825,210,375,20,1.58,31.6
1826,210,306,30,7.66,229.8
1827,210,198,58,5.72,331.76
1828,211,80,14,3.4,47.6
1829,211,224,29,4.72,136.88
1830,211,404,37,1.88,69.56
1831,211,86,57,3.72,212.04
1832,211,307,30,7.57,227.1
1833,211,414,39,2.66,103.74
1834,211,257,13,8.22,106.86
1835,211,381,54,3.52,190.08
1836,211,278,51,2.03,103.53
1837,211,362,19,2.56,48.64
1838,212,331,15,1.27,19.05
1839,212,268,16,2.08,33.28
1840,212,370,48,2.1,100.8
1841,212,307,69,7.57,522.33
1842,212,198,46,5.72,263.12
1843,212,85,8,2.12,16.96
1844,212,469,51,6.19,315.69
1845,212,441,40,1.92,76.8
1846,212,194,68,2.99,203.32
1847,212,28,53,6.98,369.94
1848,212,285,66,4.14,273.24
1849,212,130,28,1.93,54.04
1850,213,9,41,3.38,138.58
1851,213,54,60,3.77,226.2
1852,213,258,57,1.88,107.16
1853,213,360,20,1.9,38.0
1854,213,295,8,3.94,31.52
1855,213,98,27,3.11,83.97
1856,213,2,68,3.09,210.12
1857,213,423,24,3.36,80.64
1858,213,505,67,2.07,138.69
1859,214,107,69,2.41,166.29
1860,214,292,12,4.02,48.24
1861,214,102,18,2.09,37.62
1862,214,22,13,3.87,50.31
1863,214,504,30,2.01,60.3
1864,214,325,66,1.5,99.0
1865,214,123,26,3.42,88.92
1866,215,3,14,5.82,81.48
1867,215,63,19,1.04,19.76
1868,215,467,43,1.11,47.73
1869,215,506,29,1.48,42.92
1870,215,209,25,3.42,85.5
1871,215,182,43,5.54,238.22
1872,215,25,45,3.46,155.7
1873,215,209,66,3.42,225.72
1874,216,372,32,2.68,85.76
1875,216,329,69,1.47,101.43
1876,216,59,31,2.45,75.95
1877,216,261,13,6.54,85.02
1878,216,5,17,3.08,52.36
1879,216,412,37,1.38,51.06
1880,216,454,52,2.03,105.56
1881,216,60,54,6.04,326.16
1882,216,389,48,1.06,50.88
1883,216,27,43,2.66,114.38
1884,216,189,10,6.22,62.2
1885,217,348,46,1.24,57.04
1886,217,246,53,4.76,252.28
1887,217,461,14,2.06,28.84
1888,217,499,44,1.85,81.4
1889,217,283,60,3.01,180.6
1890,217,53,8,2.85,22.8
1891,217,84,54,2.48,133.92
1892,217,220,38,3.09,117.42
1893,217,355,8,1.41,11.28
1894,217,225,26,2.59,67.34
1895,217,361,53,1.18,62.54
1896,217,182,55,5.54,304.7
1897,218,7,15,2.58,38.7
1898,218,473,32,6.72,215.04
1899,218,176,20,2.96,59.2
1900,218,192,24,5.16,123.84
1901,218,75,62,2.31,143.22
1902,218,236,67,4.72,316.24
1903,218,297,22,7.87,173.14
1904,219,246,48,4.76,228.48
1905,219,61,16,4.58,73.28
1906,219,458,64,1.4,89.6
1907,219,138,55,3.17,174.35
1908,219,464,54,6.25,337.5
1909,219,331,47,1.27,59.69
1910,219,395,37,3.58,132.46
1911,220,416,57,3.42,194.94
1912,220,429,47,1.79,84.13
1913,220,51,27,5.09,137.43
1914,220,390,12,2.01,24.12
1915,220,56,26,4.48,116.48
1916,220,210,47,2.86,134.42
1917,220,292,48,4.02,192.96
1918,220,216,19,4.37,83.03
1919,221,130,12,1.93,23.16
1920,221,102,65,2.09,135.85
1921,221,20,39,1.99,77.61
1922,221,81,46,1.27,58.42
1923,221,149,50,2.05,102.5
1924,221,226,66,4.25,280.5
1925,221,494,62,1.97,122.14
1926,221,73,27,3.46,93.42
1927,221,63,58,1.04,60.32
1928,221,484,21,6.09,127.89
1929,221,515,34,1.95,66.3
1930,221,14,53,1.11,58.83
1931,222,253,26,5.55,144.3
1932,222,370,20,2.1,42.0
1933,222,189,50,6.22,311.0
1934,222,35,33,5.2,171.6
1935,222,105,25,2.0,50.0
1936,222,359,57,1.56,88.92
1937,223,359,69,1.56,107.64
1938,223,369,35,1.56,54.6
1939,223,370,19,2.1,39.9
1940,223,335,24,1.59,38.16
1941,223,333,19,1.55,29.45
1942,223,294,25,5.56,139.0
1943,224,79,29,1.05,30.45
1944,224,13,66,4.82,318.12
1945,224,427,45,1.87,84.15
1946,224,442,50,1.53,76.5
1947,224,460,15,0.96,14.4
1948,224,102,44,2.09,91.96
1949,224,439,64,1.2,76.8
1950,224,194,10,2.99,29.9
1951,224,307,8,7.57,60.56
1952,224,162,30,6.47,194.1
1953,224,240,37,3.15,116.55
1954,224,97,64,2.35,150.4
1955,225,91,33,1.22,40.26
1956,225,433,39,1.99,77.61
1957,225,100,28,1.87,52.36
1958,225,353,60,1.56,93.6
1959,225,20,22,1.99,43.78
1960,225,489,70,5.76,403.2
1961,225,115,28,1.9,53.2
1962,225,392,18,2.08,37.44
1963,225,8,24,4.63,111.12
1964,225,232,13,1.15,14.95
1965,225,168,18,2.89,52.02
1966,225,406,67,1.92,128.64
1967,226,457,20,1.84,36.8
1968,226,444,17,1.08,18.36
1969,226,49,37,3.7,136.9
1970,226,156,46,4.99,229.54
1971,226,35,69,5.2,358.8
1972,226,170,15,2.34,35.1
1973,226,57,61,3.37,205.57
1974,226,257,40,8.22,328.8
1975,227,82,11,2.12,23.32
1976,227,485,61,6.75,411.75
1977,227,256,49,8.08,395.92
1978,227,379,69,1.56,107.64
1979,227,405,17,1.42,24.14
1980,227,356,46,1.14,52.44
1981,227,150,57,1.7,96.9
1982,227,24,60,4.62,277.2
1983,227,236,49,4.72,231.28
1984,228,369,46,1.56,71.76
1985,228,320,53,1.98,104.94
1986,228,273,56,3.16,176.96
1987,228,111,27,1.21,32.67
1988,228,371,53,1.19,63.07
1989,228,135,36,1.95,70.2
1990,228,43,15,2.65,39.75
1991,228,425,18,1.94,34.92
1992,228,317,47,1.66,78.02
1993,228,321,57,1.13,64.41
1994,229,423,15,3.36,50.4
1995,229,483,31,7.01,217.31
1996,229,449,65,1.92,124.8
1997,229,451,48,2.01,96.48
1998,229,113,37,3.49,129.13
1999,229,171,32,5.86,187.52
2000,229,414,67,2.66,178.22
2001,229,3,51,5.82,296.82
2002,229,74,47,3.12,146.64
2003,230,483,8,7.01,56.08
2004,230,241,44,4.28,188.32
2005,230,398,10,1.48,14.8
2006,230,178,54,2.97,160.38
2007,230,184,39,3.83,149.37
2008,230,328,25,1.25,31.25
2009,230,391,23,1.6,36.8
2010,230,282,65,3.84,249.6
2011,230,197,32,2.17,69.44
2012,230,73,31,3.46,107.26
2013,230,183,57,4.64,264.48
2014,231,209,60,3.42,205.2
2015,231,111,12,1.21,14.52
2016,231,299,58,3.6,208.8
2017,231,317,52,1.66,86.32
2018,231,83,38,3.29,125.02
2019,232,371,13,1.19,15.47
2020,232,252,29,1.16,33.64
2021,232,176,27,2.96,79.92
2022,232,373,20,1.46,29.2
2023,232,149,39,2.05,79.95
2024,232,459,51,1.86,94.86
2025,232,299,39,3.6,140.4
2026,232,457,34,1.84,62.56
2027,233,475,16,7.13,114.08
2028,233,298,53,1.94,102.82
2029,233,286,61,7.94,484.34
2030,233,190,12,4.87,58.44
2031,233,188,24,2.18,52.32
2032,233,139,20,1.85,37.0
2033,233,179,35,2.07,72.45
2034,233,98,65,3.11,202.15
2035,234,161,33,2.27,74.91
2036,234,413,69,1.89,130.41
2037,234,173,29,5.97,173.13
2038,234,145,14,1.99,27.86
2039,234,340,20,2.02,40.4
2040,234,431,19,1.26,23.94
2041,234,457,30,1.84,55.2
2042,235,502,17,1.85,31.45
2043,235,507,39,2.04,79.56
2044,235,235,41,2.31,94.71
2045,235,260,8,2.42,19.36
2046,235,27,41,2.66,109.06
2047,235,500,21,1.55,32.55
2048,235,414,19,2.66,50.54
2049,235,195,12,3.23,38.76
2050,235,9,51,3.38,172.38
2051,236,228,53,2.32,122.96
2052,236,418,33,2.01,66.33
2053,236,15,53,1.06,56.18
2054,236,335,42,1.59,66.78
2055,236,277,64,8.37,535.68
2056,236,141,65,1.21,78.65
2057,236,375,67,1.58,105.86
2058,236,130,56,1.93,108.08
2059,236,126,61,3.24,197.64
2060,236,97,56,2.35,131.6
2061,236,160,32,2.92,93.44
2062,236,305,46,3.69,169.74
2063,237,446,32,2.15,68.8
2064,237,172,40,4.97,198.8
2065,237,107,68,2.41,163.88
2066,237,194,36,2.99,107.64
2067,237,168,41,2.89,118.49
2068,237,153,48,5.6,268.8
2069,237,366,26,1.2,31.2
2070,237,143,36,3.73,134.28
2071,237,307,48,7.57,363.36
2072,237,515,36,1.95,70.2
2073,237,290,70,2.54,177.8
2074,237,171,30,5.86,175.8
2075,238,425,52,1.94,100.88
2076,238,177,51,3.11,158.61
2077,238,59,11,2.45,26.95
2078,238,257,8,8.22,65.76
2079,238,344,37,0.94,34.78
2080,238,335,11,1.59,17.49
2081,238,280,44,2.44,107.36
2082,238,479,64,6.19,396.16
2083,238,248,25,2.31,57.75
2084,238,341,68,1.21,82.28
2085,239,311,20,1.17,23.4
2086,239,384,66,1.48,97.68
2087,239,149,57,2.05,116.85
2088,239,309,40,3.72,148.8
2089,239,440,52,6.67,346.84
2090,240,218,65,2.31,150.15
2091,240,87,70,2.33,163.1
2092,240,143,19,3.73,70.87
2093,240,388,47,3.46,162.62
2094,240,434,16,1.44,23.04
2095,240,317,69,1.66,114.54
2096,240,292,12,4.02,48.24
2097,240,465,61,7.26,442.86
2098,240,143,60,3.73,223.8
2099,240,21,23,2.87,66.01
2100,241,444,27,1.08,29.16
2101,241,61,19,4.58,87.02
2102,241,425,56,1.94,108.64
2103,241,80,12,3.4,40.8
2104,241,166,8,3.97,31.76
2105,241,395,18,3.58,64.44
2106,241,307,38,7.57,287.66
2107,241,40,39,4.5,175.5
2108,242,439,18,1.2,21.6
2109,242,250,14,2.94,41.16
2110,242,301,21,7.08,148.68
2111,242,140,61,1.66,101.26
2112,242,512,36,2.1,75.6
2113,242,469,46,6.19,284.74
2114,242,11,27,2.55,68.85
2115,242,220,65,3.09,200.85
2116,242,137,25,2.59,64.75
2117,243,132,55,2.09,114.95
2118,243,477,36,1.19,42.84
2119,243,497,34,1.97,66.98
2120,243,83,11,3.29,36.19
2121,243,227,17,3.0,51.0
2122,243,75,55,2.31,127.05
2123,243,307,63,7.57,476.91
2124,243,262,51,3.97,202.47
2125,243,365,45,1.51,67.95
2126,243,77,29,4.59,133.11
2127,243,449,32,1.92,61.44
2128,243,318,31,1.22,37.82
2129,244,92,35,2.18,76.3
2130,244,19,33,5.1,168.3
2131,244,136,32,3.59,114.88
2132,244,89,63,2.13,134.19
2133,244,70,69,4.31,297.39
2134,244,289,15,3.51,52.65
2135,244,197,32,2.17,69.44
2136,244,124,17,2.55,43.35
2137,244,372,54,2.68,144.72
2138,244,258,51,1.88,95.88
2139,244,62,9,1.27,11.43
2140,244,289,16,3.51,56.16
2141,245,298,32,1.94,62.08
2142,245,475,46,7.13,327.98
2143,245,415,46,1.92,88.32
2144,245,507,19,2.04,38.76
2145,245,155,17,6.13,104.21
2146,245,378,41,1.17,47.97
2147,245,167,31,2.94,91.14
2148,245,88,11,3.02,33.22
2149,245,24,44,4.62,203.28
2150,245,323,61,1.52,92.72
2151,245,457,41,1.84,75.44
2152,245,247,42,2.78,116.76
2153,246,69,62,3.06,189.72
2154,246,235,25,2.31,57.75
2155,246,323,55,1.52,83.6
2156,246,32,18,3.54,63.72
2157,246,282,40,3.84,153.6
2158,246,170,33,2.34,77.22
2159,246,106,46,3.46,159.16
2160,247,48,20,3.42,68.4
2161,247,219,28,3.66,102.48
2162,247,9,66,3.38,223.08
2163,247,357,69,1.85,127.65
2164,247,22,62,3.87,239.94
2165,248,439,16,1.2,19.2
2166,248,65,29,3.73,108.17
2167,248,46,21,1.16,24.36
2168,248,458,13,1.4,18.2
2169,248,157,28,4.31,120.68
2170,248,265,30,4.13,123.9
2171,248,455,56,1.19,66.64
2172,248,5,46,3.08,141.68
2173,248,439,35,1.2,42.0
2174,248,468,56,6.53,365.68
2175,249,80,48,3.4,163.2
2176,249,469,53,6.19,328.07
2177,249,371,34,1.19,40.46
2178,249,265,53,4.13,218.89
2179,249,74,27,3.12,84.24
2180,250,28,44,6.98,307.12
2181,250,186,48,2.86,137.28
2182,250,484,52,6.09,316.68
2183,250,430,63,1.99,125.37
2184,250,313,19,1.43,27.17
2185,251,317,15,1.66,24.9
2186,251,15,35,1.06,37.1
2187,251,490,54,6.93,374.22
2188,251,489,70,5.76,403.2
2189,251,72,52,4.54,236.08
2190,251,252,14,1.16,16.24
2191,251,215,55,2.41,132.55
2192,251,20,69,1.99,137.31
2193,251,404,55,1.88,103.4
2194,251,83,26,3.29,85.54
2195,252,13,11,4.82,53.02
2196,252,493,55,0.95,52.25
2197,252,238,19,2.48,47.12
2198,252,213,55,5.91,325.05
2199,252,351,8,1.14,9.12
2200,252,116,41,3.34,136.94
2201,252,244,39,5.16,201.24
2202,252,268,42,2.08,87.36
2203,252,496,29,1.88,54.52
2204,253,477,70,1.19,83.3
2205,253,501,42,0.96,40.32
2206,253,380,9,1.95,17.55
2207,253,323,39,1.52,59.28
2208,253,265,45,4.13,185.85
2209,253,429,25,1.79,44.75
2210,253,70,50,4.31,215.5
2211,253,96,16,3.35,53.6
2212,253,158,54,2.8,151.2
2213,253,283,50,3.01,150.5
2214,253,511,67,4.89,327.63
2215,254,340,36,2.02,72.72
2216,254,8,50,4.63,231.5
2217,254,137,30,2.59,77.7
2218,254,47,36,0.98,35.28
2219,254,157,70,4.31,301.7
2220,254,176,59,2.96,174.64
2221,254,416,63,3.42,215.46
2222,254,265,44,4.13,181.72
2223,254,9,17,3.38,57.46
2224,254,11,44,2.55,112.2
2225,254,42,65,3.22,209.3
2226,254,98,19,3.11,59.09
2227,255,175,57,4.18,238.26
2228,255,463,41,7.51,307.91
2229,255,188,22,2.18,47.96
2230,255,384,60,1.48,88.8
2231,255,459,57,1.86,106.02
2232,255,111,66,1.21,79.86
2233,255,356,41,1.14,46.74
2234,255,275,57,4.11,234.27
2235,255,299,36,3.6,129.6
2236,255,420,66,2.06,135.96
2237,256,496,13,1.88,24.44
2238,256,66,66,3.37,222.42
2239,256,1,52,3.87,201.24
2240,256,143,31,3.73,115.63
2241,256,114,12,2.35,28.2
2242,256,372,69,2.68,184.92
2243,256,343,15,1.49,22.35
2244,256,495,42,4.98,209.16
2245,256,159,34,2.86,97.24
2246,256,435,32,2.07,66.24
2247,257,197,24,2.17,52.08
2248,257,432,66,6.27,413.82
2249,257,386,15,2.32,34.8
2250,257,365,28,1.51,42.28
2251,257,246,29,4.76,138.04
2252,257,494,67,1.97,131.99
2253,257,486,32,1.92,61.44
2254,257,369,47,1.56,73.32
2255,257,208,26,2.48,64.48
2256,257,404,51,1.88,95.88
2257,257,135,14,1.95,27.3
2258,257,48,26,3.42,88.92
2259,258,240,37,3.15,116.55
2260,258,230,27,3.12,84.24
2261,258,294,34,5.56,189.04
2262,258,88,46,3.02,138.92
2263,258,333,8,1.55,12.4
2264,258,469,47,6.19,290.93
2265,258,10,21,2.82,59.22
2266,258,343,69,1.49,102.81
2267,258,340,22,2.02,44.44
2268,258,238,57,2.48,141.36
2269,258,427,31,1.87,57.97
2270,259,179,8,2.07,16.56
2271,259,375,51,1.58,80.58
2272,259,364,30,1.05,31.5
2273,259,371,28,1.19,33.32
2274,259,140,18,1.66,29.88
2275,259,132,35,2.09,73.15
2276,259,322,12,2.32,27.84
2277,259,257,39,8.22,320.58
2278,260,249,40,3.49,139.6
2279,260,2,12,3.09,37.08
2280,260,370,52,2.1,109.2
2281,260,26,23,3.1,71.3
2282,260,181,41,4.88,200.08
2283,261,69,35,3.06,107.1
2284,261,59,44,2.45,107.8
2285,261,416,46,3.42,157.32
2286,261,202,66,3.91,258.06
2287,261,501,17,0.96,16.32
2288,262,64,35,3.42,119.7
2289,262,29,14,4.2,58.8
2290,262,183,37,4.64,171.68
2291,262,233,60,5.88,352.8
2292,262,100,54,1.87,100.98
2293,262,200,36,5.84,210.24
2294,263,51,26,5.09,132.34
2295,263,307,69,7.57,522.33
2296,263,134,45,2.63,118.35
2297,263,356,57,1.14,64.98
2298,263,262,42,3.97,166.74
2299,263,18,23,3.02,69.46
2300,263,216,43,4.37,187.91
2301,263,316,68,1.15,78.2
2302,264,124,49,2.55,124.95
2303,264,341,37,1.21,44.77
2304,264,402,14,3.33,46.62
2305,264,489,12,5.76,69.12
2306,264,159,41,2.86,117.26
2307,264,11,30,2.55,76.5
2308,264,23,58,2.52,146.16
2309,264,400,47,2.65,124.55
2310,264,318,22,1.22,26.84
2311,264,321,42,1.13,47.46
2312,264,171,59,5.86,345.74
2313,264,413,27,1.89,51.03
2314,265,56,50,4.48,224.0
2315,265,5,54,3.08,166.32
2316,265,409,43,3.52,151.36
2317,265,493,63,0.95,59.85
2318,265,506,50,1.48,74.0
2319,265,352,33,2.67,88.11
2320,265,186,10,2.86,28.6
2321,265,453,13,1.72,22.36
2322,265,220,31,3.09,95.79
2323,265,421,66,2.57,169.62
2324,265,494,70,1.97,137.9
2325,266,326,10,1.16,11.6
2326,266,230,9,3.12,28.08
2327,266,408,35,2.08,72.8
2328,266,238,21,2.48,52.08
2329,266,72,40,4.54,181.6
2330,266,39,55,2.6,143.0
2331,266,400,12,2.65,31.8
2332,266,200,49,5.84,286.16
2333,266,180,36,5.82,209.52
2334,266,183,52,4.64,241.28
2335,266,22,62,3.87,239.94
2336,266,34,62,3.03,187.86
2337,267,5,44,3.08,135.52
2338,267,398,42,1.48,62.16
2339,267,409,49,3.52,172.48
2340,267,221,23,4.39,100.97
2341,267,309,42,3.72,156.24
2342,267,351,57,1.14,64.98
2343,267,105,52,2.0,104.0
2344,267,461,24,2.06,49.44
2345,267,146,65,3.3,214.5
2346,267,33,44,3.6,158.4
2347,267,169,64,2.78,177.92
2348,268,491,42,1.95,81.9
2349,268,17,36,3.71,133.56
2350,268,209,12,3.42,41.04
2351,268,71,57,2.66,151.62
2352,268,129,13,1.89,24.57
2353,268,364,15,1.05,15.75
2354,268,152,32,2.14,68.48
2355,268,304,35,6.45,225.75
2356,269,477,41,1.19,48.79
2357,269,497,29,1.97,57.13
2358,269,441,21,1.92,40.32
2359,269,312,45,2.3,103.5
2360,269,58,14,3.07,42.98
2361,269,489,17,5.76,97.92
2362,270,488,53,7.29,386.37
2363,270,102,29,2.09,60.61
2364,270,152,25,2.14,53.5
2365,270,142,64,2.3,147.2
2366,270,284,41,6.2,254.2
2367,270,512,37,2.1,77.7
2368,270,395,61,3.58,218.38
2369,270,33,47,3.6,169.2
2370,271,430,59,1.99,117.41
2371,271,431,31,1.26,39.06
2372,271,204,16,2.78,44.48
2373,271,35,12,5.2,62.4
2374,271,157,59,4.31,254.29
2375,271,131,27,1.14,30.78
2376,271,54,26,3.77,98.02
2377,271,240,48,3.15,151.2
2378,271,208,69,2.48,171.12
2379,272,382,14,1.05,14.7
2380,272,425,14,1.94,27.16
2381,272,53,22,2.85,62.7
2382,272,277,46,8.37,385.02
2383,272,201,40,5.33,213.2
2384,273,122,10,2.09,20.9
2385,273,255,65,2.35,152.75
2386,273,12,57,6.15,350.55
2387,273,318,51,1.22,62.22
2388,273,152,52,2.14,111.28
2389,273,366,18,1.2,21.6
2390,273,256,11,8.08,88.88
2391,273,217,26,3.1,80.6
2392,274,144,24,2.51,60.24
2393,274,386,29,2.32,67.28
2394,274,66,54,3.37,181.98
2395,274,194,55,2.99,164.45
2396,274,105,55,2.0,110.0
2397,274,379,12,1.56,18.72
2398,274,11,39,2.55,99.45
2399,275,349,34,1.41,47.94
2400,275,433,61,1.99,121.39
2401,275,77,57,4.59,261.63
2402,275,104,34,2.52,85.68
2403,275,135,70,1.95,136.5
2404,275,301,66,7.08,467.28
2405,275,325,33,1.5,49.5
2406,275,366,11,1.2,13.2
2407,276,414,37,2.66,98.42
2408,276,333,60,1.55,93.0
2409,276,410,23,0.98,22.54
2410,276,513,11,1.88,20.68
2411,276,387,57,1.91,108.87
2412,276,442,59,1.53,90.27
2413,276,118,54,3.01,162.54
2414,277,369,55,1.56,85.8
2415,277,103,25,3.26,81.5
2416,277,270,48,2.41,115.68
2417,277,331,33,1.27,41.91
2418,277,513,30,1.88,56.4
2419,278,452,14,1.06,14.84
2420,278,452,9,1.06,9.54
2421,278,282,42,3.84,161.28
2422,278,211,47,4.72,221.84
2423,278,248,56,2.31,129.36
2424,278,152,21,2.14,44.94
2425,278,379,19,1.56,29.64
2426,278,133,12,3.37,40.44
2427,279,403,28,0.98,27.44
2428,279,336,46,1.26,57.96
2429,279,231,24,4.48,107.52
2430,279,261,46,6.54,300.84
2431,279,88,38,3.02,114.76
2432,279,239,47,3.72,174.84
2433,279,293,12,2.97,35.64
2434,279,324,37,1.05,38.85
2435,279,204,35,2.78,97.3
2436,280,243,23,5.57,128.11
2437,280,293,22,2.97,65.34
2438,280,277,43,8.37,359.91
2439,280,251,9,4.37,39.33
2440,280,49,61,3.7,225.7
2441,280,320,16,1.98,31.68
2442,280,208,59,2.48,146.32
2443,280,486,8,1.92,15.36
2444,280,267,70,7.62,533.4
2445,280,214,69,4.91,338.79
2446,281,124,21,2.55,53.55
2447,281,396,61,0.97,59.17
2448,281,260,38,2.42,91.96
2449,281,83,45,3.29,148.05
2450,281,352,10,2.67,26.7
2451,281,102,37,2.09,77.33
2452,281,70,57,4.31,245.67
2453,281,256,61,8.08,492.88
2454,281,24,48,4.62,221.76
2455,281,417,37,1.01,37.37
2456,281,323,66,1.52,100.32
2457,282,31,31,0.99,30.69
2458,282,144,8,2.51,20.08
2459,282,346,50,1.12,56.0
2460,282,349,9,1.41,12.69
2461,282,236,69,4.72,325.68
2462,282,273,20,3.16,63.2
2463,282,206,20,4.6,92.0
2464,282,310,60,2.6,156.0
2465,282,462,42,1.19,49.98
2466,283,314,19,0.96,18.24
2467,283,90,19,1.88,35.72
2468,283,35,33,5.2,171.6
2469,283,377,32,1.86,59.52
2470,283,371,58,1.19,69.02
2471,284,511,50,4.89,244.5
2472,284,489,12,5.76,69.12
2473,284,245,24,2.43,58.32
2474,284,309,52,3.72,193.44
2475,284,303,64,3.12,199.68
2476,284,230,20,3.12,62.4
2477,284,212,62,1.2,74.4
2478,284,25,22,3.46,76.12
2479,285,162,18,6.47,116.46
2480,285,128,23,3.06,70.38
2481,285,395,49,3.58,175.42
2482,285,209,67,3.42,229.14
2483,285,456,60,6.85,411.0
2484,285,161,57,2.27,129.39
2485,285,469,12,6.19,74.28
2486,285,511,67,4.89,327.63
2487,285,325,66,1.5,99.0
2488,285,47,11,0.98,10.78
2489,285,69,60,3.06,183.6
2490,286,196,21,2.6,54.6
2491,286,345,63,1.56,98.28
2492,286,456,55,6.85,376.75
2493,286,98,61,3.11,189.71
2494,286,299,28,3.6,100.8
2495,287,480,29,7.0,203.0
2496,287,444,11,1.08,11.88
2497,287,177,35,3.11,108.85
2498,287,20,13,1.99,25.87
2499,287,109,57,1.99,113.43
2500,287,224,48,4.72,226.56
2501,287,360,38,1.9,72.2
2502,287,306,51,7.66,390.66
2503,287,364,8,1.05,8.4
2504,287,498,36,1.41,50.76
2505,288,503,60,4.67,280.2
2506,288,425,61,1.94,118.34
2507,288,503,9,4.67,42.03
2508,288,379,50,1.56,78.0
2509,288,147,16,2.67,42.72
2510,288,17,70,3.71,259.7
2511,288,254,31,5.13,159.03
2512,288,47,52,0.98,50.96
2513,288,201,31,5.33,165.23
2514,289,181,10,4.88,48.8
2515,289,29,20,4.2,84.0
2516,289,499,46,1.85,85.1
2517,289,79,26,1.05,27.3
2518,289,210,68,2.86,194.48
2519,289,73,52,3.46,179.92
2520,289,408,11,2.08,22.88
2521,289,218,56,2.31,129.36
2522,290,345,52,1.56,81.12
2523,290,509,8,1.06,8.48
2524,290,136,63,3.59,226.17
2525,290,240,12,3.15,37.8
2526,290,64,69,3.42,235.98
2527,290,76,36,6.42,231.12
2528,290,193,21,4.02,84.42
2529,290,95,32,2.06,65.92
2530,290,267,58,7.62,441.96
2531,291,515,18,1.95,35.1
2532,291,161,11,2.27,24.97
2533,291,65,14,3.73,52.22
2534,291,165,66,4.71,310.86
2535,291,70,11,4.31,47.41
2536,291,12,54,6.15,332.1
2537,292,444,10,1.08,10.8
2538,292,382,27,1.05,28.35
2539,292,492,22,1.42,31.24
2540,292,30,25,1.13,28.25
2541,292,13,22,4.82,106.04
2542,292,431,53,1.26,66.78
2543,292,208,65,2.48,161.2
2544,293,18,19,3.02,57.38
2545,293,296,39,7.92,308.88
2546,293,86,10,3.72,37.2
2547,293,323,16,1.52,24.32
2548,293,34,60,3.03,181.8
2549,293,76,8,6.42,51.36
2550,293,294,11,5.56,61.16
2551,293,459,11,1.86,20.46
2552,293,58,18,3.07,55.26
2553,294,48,17,3.42,58.14
2554,294,150,41,1.7,69.7
2555,294,182,17,5.54,94.18
2556,294,298,29,1.94,56.26
2557,294,90,30,1.88,56.4
2558,294,291,29,6.71,194.59
2559,294,318,35,1.22,42.7
2560,294,48,55,3.42,188.1
2561,294,311,8,1.17,9.36
2562,294,459,60,1.86,111.6
2563,294,471,52,2.04,106.08
2564,294,224,48,4.72,226.56
2565,295,84,52,2.48,128.96
2566,295,81,49,1.27,62.23
2567,295,381,45,3.52,158.4
2568,295,345,62,1.56,96.72
2569,295,329,70,1.47,102.9
2570,295,193,65,4.02,261.3
2571,295,59,22,2.45,53.9
2572,295,148,68,2.97,201.96
2573,296,334,55,0.99,54.45
2574,296,450,24,1.39,33.36
2575,296,184,70,3.83,268.1
2576,296,122,16,2.09,33.44
2577,296,471,17,2.04,34.68
2578,296,322,48,2.32,111.36
2579,296,312,37,2.3,85.1
2580,296,26,16,3.1,49.6
2581,297,81,13,1.27,16.51
2582,297,267,43,7.62,327.66
2583,297,329,60,1.47,88.2
2584,297,502,22,1.85,40.7
2585,297,299,51,3.6,183.6
2586,297,96,36,3.35,120.6
2587,297,459,55,1.86,102.3
2588,297,63,58,1.04,60.32
2589,297,430,60,1.99,119.4
2590,297,251,24,4.37,104.88
2591,297,186,12,2.86,34.32
2592,297,444,22,1.08,23.76
2593,298,232,37,1.15,42.55
2594,298,126,40,3.24,129.6
2595,298,386,67,2.32,155.44
2596,298,90,43,1.88,80.84
2597,298,251,37,4.37,161.69
2598,298,179,64,2.07,132.48
2599,298,367,35,1.83,64.05
2600,298,134,46,2.63,120.98
2601,298,159,19,2.86,54.34
2602,299,386,14,2.32,32.48
2603,299,468,46,6.53,300.38
2604,299,169,31,2.78,86.18
2605,299,141,52,1.21,62.92
2606,299,265,21,4.13,86.73
2607,299,490,34,6.93,235.62
2608,299,148,53,2.97,157.41
2609,299,10,37,2.82,104.34
2610,299,300,67,2.32,155.44
2611,299,3,48,5.82,279.36
2612,300,446,43,2.15,92.45
2613,300,428,53,1.0,53.0
2614,300,409,19,3.52,66.88
2615,300,363,65,1.38,89.7
2616,300,112,49,2.35,115.15
2617,300,321,40,1.13,45.2
2618,300,416,9,3.42,30.78
2619,300,373,23,1.46,33.58
2620,300,251,41,4.37,179.17
2621,300,151,26,2.62,68.12
2622,301,492,15,1.42,21.3
2623,301,164,24,5.65,135.6
2624,301,466,24,1.97,47.28
2625,301,70,16,4.31,68.96
2626,301,236,31,4.72,146.32
2627,302,311,21,1.17,24.57
2628,302,468,69,6.53,450.57
2629,302,260,27,2.42,65.34
2630,302,205,9,2.92,26.28
2631,302,283,34,3.01,102.34
2632,302,100,59,1.87,110.33
2633,302,25,39,3.46,134.94
2634,302,446,65,2.15,139.75
2635,302,172,45,4.97,223.65
2636,303,120,57,1.68,95.76
2637,303,14,50,1.11,55.5
2638,303,416,50,3.42,171.0
2639,303,340,67,2.02,135.34
2640,303,353,22,1.56,34.32
2641,303,120,67,1.68,112.56
2642,303,301,56,7.08,396.48
2643,303,68,11,2.12,23.32
2644,303,261,58,6.54,379.32
2645,303,453,28,1.72,48.16
2646,304,180,46,5.82,267.72
2647,304,457,37,1.84,68.08
2648,304,287,62,8.25,511.5
2649,304,44,34,6.97,236.98
2650,304,148,30,2.97,89.1
2651,304,290,39,2.54,99.06
2652,304,513,44,1.88,82.72
2653,304,318,29,1.22,35.38
2654,305,89,57,2.13,121.41
2655,305,486,32,1.92,61.44
2656,305,115,24,1.9,45.6
2657,305,248,25,2.31,57.75
2658,305,18,27,3.02,81.54
2659,305,158,13,2.8,36.4
2660,306,247,54,2.78,150.12
2661,306,19,66,5.1,336.6
2662,306,105,23,2.0,46.0
2663,306,68,12,2.12,25.44
2664,306,86,59,3.72,219.48
2665,306,25,23,3.46,79.58
2666,306,505,32,2.07,66.24
2667,306,457,19,1.84,34.96
2668,307,294,36,5.56,200.16
2669,307,47,10,0.98,9.8
2670,307,4,8,2.0,16.0
2671,307,355,17,1.41,23.97
2672,307,216,55,4.37,240.35
2673,308,302,37,3.82,141.34
2674,308,27,51,2.66,135.66
2675,308,493,63,0.95,59.85
2676,308,141,50,1.21,60.5
2677,308,353,46,1.56,71.76
2678,308,273,31,3.16,97.96
2679,309,372,64,2.68,171.52
2680,309,69,63,3.06,192.78
2681,309,247,46,2.78,127.88
2682,309,244,51,5.16,263.16
2683,309,294,9,5.56,50.04
2684,309,363,60,1.38,82.8
2685,309,185,29,3.17,91.93
2686,309,433,45,1.99,89.55
2687,309,225,36,2.59,93.24
2688,310,459,20,1.86,37.2
2689,310,480,61,7.0,427.0
2690,310,478,49,7.07,346.43
2691,310,98,54,3.11,167.94
2692,310,359,14,1.56,21.84
2693,310,104,60,2.52,151.2
2694,310,441,19,1.92,36.48
2695,310,362,38,2.56,97.28
2696,310,482,45,1.23,55.35
2697,310,111,43,1.21,52.03
2698,311,195,68,3.23,219.64
2699,311,443,43,2.12,91.16
2700,311,239,29,3.72,107.88
2701,311,368,55,1.23,67.65
2702,311,7,70,2.58,180.6
2703,311,404,43,1.88,80.84
2704,311,173,34,5.97,202.98
2705,311,409,14,3.52,49.28
2706,311,188,22,2.18,47.96
2707,311,279,56,3.37,188.72
2708,311,235,42,2.31,97.02
2709,312,255,66,2.35,155.1
2710,312,43,11,2.65,29.15
2711,312,381,55,3.52,193.6
2712,312,47,61,0.98,59.78
2713,312,479,47,6.19,290.93
2714,312,275,38,4.11,156.18
2715,312,208,22,2.48,54.56
2716,312,335,59,1.59,93.81
2717,312,371,28,1.19,33.32
2718,312,455,45,1.19,53.55
2719,312,492,48,1.42,68.16
2720,312,380,53,1.95,103.35
2721,313,317,66,1.66,109.56
2722,313,46,58,1.16,67.28
2723,313,427,31,1.87,57.97
2724,313,10,32,2.82,90.24
2725,313,418,12,2.01,24.12
2726,313,491,13,1.95,25.35
2727,313,453,42,1.72,72.24
2728,313,393,32,2.51,80.32
2729,313,5,32,3.08,98.56
2730,313,257,69,8.22,567.18
2731,314,113,59,3.49,205.91
2732,314,35,53,5.2,275.6
2733,314,422,8,1.91,15.28
2734,314,51,20,5.09,101.8
2735,314,118,12,3.01,36.12
2736,314,468,10,6.53,65.3
2737,315,128,18,3.06,55.08
2738,315,454,31,2.03,62.93
2739,315,36,43,1.85,79.55
2740,315,502,69,1.85,127.65
2741,315,290,10,2.54,25.4
2742,315,394,60,1.84,110.4
2743,315,37,16,2.94,47.04
2744,315,234,37,4.78,176.86
2745,315,294,55,5.56,305.8
2746,315,413,27,1.89,51.03
2747,315,273,17,3.16,53.72
2748,315,433,39,1.99,77.61
2749,316,470,68,7.24,492.32
2750,316,4,65,2.0,130.0
2751,316,170,14,2.34,32.76
2752,316,429,29,1.79,51.91
2753,316,29,44,4.2,184.8
2754,316,302,24,3.82,91.68
2755,316,354,60,1.04,62.4
2756,316,95,28,2.06,57.68
2757,316,75,45,2.31,103.95
2758,316,93,31,3.39,105.09
2759,316,440,48,6.67,320.16
2760,316,500,44,1.55,68.2
2761,317,250,10,2.94,29.4
2762,317,274,67,5.95,398.65
2763,317,298,20,1.94,38.8
2764,317,221,37,4.39,162.43
2765,317,479,62,6.19,383.78
2766,317,462,43,1.19,51.17
2767,317,392,66,2.08,137.28
2768,318,338,18,1.18,21.24
2769,318,169,8,2.78,22.24
2770,318,287,27,8.25,222.75
2771,318,447,39,1.24,48.36
2772,318,119,26,1.93,50.18
2773,319,235,69,2.31,159.39
2774,319,198,36,5.72,205.92
2775,319,471,42,2.04,85.68
2776,319,337,48,1.82,87.36
2777,319,35,58,5.2,301.6
2778,319,98,36,3.11,111.96
2779,319,429,21,1.79,37.59
2780,320,296,35,7.92,277.2
2781,320,250,49,2.94,144.06
2782,320,384,12,1.48,17.76
2783,320,108,19,3.14,59.66
2784,320,383,42,2.15,90.3
2785,320,83,56,3.29,184.24
2786,320,31,68,0.99,67.32
2787,320,193,36,4.02,144.72
2788,320,395,56,3.58,200.48
2789,320,106,16,3.46,55.36
2790,321,426,68,1.43,97.24
2791,321,443,42,2.12,89.04
2792,321,227,14,3.0,42.0
2793,321,511,59,4.89,288.51
2794,321,95,36,2.06,74.16
2795,321,209,12,3.42,41.04
2796,321,57,70,3.37,235.9
2797,321,442,63,1.53,96.39
2798,321,280,60,2.44,146.4
2799,321,358,41,1.13,46.33
2800,321,496,30,1.88,56.4
2801,322,52,40,2.01,80.4
2802,322,418,45,2.01,90.45
2803,322,194,46,2.99,137.54
2804,322,324,59,1.05,61.95
2805,322,284,22,6.2,136.4
2806,322,265,47,4.13,194.11
2807,322,447,20,1.24,24.8
2808,322,188,67,2.18,146.06
2809,323,51,52,5.09,264.68
2810,323,456,37,6.85,253.45
2811,323,179,63,2.07,130.41
2812,323,256,24,8.08,193.92
2813,323,58,24,3.07,73.68
2814,323,209,30,3.42,102.6
2815,323,279,42,3.37,141.54
2816,323,399,20,2.09,41.8
2817,323,454,20,2.03,40.6
2818,324,393,39,2.51,97.89
2819,324,493,65,0.95,61.75
2820,324,158,35,2.8,98.0
2821,324,71,17,2.66,45.22
2822,324,403,18,0.98,17.64
2823,324,220,19,3.09,58.71
2824,324,487,47,1.29,60.63
2825,324,282,46,3.84,176.64
2826,324,308,64,1.89,120.96
2827,324,499,26,1.85,48.1
2828,324,354,54,1.04,56.16
2829,325,200,39,5.84,227.76
2830,325,487,8,1.29,10.32
2831,325,442,43,1.53,65.79
2832,325,136,32,3.59,114.88
2833,325,507,38,2.04,77.52
2834,325,87,46,2.33,107.18
2835,325,470,65,7.24,470.6
2836,325,127,27,2.58,69.66
2837,325,303,39,3.12,121.68
2838,325,502,27,1.85,49.95
2839,326,180,17,5.82,98.94
2840,326,383,15,2.15,32.25
2841,326,247,50,2.78,139.0
2842,326,81,15,1.27,19.05
2843,326,187,33,3.0,99.0
2844,326,124,9,2.55,22.95
2845,326,102,68,2.09,142.12
2846,327,147,64,2.67,170.88
2847,327,49,44,3.7,162.8
2848,327,433,35,1.99,69.65
2849,327,57,54,3.37,181.98
2850,327,195,27,3.23,87.21
2851,327,279,63,3.37,212.31
2852,327,73,16,3.46,55.36
2853,327,419,49,1.38,67.62
2854,327,211,39,4.72,184.08
2855,327,218,51,2.31,117.81
2856,327,423,25,3.36,84.0
2857,328,487,50,1.29,64.5
2858,328,365,45,1.51,67.95
2859,328,12,22,6.15,135.3
2860,328,177,10,3.11,31.1
2861,328,195,28,3.23,90.44
2862,328,8,16,4.63,74.08
2863,329,343,15,1.49,22.35
2864,329,467,13,1.11,14.43
2865,329,133,39,3.37,131.43
2866,329,461,56,2.06,115.36
2867,329,354,52,1.04,54.08
2868,330,44,45,6.97,313.65
2869,330,297,8,7.87,62.96
2870,330,485,25,6.75,168.75
2871,330,199,52,4.81,250.12
2872,330,507,57,2.04,116.28
2873,330,90,29,1.88,54.52
2874,330,295,46,3.94,181.24
2875,330,432,63,6.27,395.01
2876,330,187,43,3.0,129.0
2877,330,49,38,3.7,140.6
2878,330,203,29,3.07,89.03
2879,331,87,28,2.33,65.24
2880,331,143,33,3.73,123.09
2881,331,75,31,2.31,71.61
2882,331,195,69,3.23,222.87
2883,331,243,57,5.57,317.49
2884,331,471,53,2.04,108.12
2885,331,135,69,1.95,134.55
2886,331,108,42,3.14,131.88
2887,331,73,69,3.46,238.74
2888,331,329,67,1.47,98.49
2889,332,392,13,2.08,27.04
2890,332,93,18,3.39,61.02
2891,332,80,57,3.4,193.8
2892,332,274,39,5.95,232.05
2893,332,296,14,7.92,110.88
2894,332,391,55,1.6,88.0
2895,332,468,8,6.53,52.24
2896,333,81,17,1.27,21.59
2897,333,166,23,3.97,91.31
2898,333,245,56,2.43,136.08
2899,333,102,37,2.09,77.33
2900,333,111,40,1.21,48.4
2901,333,4,33,2.0,66.0
2902,333,110,8,1.69,13.52
2903,333,161,13,2.27,29.51
2904,333,222,61,1.12,68.32
2905,334,118,25,3.01,75.25
2906,334,171,13,5.86,76.18
2907,334,416,21,3.42,71.82
2908,334,124,12,2.55,30.6
2909,334,154,65,5.3,344.5
2910,334,61,60,4.58,274.8
2911,334,257,69,8.22,567.18
2912,334,193,42,4.02,168.84
2913,334,343,68,1.49,101.32
2914,334,51,47,5.09,239.23
2915,334,415,33,1.92,63.36
2916,334,100,52,1.87,97.24
2917,335,132,34,2.09,71.06
2918,335,343,44,1.49,65.56
2919,335,137,9,2.59,23.31
2920,335,382,37,1.05,38.85
2921,335,94,32,2.58,82.56
2922,335,495,25,4.98,124.5
2923,335,185,39,3.17,123.63
2924,335,360,21,1.9,39.9
2925,335,81,69,1.27,87.63
2926,336,242,15,1.16,17.4
2927,336,112,14,2.35,32.9
2928,336,453,24,1.72,41.28
2929,336,372,11,2.68,29.48
2930,336,329,50,1.47,73.5
2931,336,123,48,3.42,164.16
2932,336,185,43,3.17,136.31
2933,337,232,8,1.15,9.2
2934,337,246,19,4.76,90.44
2935,337,361,33,1.18,38.94
2936,337,164,35,5.65,197.75
2937,337,495,15,4.98,74.7
2938,337,180,46,5.82,267.72
2939,337,418,45,2.01,90.45
2940,337,261,60,6.54,392.4
2941,338,224,37,4.72,174.64
2942,338,13,59,4.82,284.38
2943,338,311,36,1.17,42.12
2944,338,112,35,2.35,82.25
2945,338,330,55,1.97,108.35
2946,338,173,43,5.97,256.71
2947,338,162,50,6.47,323.5
2948,339,342,9,2.33,20.97
2949,339,10,26,2.82,73.32
2950,339,133,30,3.37,101.1
2951,339,331,26,1.27,33.02
2952,339,134,55,2.63,144.65
2953,339,450,49,1.39,68.11
2954,340,342,44,2.33,102.52
2955,340,421,53,2.57,136.21
2956,340,226,26,4.25,110.5
2957,340,321,60,1.13,67.8
2958,340,3,50,5.82,291.0
2959,340,156,57,4.99,284.43
2960,340,288,45,1.99,89.55
2961,340,218,10,2.31,23.1
2962,340,146,50,3.3,165.0
2963,340,173,38,5.97,226.86
2964,341,297,56,7.87,440.72
2965,341,358,69,1.13,77.97
2966,341,351,33,1.14,37.62
2967,341,437,40,1.91,76.4
2968,341,68,49,2.12,103.88
2969,342,238,17,2.48,42.16
2970,342,384,44,1.48,65.12
2971,342,298,25,1.94,48.5
2972,342,186,13,2.86,37.18
2973,342,311,65,1.17,76.05
2974,342,126,52,3.24,168.48
2975,342,295,69,3.94,271.86
2976,342,211,11,4.72,51.92
2977,342,304,40,6.45,258.0
2978,342,252,9,1.16,10.44
2979,342,216,27,4.37,117.99
2980,343,388,22,3.46,76.12
2981,343,202,10,3.91,39.1
2982,343,255,43,2.35,101.05
2983,343,141,64,1.21,77.44
2984,343,110,13,1.69,21.97
2985,343,19,30,5.1,153.0
2986,343,121,48,1.21,58.08
2987,344,196,15,2.6,39.0
2988,344,11,47,2.55,119.85
2989,344,449,22,1.92,42.24
2990,344,503,15,4.67,70.05
2991,344,225,45,2.59,116.55
2992,344,147,65,2.67,173.55
2993,344,469,46,6.19,284.74
2994,344,294,31,5.56,172.36
2995,344,254,39,5.13,200.07
2996,344,71,22,2.66,58.52
2997,344,300,68,2.32,157.76
2998,344,89,16,2.13,34.08
2999,345,72,22,4.54,99.88
3000,345,281,13,7.14,92.82
3001,345,218,28,2.31,64.68
3002,345,355,33,1.41,46.53
3003,345,210,51,2.86,145.86
3004,345,265,44,4.13,181.72
3005,345,370,31,2.1,65.1
3006,346,134,49,2.63,128.87
3007,346,394,62,1.84,114.08
3008,346,458,10,1.4,14.0
3009,346,210,35,2.86,100.1
3010,346,268,35,2.08,72.8
3011,346,221,10,4.39,43.9
3012,347,362,14,2.56,35.84
3013,347,479,44,6.19,272.36
3014,347,37,57,2.94,167.58
3015,347,116,28,3.34,93.52
3016,347,102,63,2.09,131.67
3017,347,153,64,5.6,358.4
3018,347,225,44,2.59,113.96
3019,347,208,53,2.48,131.44
3020,347,389,69,1.06,73.14
3021,348,31,41,0.99,40.59
3022,348,197,44,2.17,95.48
3023,348,309,58,3.72,215.76
3024,348,102,50,2.09,104.5
3025,348,484,53,6.09,322.77
3026,349,424,9,1.07,9.63
3027,349,294,12,5.56,66.72
3028,349,422,51,1.91,97.41
3029,349,182,61,5.54,337.94
3030,349,329,55,1.47,80.85
3031,349,172,46,4.97,228.62
3032,349,326,65,1.16,75.4
3033,349,485,47,6.75,317.25
3034,349,453,38,1.72,65.36
3035,349,413,29,1.89,54.81
3036,349,480,67,7.0,469.0
3037,350,473,15,6.72,100.8
3038,350,43,17,2.65,45.05
3039,350,133,64,3.37,215.68
3040,350,267,49,7.62,373.38
3041,350,376,70,1.14,79.8
3042,350,445,67,1.86,124.62
3043,350,487,67,1.29,86.43
3044,350,326,27,1.16,31.32
3045,351,436,16,1.01,16.16
3046,351,223,19,6.37,121.03
3047,351,187,55,3.0,165.0
3048,351,408,50,2.08,104.0
3049,351,65,70,3.73,261.1
3050,351,54,23,3.77,86.71
3051,351,334,39,0.99,38.61
3052,351,175,15,4.18,62.7
3053,352,226,9,4.25,38.25
3054,352,477,27,1.19,32.13
3055,352,176,38,2.96,112.48
3056,352,235,15,2.31,34.65
3057,352,486,56,1.92,107.52
3058,352,222,58,1.12,64.96
3059,352,139,63,1.85,116.55
3060,352,214,10,4.91,49.1
3061,352,441,53,1.92,101.76
3062,352,374,63,1.07,67.41
3063,352,388,60,3.46,207.6
3064,353,395,41,3.58,146.78
3065,353,76,17,6.42,109.14
3066,353,329,24,1.47,35.28
3067,353,345,45,1.56,70.2
3068,353,322,13,2.32,30.16
3069,353,5,22,3.08,67.76
3070,353,2,15,3.09,46.35
3071,353,389,16,1.06,16.96
3072,353,509,12,1.06,12.72
3073,353,418,28,2.01,56.28
3074,354,25,14,3.46,48.44
3075,354,427,54,1.87,100.98
3076,354,333,66,1.55,102.3
3077,354,58,10,3.07,30.7
3078,354,62,30,1.27,38.1
3079,354,430,17,1.99,33.83
3080,354,453,44,1.72,75.68
3081,354,31,26,0.99,25.74
3082,354,243,66,5.57,367.62
3083,354,317,43,1.66,71.38
3084,354,229,39,3.48,135.72
3085,355,218,17,2.31,39.27
3086,355,456,45,6.85,308.25
3087,355,498,42,1.41,59.22
3088,355,319,44,1.45,63.8
3089,355,155,35,6.13,214.55
3090,355,353,36,1.56,56.16
3091,356,251,29,4.37,126.73
3092,356,142,26,2.3,59.8
3093,356,320,24,1.98,47.52
3094,356,97,57,2.35,133.95
3095,356,301,30,7.08,212.4
3096,356,288,28,1.99,55.72
3097,356,378,54,1.17,63.18
3098,356,15,64,1.06,67.84
3099,356,45,13,4.17,54.21
3100,356,74,46,3.12,143.52
3101,356,441,67,1.92,128.64
3102,357,66,18,3.37,60.66
3103,357,288,32,1.99,63.68
3104,357,403,46,0.98,45.08
3105,357,422,35,1.91,66.85
3106,357,223,17,6.37,108.29
3107,357,112,40,2.35,94.0
3108,357,51,49,5.09,249.41
3109,358,501,57,0.96,54.72
3110,358,297,30,7.87,236.1
3111,358,60,27,6.04,163.08
3112,358,405,20,1.42,28.4
3113,358,328,25,1.25,31.25
3114,358,135,59,1.95,115.05
3115,358,89,38,2.13,80.94
3116,358,419,44,1.38,60.72
3117,358,349,21,1.41,29.61
3118,358,422,54,1.91,103.14
3119,358,100,46,1.87,86.02
3120,358,202,32,3.91,125.12
3121,359,79,21,1.05,22.05
3122,359,443,17,2.12,36.04
3123,359,399,47,2.09,98.23
3124,359,272,60,3.73,223.8
3125,359,389,33,1.06,34.98
3126,359,296,53,7.92,419.76
3127,359,212,60,1.2,72.0
3128,359,137,46,2.59,119.14
3129,359,457,56,1.84,103.04
3130,359,167,70,2.94,205.8
3131,359,66,52,3.37,175.24
3132,360,125,18,1.88,33.84
3133,360,49,61,3.7,225.7
3134,360,428,40,1.0,40.0
3135,360,486,64,1.92,122.88
3136,360,377,25,1.86,46.5
3137,360,99,57,1.88,107.16
3138,360,53,16,2.85,45.6
3139,360,82,58,2.12,122.96
3140,361,448,24,6.35,152.4
3141,361,323,10,1.52,15.2
3142,361,478,11,7.07,77.77
3143,361,61,57,4.58,261.06
3144,361,74,17,3.12,53.04
3145,361,118,38,3.01,114.38
3146,361,415,30,1.92,57.6
3147,361,137,38,2.59,98.42
3148,361,26,54,3.1,167.4
3149,362,210,29,2.86,82.94
3150,362,296,12,7.92,95.04
3151,362,340,70,2.02,141.4
3152,362,438,53,1.91,101.23
3153,362,400,41,2.65,108.65
3154,362,252,56,1.16,64.96
3155,362,479,17,6.19,105.23
3156,362,155,47,6.13,288.11
3157,362,86,20,3.72,74.4
3158,362,315,57,1.43,81.51
3159,362,165,28,4.71,131.88
3160,363,469,47,6.19,290.93
3161,363,119,23,1.93,44.39
3162,363,463,70,7.51,525.7
3163,363,15,65,1.06,68.9
3164,363,174,33,5.12,168.96
3165,363,188,22,2.18,47.96
3166,363,403,61,0.98,59.78
3167,363,3,51,5.82,296.82
3168,363,417,47,1.01,47.47
3169,363,310,46,2.6,119.6
3170,364,91,17,1.22,20.74
3171,364,249,44,3.49,153.56
3172,364,353,44,1.56,68.64
3173,364,44,56,6.97,390.32
3174,364,131,49,1.14,55.86
3175,364,434,44,1.44,63.36
3176,365,380,44,1.95,85.8
3177,365,351,50,1.14,57.0
3178,365,361,18,1.18,21.24
3179,365,504,41,2.01,82.41
3180,365,155,62,6.13,380.06
3181,365,118,65,3.01,195.65
3182,365,256,22,8.08,177.76
3183,365,321,30,1.13,33.9
3184,365,398,31,1.48,45.88
3185,365,291,34,6.71,228.14
3186,366,278,48,2.03,97.44
3187,366,116,17,3.34,56.78
3188,366,285,52,4.14,215.28
3189,366,201,67,5.33,357.11
3190,366,488,63,7.29,459.27
3191,367,420,70,2.06,144.2
3192,367,63,63,1.04,65.52
3193,367,513,51,1.88,95.88
3194,367,387,35,1.91,66.85
3195,367,362,51,2.56,130.56
3196,367,4,36,2.0,72.0
3197,367,121,70,1.21,84.7
3198,367,278,43,2.03,87.29
3199,367,188,56,2.18,122.08
3200,368,310,65,2.6,169.0
3201,368,455,46,1.19,54.74
3202,368,97,58,2.35,136.3
3203,368,512,67,2.1,140.7
3204,368,243,15,5.57,83.55
3205,368,11,47,2.55,119.85
3206,368,129,68,1.89,128.52
3207,368,146,26,3.3,85.8
3208,368,435,28,2.07,57.96
3209,368,113,30,3.49,104.7
3210,369,109,18,1.99,35.82
3211,369,425,8,1.94,15.52
3212,369,176,69,2.96,204.24
3213,369,163,53,5.28,279.84
3214,369,256,35,8.08,282.8
3215,370,378,12,1.17,14.04
3216,370,427,52,1.87,97.24
3217,370,404,35,1.88,65.8
3218,370,410,37,0.98,36.26
3219,370,458,57,1.4,79.8
3220,370,303,22,3.12,68.64
3221,370,420,47,2.06,96.82
3222,370,369,32,1.56,49.92
3223,370,162,10,6.47,64.7
3224,371,501,64,0.96,61.44
3225,371,111,61,1.21,73.81
3226,371,222,64,1.12,71.68
3227,371,217,19,3.1,58.9
3228,371,130,46,1.93,88.78
3229,371,498,29,1.41,40.89
3230,371,109,32,1.99,63.68
3231,371,70,31,4.31,133.61
3232,371,345,21,1.56,32.76
3233,372,181,19,4.88,92.72
3234,372,224,67,4.72,316.24
3235,372,240,16,3.15,50.4
3236,372,471,29,2.04,59.16
3237,372,256,70,8.08,565.6
3238,372,322,66,2.32,153.12
3239,372,230,40,3.12,124.8
3240,372,514,43,1.51,64.93
3241,373,418,57,2.01,114.57
3242,373,221,62,4.39,272.18
3243,373,491,14,1.95,27.3
3244,373,448,64,6.35,406.4
3245,373,333,25,1.55,38.75
3246,373,215,53,2.41,127.73
3247,373,257,66,8.22,542.52
3248,373,394,56,1.84,103.04
3249,373,30,39,1.13,44.07
3250,374,237,50,3.21,160.5
3251,374,16,65,3.74,243.1
3252,374,431,65,1.26,81.9
3253,374,514,39,1.51,58.89
3254,374,63,16,1.04,16.64
3255,375,302,56,3.82,213.92
3256,375,280,8,2.44,19.52
3257,375,384,62,1.48,91.76
3258,375,280,44,2.44,107.36
3259,375,455,56,1.19,66.64
3260,375,15,12,1.06,12.72
3261,375,13,23,4.82,110.86
3262,375,418,34,2.01,68.34
3263,375,213,53,5.91,313.23
3264,375,117,38,2.52,95.76
3265,376,456,34,6.85,232.9
3266,376,19,18,5.1,91.8
3267,376,170,30,2.34,70.2
3268,376,382,70,1.05,73.5
3269,376,155,13,6.13,79.69
3270,376,358,51,1.13,57.63
3271,376,255,28,2.35,65.8
3272,376,95,40,2.06,82.4
3273,376,455,51,1.19,60.69
3274,376,328,33,1.25,41.25
3275,377,153,45,5.6,252.0
3276,377,437,16,1.91,30.56
3277,377,500,58,1.55,89.9
3278,377,10,65,2.82,183.3
3279,377,481,63,2.14,134.82
3280,377,247,43,2.78,119.54
3281,377,69,35,3.06,107.1
3282,377,20,8,1.99,15.92
3283,377,245,8,2.43,19.44
3284,378,284,61,6.2,378.2
3285,378,409,11,3.52,38.72
3286,378,329,23,1.47,33.81
3287,378,46,18,1.16,20.88
3288,378,4,58,2.0,116.0
3289,379,145,43,1.99,85.57
3290,379,363,56,1.38,77.28
3291,379,379,60,1.56,93.6
3292,379,294,43,5.56,239.08
3293,379,7,23,2.58,59.34
3294,379,267,46,7.62,350.52
3295,380,190,12,4.87,58.44
3296,380,44,47,6.97,327.59
3297,380,320,54,1.98,106.92
3298,380,235,69,2.31,159.39
3299,380,222,37,1.12,41.44
3300,380,91,30,1.22,36.6
3301,380,347,27,1.73,46.71
3302,380,2,53,3.09,163.77
3303,380,480,59,7.0,413.0
3304,380,163,69,5.28,364.32
3305,381,119,43,1.93,82.99
3306,381,282,51,3.84,195.84
3307,381,92,33,2.18,71.94
3308,381,320,30,1.98,59.4
3309,381,281,49,7.14,349.86
3310,381,247,27,2.78,75.06
3311,381,23,59,2.52,148.68
3312,382,472,52,1.26,65.52
3313,382,65,25,3.73,93.25
3314,382,224,35,4.72,165.2
3315,382,467,16,1.11,17.76
3316,382,66,20,3.37,67.4
3317,382,515,22,1.95,42.9
3318,382,115,53,1.9,100.7
3319,382,143,15,3.73,55.95
3320,382,387,65,1.91,124.15
3321,382,281,30,7.14,214.2
3322,382,243,39,5.57,217.23
3323,383,328,16,1.25,20.0
3324,383,8,57,4.63,263.91
3325,383,164,49,5.65,276.85
3326,383,82,30,2.12,63.6
3327,383,435,62,2.07,128.34
3328,383,176,40,2.96,118.4
3329,383,274,12,5.95,71.4
3330,383,62,49,1.27,62.23
3331,383,406,56,1.92,107.52
3332,383,158,57,2.8,159.6
3333,384,232,66,1.15,75.9
3334,384,302,70,3.82,267.4
3335,384,200,17,5.84,99.28
3336,384,362,39,2.56,99.84
3337,384,288,31,1.99,61.69
3338,384,441,50,1.92,96.0
3339,384,178,51,2.97,151.47
3340,385,363,48,1.38,66.24
3341,385,374,17,1.07,18.19
3342,385,341,61,1.21,73.81
3343,385,129,27,1.89,51.03
3344,385,1,19,3.87,73.53
3345,385,320,37,1.98,73.26
3346,385,261,40,6.54,261.6
3347,385,161,27,2.27,61.29
3348,385,31,38,0.99,37.62
3349,385,299,56,3.6,201.6
3350,385,229,65,3.48,226.2
3351,385,449,60,1.92,115.2
3352,386,55,43,2.91,125.13
3353,386,140,52,1.66,86.32
3354,386,471,14,2.04,28.56
3355,386,111,8,1.21,9.68
3356,386,121,52,1.21,62.92
3357,386,264,21,5.6,117.6
3358,386,25,44,3.46,152.24
3359,386,343,40,1.49,59.6
3360,386,157,46,4.31,198.26
3361,386,32,56,3.54,198.24
3362,386,405,30,1.42,42.6
3363,387,427,39,1.87,72.93
3364,387,262,22,3.97,87.34
3365,387,220,60,3.09,185.4
3366,387,415,61,1.92,117.12
3367,387,147,60,2.67,160.2
3368,387,41,58,3.29,190.82
3369,387,92,25,2.18,54.5
3370,387,226,70,4.25,297.5
3371,387,81,10,1.27,12.7
3372,387,314,24,0.96,23.04
3373,387,305,24,3.69,88.56
3374,388,177,34,3.11,105.74
3375,388,247,66,2.78,183.48
3376,388,498,59,1.41,83.19
3377,388,303,25,3.12,78.0
3378,388,41,62,3.29,203.98
3379,388,492,51,1.42,72.42
3380,388,340,66,2.02,133.32
3381,388,99,10,1.88,18.8
3382,389,5,41,3.08,126.28
3383,389,185,41,3.17,129.97
3384,389,367,34,1.83,62.22
3385,389,265,28,4.13,115.64
3386,389,243,29,5.57,161.53
3387,390,41,53,3.29,174.37
3388,390,245,40,2.43,97.2
3389,390,332,44,2.69,118.36
3390,390,22,33,3.87,127.71
3391,390,419,61,1.38,84.18
3392,390,252,23,1.16,26.68
3393,390,322,70,2.32,162.4
3394,390,395,64,3.58,229.12
3395,390,231,28,4.48,125.44
3396,391,391,37,1.6,59.2
3397,391,201,15,5.33,79.95
3398,391,19,70,5.1,357.0
3399,391,10,17,2.82,47.94
3400,391,221,16,4.39,70.24
3401,391,219,53,3.66,193.98
3402,391,480,20,7.0,140.0
3403,391,276,60,7.91,474.6
3404,391,375,30,1.58,47.4
3405,392,476,10,1.97,19.7
3406,392,456,10,6.85,68.5
3407,392,215,41,2.41,98.81
3408,392,356,10,1.14,11.4
3409,392,219,50,3.66,183.0
3410,393,471,36,2.04,73.44
3411,393,278,49,2.03,99.47
3412,393,479,32,6.19,198.08
3413,393,202,59,3.91,230.69
3414,393,382,16,1.05,16.8
3415,393,412,59,1.38,81.42
3416,393,454,43,2.03,87.29
3417,393,10,57,2.82,160.74
3418,393,239,64,3.72,238.08
3419,393,444,50,1.08,54.0
3420,394,267,31,7.62,236.22
3421,394,202,38,3.91,148.58
3422,394,279,11,3.37,37.07
3423,394,502,15,1.85,27.75
3424,394,454,11,2.03,22.33
3425,394,231,14,4.48,62.72
3426,394,326,58,1.16,67.28
3427,394,503,40,4.67,186.8
3428,394,9,45,3.38,152.1
3429,394,100,34,1.87,63.58
3430,394,262,53,3.97,210.41
3431,394,155,62,6.13,380.06
3432,395,13,9,4.82,43.38
3433,395,484,9,6.09,54.81
3434,395,283,9,3.01,27.09
3435,395,85,15,2.12,31.8
3436,395,458,65,1.4,91.0
3437,395,201,38,5.33,202.54
3438,395,54,30,3.77,113.1
3439,396,93,41,3.39,138.99
3440,396,141,29,1.21,35.09
3441,396,415,63,1.92,120.96
3442,396,137,34,2.59,88.06
3443,396,57,29,3.37,97.73
3444,396,259,35,3.59,125.65
3445,396,294,16,5.56,88.96
3446,397,485,44,6.75,297.0
3447,397,99,47,1.88,88.36
3448,397,495,17,4.98,84.66
3449,397,409,60,3.52,211.2
3450,397,143,43,3.73,160.39
3451,397,123,47,3.42,160.74
3452,397,222,50,1.12,56.0
3453,397,366,64,1.2,76.8
3454,397,53,14,2.85,39.9
3455,397,238,28,2.48,69.44
3456,397,334,27,0.99,26.73
3457,398,199,43,4.81,206.83
3458,398,406,53,1.92,101.76
3459,398,149,53,2.05,108.65
3460,398,384,52,1.48,76.96
3461,398,166,27,3.97,107.19
3462,398,438,46,1.91,87.86
3463,398,290,14,2.54,35.56
3464,398,58,55,3.07,168.85
3465,398,23,34,2.52,85.68
3466,398,206,36,4.6,165.6
3467,399,392,24,2.08,49.92
3468,399,213,69,5.91,407.79
3469,399,110,26,1.69,43.94
3470,399,142,45,2.3,103.5
3471,399,275,55,4.11,226.05
3472,399,108,48,3.14,150.72
3473,399,430,30,1.99,59.7
3474,400,494,32,1.97,63.04
3475,400,267,53,7.62,403.86
3476,400,264,27,5.6,151.2
3477,400,142,17,2.3,39.1
3478,400,214,33,4.91,162.03
3479,400,228,62,2.32,143.84
3480,400,508,48,1.5,72.0
3481,401,118,13,3.01,39.13
3482,401,455,64,1.19,76.16
3483,401,371,41,1.19,48.79
3484,401,459,48,1.86,89.28
3485,401,296,69,7.92,546.48
3486,401,420,32,2.06,65.92
3487,402,448,51,6.35,323.85
3488,402,419,66,1.38,91.08
3489,402,157,62,4.31,267.22
3490,402,319,65,1.45,94.25
3491,402,486,30,1.92,57.6
3492,402,119,63,1.93,121.59
3493,402,305,59,3.69,217.71
3494,403,298,45,1.94,87.3
3495,403,192,11,5.16,56.76
3496,403,202,27,3.91,105.57
3497,403,478,58,7.07,410.06
3498,403,197,38,2.17,82.46
3499,403,188,59,2.18,128.62
3500,403,434,26,1.44,37.44
3501,403,134,62,2.63,163.06
3502,403,411,63,1.85,116.55
3503,403,414,30,2.66,79.8
3504,404,272,16,3.73,59.68
3505,404,107,70,2.41,168.7
3506,404,342,13,2.33,30.29
3507,404,9,42,3.38,141.96
3508,404,450,57,1.39,79.23
3509,404,499,45,1.85,83.25
3510,404,130,15,1.93,28.95
3511,404,316,40,1.15,46.0
3512,404,393,14,2.51,35.14
3513,404,213,53,5.91,313.23
3514,404,314,46,0.96,44.16
3515,404,226,60,4.25,255.0
3516,405,233,47,5.88,276.36
3517,405,377,55,1.86,102.3
3518,405,121,13,1.21,15.73
3519,405,44,24,6.97,167.28
3520,405,320,10,1.98,19.8
3521,405,500,55,1.55,85.25
3522,405,72,15,4.54,68.1
3523,406,109,60,1.99,119.4
3524,406,53,37,2.85,105.45
3525,406,440,17,6.67,113.39
3526,406,290,62,2.54,157.48
3527,406,253,39,5.55,216.45
3528,406,156,50,4.99,249.5
3529,406,177,43,3.11,133.73
3530,406,8,58,4.63,268.54
3531,406,90,18,1.88,33.84
3532,406,156,40,4.99,199.6
3533,406,253,62,5.55,344.1
3534,406,239,43,3.72,159.96
3535,407,391,46,1.6,73.6
3536,407,104,11,2.52,27.72
3537,407,172,24,4.97,119.28
3538,407,461,44,2.06,90.64
3539,407,46,58,1.16,67.28
3540,407,299,67,3.6,241.2
3541,407,144,28,2.51,70.28
3542,407,435,47,2.07,97.29
3543,407,504,42,2.01,84.42
3544,407,455,33,1.19,39.27
3545,407,286,41,7.94,325.54
3546,407,252,23,1.16,26.68
3547,408,470,35,7.24,253.4
3548,408,464,48,6.25,300.0
3549,408,69,30,3.06,91.8
3550,408,171,22,5.86,128.92
3551,408,148,25,2.97,74.25
3552,408,147,15,2.67,40.05
3553,408,508,57,1.5,85.5
3554,408,254,58,5.13,297.54
3555,408,169,18,2.78,50.04
3556,409,334,46,0.99,45.54
3557,409,325,54,1.5,81.0
3558,409,387,48,1.91,91.68
3559,409,325,39,1.5,58.5
3560,409,72,10,4.54,45.4
3561,409,260,62,2.42,150.04
3562,409,282,57,3.84,218.88
3563,409,60,27,6.04,163.08
3564,409,464,50,6.25,312.5
3565,409,360,56,1.9,106.4
3566,409,404,67,1.88,125.96
3567,410,275,38,4.11,156.18
3568,410,281,54,7.14,385.56
3569,410,342,59,2.33,137.47
3570,410,213,25,5.91,147.75
3571,410,52,23,2.01,46.23
3572,410,379,50,1.56,78.0
3573,410,481,64,2.14,136.96
3574,410,292,29,4.02,116.58
3575,410,482,51,1.23,62.73
3576,411,82,67,2.12,142.04
3577,411,223,13,6.37,82.81
3578,411,105,41,2.0,82.0
3579,411,67,27,5.32,143.64
3580,411,142,38,2.3,87.4
3581,411,156,54,4.99,269.46
3582,411,420,42,2.06,86.52
3583,411,61,30,4.58,137.4
3584,411,432,54,6.27,338.58
3585,411,87,49,2.33,114.17
3586,411,27,44,2.66,117.04
3587,412,453,31,1.72,53.32
3588,412,290,65,2.54,165.1
3589,412,444,13,1.08,14.04
3590,412,510,31,2.09,64.79
3591,412,210,61,2.86,174.46
3592,412,101,12,1.22,14.64
3593,412,226,28,4.25,119.0
3594,412,129,43,1.89,81.27
3595,412,275,62,4.11,254.82
3596,412,400,40,2.65,106.0
3597,412,482,32,1.23,39.36
3598,412,195,64,3.23,206.72
3599,413,55,21,2.91,61.11
3600,413,130,20,1.93,38.6
3601,413,146,36,3.3,118.8
3602,413,265,47,4.13,194.11
3603,413,30,57,1.13,64.41
3604,413,74,68,3.12,212.16
3605,413,109,38,1.99,75.62
3606,413,121,35,1.21,42.35
3607,413,401,49,2.07,101.43
3608,413,428,16,1.0,16.0
3609,414,390,17,2.01,34.17
3610,414,408,50,2.08,104.0
3611,414,251,47,4.37,205.39
3612,414,353,16,1.56,24.96
3613,414,508,13,1.5,19.5
3614,414,265,59,4.13,243.67
3615,414,231,40,4.48,179.2
3616,414,128,42,3.06,128.52
3617,414,183,64,4.64,296.96
3618,415,386,15,2.32,34.8
3619,415,276,29,7.91,229.39
3620,415,196,23,2.6,59.8
3621,415,466,51,1.97,100.47
3622,415,120,15,1.68,25.2
3623,415,357,19,1.85,35.15
3624,415,112,25,2.35,58.75
3625,416,507,64,2.04,130.56
3626,416,18,61,3.02,184.22
3627,416,258,69,1.88,129.72
3628,416,177,32,3.11,99.52
3629,416,313,54,1.43,77.22
3630,416,133,29,3.37,97.73
3631,416,262,23,3.97,91.31
3632,416,487,28,1.29,36.12
3633,417,86,13,3.72,48.36
3634,417,477,66,1.19,78.54
3635,417,250,40,2.94,117.6
3636,417,219,61,3.66,223.26
3637,417,505,67,2.07,138.69
3638,417,65,34,3.73,126.82
3639,417,222,32,1.12,35.84
3640,417,130,29,1.93,55.97
3641,417,183,11,4.64,51.04
3642,417,462,39,1.19,46.41
3643,418,350,21,2.1,44.1
3644,418,377,12,1.86,22.32
3645,418,311,16,1.17,18.72
3646,418,247,15,2.78,41.7
3647,418,172,18,4.97,89.46
3648,419,128,32,3.06,97.92
3649,419,276,28,7.91,221.48
3650,419,59,57,2.45,139.65
3651,419,157,33,4.31,142.23
3652,419,112,65,2.35,152.75
3653,419,352,50,2.67,133.5
3654,419,134,25,2.63,65.75
3655,419,220,61,3.09,188.49
3656,419,138,36,3.17,114.12
3657,420,116,67,3.34,223.78
3658,420,192,51,5.16,263.16
3659,420,38,36,4.18,150.48
3660,420,1,22,3.87,85.14
3661,420,112,62,2.35,145.7
3662,420,201,25,5.33,133.25
3663,420,246,56,4.76,266.56
3664,420,284,32,6.2,198.4
3665,420,173,33,5.97,197.01
3666,421,440,31,6.67,206.77
3667,421,1,20,3.87,77.4
3668,421,113,20,3.49,69.8
3669,421,174,30,5.12,153.6
3670,421,272,23,3.73,85.79
3671,422,383,64,2.15,137.6
3672,422,275,37,4.11,152.07
3673,422,496,36,1.88,67.68
3674,422,18,54,3.02,163.08
3675,422,58,15,3.07,46.05
3676,422,229,51,3.48,177.48
3677,422,227,58,3.0,174.0
3678,422,335,65,1.59,103.35
3679,422,306,36,7.66,275.76
3680,422,295,39,3.94,153.66
3681,422,344,30,0.94,28.2
3682,423,199,40,4.81,192.4
3683,423,319,55,1.45,79.75
3684,423,242,48,1.16,55.68
3685,423,96,40,3.35,134.0
3686,423,275,21,4.11,86.31
3687,423,444,38,1.08,41.04
3688,423,68,68,2.12,144.16
3689,423,24,53,4.62,244.86
3690,423,4,34,2.0,68.0
3691,424,190,68,4.87,331.16
3692,424,217,57,3.1,176.7
3693,424,132,55,2.09,114.95
3694,424,52,34,2.01,68.34
3695,424,113,35,3.49,122.15
3696,424,40,33,4.5,148.5
3697,425,124,35,2.55,89.25
3698,425,247,55,2.78,152.9
3699,425,269,16,3.62,57.92
3700,425,13,37,4.82,178.34
3701,425,479,34,6.19,210.46
3702,425,482,48,1.23,59.04
3703,425,47,38,0.98,37.24
3704,426,73,49,3.46,169.54
3705,426,465,62,7.26,450.12
3706,426,233,49,5.88,288.12
3707,426,16,53,3.74,198.22
3708,426,457,69,1.84,126.96
3709,426,377,23,1.86,42.78
3710,426,320,45,1.98,89.1
3711,426,347,67,1.73,115.91
3712,426,455,53,1.19,63.07
3713,426,350,13,2.1,27.3
3714,426,215,39,2.41,93.99
3715,426,464,60,6.25,375.0
3716,427,154,33,5.3,174.9
3717,427,374,26,1.07,27.82
3718,427,434,13,1.44,18.72
3719,427,164,45,5.65,254.25
3720,427,442,35,1.53,53.55
3721,427,121,70,1.21,84.7
3722,427,478,36,7.07,254.52
3723,427,415,37,1.92,71.04
3724,427,479,31,6.19,191.89
3725,428,225,25,2.59,64.75
3726,428,85,30,2.12,63.6
3727,428,69,44,3.06,134.64
3728,428,197,13,2.17,28.21
3729,428,81,26,1.27,33.02
3730,428,493,20,0.95,19.0
3731,428,418,44,2.01,88.44
3732,429,424,54,1.07,57.78
3733,429,349,22,1.41,31.02
3734,429,490,25,6.93,173.25
3735,429,367,60,1.83,109.8
3736,429,56,12,4.48,53.76
3737,429,352,13,2.67,34.71
3738,429,286,63,7.94,500.22
3739,429,233,56,5.88,329.28
3740,429,80,59,3.4,200.6
3741,429,170,67,2.34,156.78
3742,429,3,41,5.82,238.62
3743,430,147,9,2.67,24.03
3744,430,10,41,2.82,115.62
3745,430,292,35,4.02,140.7
3746,430,412,10,1.38,13.8
3747,430,472,47,1.26,59.22
3748,430,1,56,3.87,216.72
3749,430,463,54,7.51,405.54
3750,430,367,11,1.83,20.13
3751,430,33,67,3.6,241.2
3752,430,412,42,1.38,57.96
3753,430,124,30,2.55,76.5
3754,431,476,58,1.97,114.26
3755,431,157,41,4.31,176.71
3756,431,498,39,1.41,54.99
3757,431,353,44,1.56,68.64
3758,431,479,54,6.19,334.26
3759,431,86,47,3.72,174.84
3760,431,402,9,3.33,29.97
3761,432,432,11,6.27,68.97
3762,432,193,28,4.02,112.56
3763,432,475,26,7.13,185.38
3764,432,316,30,1.15,34.5
3765,432,165,35,4.71,164.85
3766,432,245,49,2.43,119.07
3767,432,157,34,4.31,146.54
3768,433,255,38,2.35,89.3
3769,433,325,23,1.5,34.5
3770,433,406,23,1.92,44.16
3771,433,412,26,1.38,35.88
3772,433,313,59,1.43,84.37
3773,433,505,30,2.07,62.1
3774,433,438,43,1.91,82.13
3775,433,499,41,1.85,75.85
3776,433,62,57,1.27,72.39
3777,433,102,65,2.09,135.85
3778,433,213,55,5.91,325.05
3779,433,69,69,3.06,211.14
3780,434,182,42,5.54,232.68
3781,434,41,50,3.29,164.5
3782,434,118,21,3.01,63.21
3783,434,458,69,1.4,96.6
3784,434,82,48,2.12,101.76
3785,435,504,18,2.01,36.18
3786,435,199,29,4.81,139.49
3787,435,1,67,3.87,259.29
3788,435,243,40,5.57,222.8
3789,435,302,39,3.82,148.98
3790,435,224,30,4.72,141.6
3791,435,149,8,2.05,16.4
3792,435,465,42,7.26,304.92
3793,435,80,41,3.4,139.4
3794,435,443,59,2.12,125.08
3795,435,257,20,8.22,164.4
3796,436,307,34,7.57,257.38
3797,436,427,18,1.87,33.66
3798,436,247,45,2.78,125.1
3799,436,470,13,7.24,94.12
3800,436,234,27,4.78,129.06
3801,436,512,36,2.1,75.6
3802,436,265,65,4.13,268.45
3803,436,61,8,4.58,36.64
3804,436,35,14,5.2,72.8
3805,436,101,38,1.22,46.36
3806,436,32,9,3.54,31.86
3807,437,136,28,3.59,100.52
3808,437,206,25,4.6,115.0
3809,437,153,26,5.6,145.6
3810,437,426,11,1.43,15.73
3811,437,283,70,3.01,210.7
3812,437,366,56,1.2,67.2
3813,437,60,62,6.04,374.48
3814,437,94,26,2.58,67.08
3815,437,56,68,4.48,304.64
3816,437,306,60,7.66,459.6
3817,438,462,49,1.19,58.31
3818,438,320,36,1.98,71.28
3819,438,404,31,1.88,58.28
3820,438,383,19,2.15,40.85
3821,438,73,45,3.46,155.7
3822,438,446,40,2.15,86.0
3823,438,124,41,2.55,104.55
3824,438,106,53,3.46,183.38
3825,438,478,65,7.07,459.55
3826,438,377,31,1.86,57.66
3827,438,306,51,7.66,390.66
3828,438,219,65,3.66,237.9
3829,439,47,37,0.98,36.26
3830,439,55,10,2.91,29.1
3831,439,160,18,2.92,52.56
3832,439,507,52,2.04,106.08
3833,439,476,47,1.97,92.59
3834,439,269,55,3.62,199.1
3835,439,227,69,3.0,207.0
3836,439,503,70,4.67,326.9
3837,439,99,8,1.88,15.04
3838,440,105,43,2.0,86.0
3839,440,415,35,1.92,67.2
3840,440,103,58,3.26,189.08
3841,440,2,60,3.09,185.4
3842,440,224,61,4.72,287.92
3843,440,41,14,3.29,46.06
3844,440,123,28,3.42,95.76
3845,440,496,46,1.88,86.48
3846,440,20,21,1.99,41.79
3847,440,226,59,4.25,250.75
3848,440,342,55,2.33,128.15
3849,441,432,27,6.27,169.29
3850,441,217,16,3.1,49.6
3851,441,372,32,2.68,85.76
3852,441,255,22,2.35,51.7
3853,441,139,62,1.85,114.7
3854,441,408,66,2.08,137.28
3855,441,177,41,3.11,127.51
3856,441,288,46,1.99,91.54
3857,441,509,47,1.06,49.82
3858,441,198,67,5.72,383.24
3859,441,424,50,1.07,53.5
3860,442,197,58,2.17,125.86
3861,442,120,32,1.68,53.76
3862,442,163,9,5.28,47.52
3863,442,214,19,4.91,93.29
3864,442,146,63,3.3,207.9
3865,442,274,59,5.95,351.05
3866,442,419,24,1.38,33.12
3867,442,408,11,2.08,22.88
3868,443,199,46,4.81,221.26
3869,443,493,50,0.95,47.5
3870,443,479,23,6.19,142.37
3871,443,494,20,1.97,39.4
3872,443,424,51,1.07,54.57
3873,443,225,57,2.59,147.63
3874,443,133,44,3.37,148.28
3875,443,162,48,6.47,310.56
3876,444,341,12,1.21,14.52
3877,444,477,10,1.19,11.9
3878,444,5,31,3.08,95.48
3879,444,185,62,3.17,196.54
3880,444,160,18,2.92,52.56
3881,444,54,65,3.77,245.05
3882,444,515,8,1.95,15.6
3883,444,499,27,1.85,49.95
3884,444,142,56,2.3,128.8
3885,445,270,59,2.41,142.19
3886,445,84,10,2.48,24.8
3887,445,120,67,1.68,112.56
3888,445,4,30,2.0,60.0
3889,445,220,17,3.09,52.53
3890,445,348,66,1.24,81.84
3891,445,449,46,1.92,88.32
3892,445,14,58,1.11,64.38
3893,445,416,11,3.42,37.62
3894,445,407,29,2.57,74.53
3895,445,465,9,7.26,65.34
3896,445,1,58,3.87,224.46
3897,446,506,9,1.48,13.32
3898,446,173,60,5.97,358.2
3899,446,246,56,4.76,266.56
3900,446,234,48,4.78,229.44
3901,446,175,39,4.18,163.02
3902,446,127,64,2.58,165.12
3903,446,350,42,2.1,88.2
3904,446,164,27,5.65,152.55
3905,447,271,55,7.32,402.6
3906,447,478,52,7.07,367.64
3907,447,101,10,1.22,12.2
3908,447,28,19,6.98,132.62
3909,447,343,69,1.49,102.81
3910,448,234,37,4.78,176.86
3911,448,279,33,3.37,111.21
3912,448,5,63,3.08,194.04
3913,448,311,22,1.17,25.74
3914,448,333,68,1.55,105.4
3915,448,339,25,1.6,40.0
3916,448,51,10,5.09,50.9
3917,448,455,70,1.19,83.3
3918,448,299,19,3.6,68.4
3919,448,92,62,2.18,135.16
3920,448,372,37,2.68,99.16
3921,449,29,45,4.2,189.0
3922,449,360,23,1.9,43.7
3923,449,82,33,2.12,69.96
3924,449,45,62,4.17,258.54
3925,449,9,47,3.38,158.86
3926,449,53,43,2.85,122.55
3927,449,400,16,2.65,42.4
3928,449,54,39,3.77,147.03
3929,449,44,59,6.97,411.23
3930,449,159,57,2.86,163.02
3931,450,181,44,4.88,214.72
3932,450,42,32,3.22,103.04
3933,450,131,48,1.14,54.72
3934,450,455,29,1.19,34.51
3935,450,41,17,3.29,55.93
3936,450,246,41,4.76,195.16
3937,450,168,43,2.89,124.27
3938,450,297,32,7.87,251.84
3939,450,366,42,1.2,50.4
3940,450,3,16,5.82,93.12
3941,450,330,29,1.97,57.13
3942,451,42,43,3.22,138.46
3943,451,383,10,2.15,21.5
3944,451,347,54,1.73,93.42
3945,451,357,26,1.85,48.1
3946,451,310,21,2.6,54.6
3947,451,265,21,4.13,86.73
3948,451,418,19,2.01,38.19
3949,451,475,43,7.13,306.59
3950,451,476,64,1.97,126.08
3951,451,423,11,3.36,36.96
3952,451,420,53,2.06,109.18
3953,452,5,27,3.08,83.16
3954,452,238,26,2.48,64.48
3955,452,285,35,4.14,144.9
3956,452,292,48,4.02,192.96
3957,452,278,12,2.03,24.36
3958,453,235,33,2.31,76.23
3959,453,359,52,1.56,81.12
3960,453,272,67,3.73,249.91
3961,453,202,10,3.91,39.1
3962,453,136,58,3.59,208.22
3963,454,111,41,1.21,49.61
3964,454,502,33,1.85,61.05
3965,454,143,39,3.73,145.47
3966,454,96,39,3.35,130.65
3967,454,67,58,5.32,308.56
3968,454,125,16,1.88,30.08
3969,455,274,28,5.95,166.6
3970,455,508,70,1.5,105.0
3971,455,217,31,3.1,96.1
3972,455,324,40,1.05,42.0
3973,455,409,13,3.52,45.76
3974,455,444,16,1.08,17.28
3975,455,124,64,2.55,163.2
3976,455,376,16,1.14,18.24
3977,455,275,50,4.11,205.5
3978,455,423,40,3.36,134.4
3979,456,108,32,3.14,100.48
3980,456,152,63,2.14,134.82
3981,456,473,55,6.72,369.6
3982,456,315,34,1.43,48.62
3983,456,75,63,2.31,145.53
3984,456,33,18,3.6,64.8
3985,456,200,49,5.84,286.16
3986,456,30,41,1.13,46.33
3987,456,63,14,1.04,14.56
3988,456,132,55,2.09,114.95
3989,457,280,60,2.44,146.4
3990,457,134,37,2.63,97.31
3991,457,4,33,2.0,66.0
3992,457,492,42,1.42,59.64
3993,457,283,13,3.01,39.13
3994,457,186,66,2.86,188.76
3995,457,65,46,3.73,171.58
3996,457,258,16,1.88,30.08
3997,458,444,57,1.08,61.56
3998,458,317,63,1.66,104.58
3999,458,167,47,2.94,138.18
4000,458,361,49,1.18,57.82
4001,458,86,30,3.72,111.6
4002,458,482,39,1.23,47.97
4003,458,413,66,1.89,124.74
4004,458,415,45,1.92,86.4
4005,458,168,49,2.89,141.61
4006,458,109,40,1.99,79.6
4007,458,95,62,2.06,127.72
4008,459,430,44,1.99,87.56
4009,459,334,58,0.99,57.42
4010,459,434,64,1.44,92.16
4011,459,8,60,4.63,277.8
4012,459,27,14,2.66,37.24
4013,459,341,39,1.21,47.19
4014,459,194,44,2.99,131.56
4015,459,82,64,2.12,135.68
4016,459,35,34,5.2,176.8
4017,460,198,37,5.72,211.64
4018,460,410,36,0.98,35.28
4019,460,212,13,1.2,15.6
4020,460,72,43,4.54,195.22
4021,460,19,59,5.1,300.9
4022,460,156,8,4.99,39.92
4023,460,335,29,1.59,46.11
4024,460,117,49,2.52,123.48
4025,460,230,21,3.12,65.52
4026,461,1,32,3.87,123.84
4027,461,188,44,2.18,95.92
4028,461,97,17,2.35,39.95
4029,461,391,18,1.6,28.8
4030,461,174,45,5.12,230.4
4031,462,494,45,1.97,88.65
4032,462,322,20,2.32,46.4
4033,462,369,70,1.56,109.2
4034,462,507,48,2.04,97.92
4035,462,87,12,2.33,27.96
4036,462,74,44,3.12,137.28
4037,462,151,40,2.62,104.8
4038,463,15,26,1.06,27.56
4039,463,465,60,7.26,435.6
4040,463,76,60,6.42,385.2
4041,463,272,39,3.73,145.47
4042,463,227,32,3.0,96.0
4043,463,88,26,3.02,78.52
4044,463,496,37,1.88,69.56
4045,463,350,68,2.1,142.8
4046,463,384,57,1.48,84.36
4047,464,259,63,3.59,226.17
4048,464,33,32,3.6,115.2
4049,464,192,11,5.16,56.76
4050,464,472,28,1.26,35.28
4051,464,369,51,1.56,79.56
4052,464,368,53,1.23,65.19
4053,464,303,34,3.12,106.08
4054,464,332,50,2.69,134.5
4055,465,135,23,1.95,44.85
4056,465,274,18,5.95,107.1
4057,465,288,52,1.99,103.48
4058,465,147,67,2.67,178.89
4059,465,216,26,4.37,113.62
4060,466,14,56,1.11,62.16
4061,466,63,61,1.04,63.44
4062,466,361,25,1.18,29.5
4063,466,440,37,6.67,246.79
4064,466,110,59,1.69,99.71
4065,466,241,68,4.28,291.04
4066,466,227,52,3.0,156.0
4067,467,43,30,2.65,79.5
4068,467,142,22,2.3,50.6
4069,467,132,26,2.09,54.34
4070,467,363,12,1.38,16.56
4071,467,400,44,2.65,116.6
4072,468,493,29,0.95,27.55
4073,468,396,46,0.97,44.62
4074,468,80,16,3.4,54.4
4075,468,371,33,1.19,39.27
4076,468,385,51,1.86,94.86
4077,468,464,18,6.25,112.5
4078,468,355,58,1.41,81.78
4079,469,400,27,2.65,71.55
4080,469,319,11,1.45,15.95
4081,469,442,10,1.53,15.3
4082,469,389,11,1.06,11.66
4083,469,412,37,1.38,51.06
4084,470,146,8,3.3,26.4
4085,470,363,56,1.38,77.28
4086,470,447,37,1.24,45.88
4087,470,450,30,1.39,41.7
4088,470,143,51,3.73,190.23
4089,470,129,27,1.89,51.03
4090,470,81,55,1.27,69.85
4091,470,361,41,1.18,48.38
4092,470,3,48,5.82,279.36
4093,471,121,15,1.21,18.15
4094,471,44,25,6.97,174.25
4095,471,181,20,4.88,97.6
4096,471,164,46,5.65,259.9
4097,471,117,24,2.52,60.48
4098,472,23,56,2.52,141.12
4099,472,15,62,1.06,65.72
4100,472,372,40,2.68,107.2
4101,472,412,31,1.38,42.78
4102,472,291,70,6.71,469.7
4103,472,182,10,5.54,55.4
4104,472,278,26,2.03,52.78
4105,472,492,55,1.42,78.1
4106,472,116,58,3.34,193.72
4107,473,127,38,2.58,98.04
4108,473,63,51,1.04,53.04
4109,473,377,24,1.86,44.64
4110,473,299,47,3.6,169.2
4111,473,416,15,3.42,51.3
4112,473,264,37,5.6,207.2
4113,473,293,21,2.97,62.37
4114,473,223,51,6.37,324.87
4115,473,207,57,2.94,167.58
4116,473,499,26,1.85,48.1
4117,474,129,47,1.89,88.83
4118,474,48,46,3.42,157.32
4119,474,374,31,1.07,33.17
4120,474,373,17,1.46,24.82
4121,474,90,14,1.88,26.32
4122,474,317,11,1.66,18.26
4123,474,412,33,1.38,45.54
4124,474,367,14,1.83,25.62
4125,474,459,42,1.86,78.12
4126,474,187,43,3.0,129.0
4127,474,367,39,1.83,71.37
4128,474,301,28,7.08,198.24
4129,475,467,51,1.11,56.61
4130,475,374,34,1.07,36.38
4131,475,298,44,1.94,85.36
4132,475,66,36,3.37,121.32
4133,475,206,67,4.6,308.2
4134,475,223,55,6.37,350.35
4135,475,338,40,1.18,47.2
4136,476,348,21,1.24,26.04
4137,476,24,64,4.62,295.68
4138,476,178,56,2.97,166.32
4139,476,97,28,2.35,65.8
4140,476,14,52,1.11,57.72
4141,476,49,48,3.7,177.6
4142,476,373,34,1.46,49.64
4143,476,381,14,3.52,49.28
4144,476,406,17,1.92,32.64
4145,477,410,14,0.98,13.72
4146,477,165,51,4.71,240.21
4147,477,482,54,1.23,66.42
4148,477,13,41,4.82,197.62
4149,477,497,31,1.97,61.07
4150,477,91,45,1.22,54.9
4151,477,303,36,3.12,112.32
4152,477,359,25,1.56,39.0
4153,478,502,46,1.85,85.1
4154,478,262,24,3.97,95.28
4155,478,87,24,2.33,55.92
4156,478,102,39,2.09,81.51
4157,478,74,32,3.12,99.84
4158,478,311,66,1.17,77.22
4159,478,21,20,2.87,57.4
4160,478,501,17,0.96,16.32
4161,478,261,31,6.54,202.74
4162,478,93,64,3.39,216.96
4163,478,464,62,6.25,387.5
4164,479,498,8,1.41,11.28
4165,479,90,22,1.88,41.36
4166,479,147,54,2.67,144.18
4167,479,46,33,1.16,38.28
4168,479,189,32,6.22,199.04
4169,479,404,30,1.88,56.4
4170,479,65,60,3.73,223.8
4171,479,245,33,2.43,80.19
4172,479,68,65,2.12,137.8
4173,479,308,23,1.89,43.47
4174,479,427,46,1.87,86.02
4175,480,454,9,2.03,18.27
4176,480,154,49,5.3,259.7
4177,480,234,12,4.78,57.36
4178,480,283,64,3.01,192.64
4179,480,330,54,1.97,106.38
4180,480,45,35,4.17,145.95
4181,481,416,11,3.42,37.62
4182,481,189,63,6.22,391.86
4183,481,94,70,2.58,180.6
4184,481,318,27,1.22,32.94
4185,481,377,54,1.86,100.44
4186,481,354,41,1.04,42.64
4187,481,418,11,2.01,22.11
4188,481,189,63,6.22,391.86
4189,481,350,21,2.1,44.1
4190,481,112,29,2.35,68.15
4191,481,460,63,0.96,60.48
4192,482,384,34,1.48,50.32
4193,482,440,17,6.67,113.39
4194,482,309,59,3.72,219.48
4195,482,110,25,1.69,42.25
4196,482,2,20,3.09,61.8
4197,482,398,18,1.48,26.64
4198,482,38,60,4.18,250.8
4199,482,381,27,3.52,95.04
4200,482,437,61,1.91,116.51
4201,482,72,67,4.54,304.18
4202,482,121,27,1.21,32.67
4203,483,496,42,1.88,78.96
4204,483,274,45,5.95,267.75
4205,483,29,17,4.2,71.4
4206,483,501,16,0.96,15.36
4207,483,371,36,1.19,42.84
4208,483,362,35,2.56,89.6
4209,483,184,69,3.83,264.27
4210,483,452,17,1.06,18.02
4211,483,65,61,3.73,227.53
4212,483,357,9,1.85,16.65
4213,483,58,30,3.07,92.1
4214,484,29,65,4.2,273.0
4215,484,141,24,1.21,29.04
4216,484,48,12,3.42,41.04
4217,484,347,11,1.73,19.03
4218,484,428,45,1.0,45.0
4219,484,170,40,2.34,93.6
4220,484,439,36,1.2,43.2
4221,485,232,56,1.15,64.4
4222,485,72,61,4.54,276.94
4223,485,366,56,1.2,67.2
4224,485,476,47,1.97,92.59
4225,485,384,69,1.48,102.12
4226,486,359,19,1.56,29.64
4227,486,110,16,1.69,27.04
4228,486,421,50,2.57,128.5
4229,486,463,65,7.51,488.15
4230,486,222,32,1.12,35.84
4231,486,86,36,3.72,133.92
4232,486,68,66,2.12,139.92
4233,486,458,64,1.4,89.6
4234,487,283,49,3.01,147.49
4235,487,135,39,1.95,76.05
4236,487,401,55,2.07,113.85
4237,487,430,58,1.99,115.42
4238,487,177,25,3.11,77.75
4239,487,62,65,1.27,82.55
4240,487,346,52,1.12,58.24
4241,487,456,50,6.85,342.5
4242,487,30,20,1.13,22.6
4243,488,398,61,1.48,90.28
4244,488,350,59,2.1,123.9
4245,488,451,42,2.01,84.42
4246,488,343,23,1.49,34.27
4247,488,116,16,3.34,53.44
4248,488,349,40,1.41,56.4
4249,488,75,9,2.31,20.79
4250,488,121,55,1.21,66.55
4251,488,70,35,4.31,150.85
4252,488,438,68,1.91,129.88
4253,488,426,69,1.43,98.67
4254,489,372,63,2.68,168.84
4255,489,113,57,3.49,198.93
4256,489,415,22,1.92,42.24
4257,489,9,22,3.38,74.36
4258,489,395,65,3.58,232.7
4259,489,214,16,4.91,78.56
4260,489,16,59,3.74,220.66
4261,489,117,29,2.52,73.08
4262,489,430,51,1.99,101.49
4263,489,425,61,1.94,118.34
4264,490,450,31,1.39,43.09
4265,490,423,58,3.36,194.88
4266,490,186,39,2.86,111.54
4267,490,117,40,2.52,100.8
4268,490,398,26,1.48,38.48
4269,490,173,70,5.97,417.9
4270,490,414,54,2.66,143.64
4271,491,301,35,7.08,247.8
4272,491,438,57,1.91,108.87
4273,491,327,10,1.91,19.1
4274,491,224,66,4.72,311.52
4275,491,181,33,4.88,161.04
4276,491,267,53,7.62,403.86
4277,492,240,25,3.15,78.75
4278,492,234,67,4.78,320.26
4279,492,69,45,3.06,137.7
4280,492,314,14,0.96,13.44
4281,492,402,29,3.33,96.57
4282,492,278,47,2.03,95.41
4283,492,367,34,1.83,62.22
4284,493,370,13,2.1,27.3
4285,493,97,60,2.35,141.0
4286,493,78,25,1.22,30.5
4287,493,319,23,1.45,33.35
4288,493,258,25,1.88,47.0
4289,493,156,54,4.99,269.46
4290,493,134,9,2.63,23.67
4291,493,222,26,1.12,29.12
4292,493,228,57,2.32,132.24
4293,494,92,69,2.18,150.42
4294,494,310,34,2.6,88.4
4295,494,359,36,1.56,56.16
4296,494,185,40,3.17,126.8
4297,494,100,54,1.87,100.98
4298,495,40,47,4.5,211.5
4299,495,268,46,2.08,95.68
4300,495,56,68,4.48,304.64
4301,495,489,29,5.76,167.04
4302,495,167,46,2.94,135.24
4303,495,29,41,4.2,172.2
4304,495,468,25,6.53,163.25
4305,495,164,39,5.65,220.35
4306,495,241,33,4.28,141.24
4307,495,513,11,1.88,20.68
4308,495,38,23,4.18,96.14
4309,495,195,12,3.23,38.76
4310,496,248,39,2.31,90.09
4311,496,347,62,1.73,107.26
4312,496,13,46,4.82,221.72
4313,496,304,55,6.45,354.75
4314,496,238,22,2.48,54.56
4315,496,242,53,1.16,61.48
4316,496,88,32,3.02,96.64
4317,496,27,58,2.66,154.28
4318,497,221,67,4.39,294.13
4319,497,195,55,3.23,177.65
4320,497,94,34,2.58,87.72
4321,497,386,28,2.32,64.96
4322,497,181,58,4.88,283.04
4323,497,103,26,3.26,84.76
4324,498,79,37,1.05,38.85
4325,498,110,61,1.69,103.09
4326,498,462,47,1.19,55.93
4327,498,423,48,3.36,161.28
4328,498,149,30,2.05,61.5
4329,498,235,30,2.31,69.3
4330,498,8,55,4.63,254.65
4331,498,67,25,5.32,133.0
4332,498,343,34,1.49,50.66
4333,498,93,52,3.39,176.28
4334,499,452,30,1.06,31.8
4335,499,367,43,1.83,78.69
4336,499,241,41,4.28,175.48
4337,499,364,13,1.05,13.65
4338,499,217,59,3.1,182.9
4339,499,234,58,4.78,277.24
4340,499,335,62,1.59,98.58
4341,499,261,51,6.54,333.54
4342,499,152,38,2.14,81.32
4343,499,331,49,1.27,62.23
4344,500,341,60,1.21,72.6
4345,500,486,40,1.92,76.8
4346,500,62,49,1.27,62.23
4347,500,102,53,2.09,110.77
4348,500,49,9,3.7,33.3
4349,500,135,69,1.95,134.55
4350,500,200,67,5.84,391.28
4351,500,246,36,4.76,171.36
4352,501,464,48,6.25,300.0
4353,501,218,11,2.31,25.41
4354,501,499,12,1.85,22.2
4355,501,194,49,2.99,146.51
4356,501,392,15,2.08,31.2
4357,501,124,57,2.55,145.35
4358,501,342,67,2.33,156.11
4359,501,38,59,4.18,246.62
4360,502,130,48,1.93,92.64
4361,502,327,10,1.91,19.1
4362,502,363,34,1.38,46.92
4363,502,4,22,2.0,44.0
4364,502,165,19,4.71,89.49
4365,502,285,57,4.14,235.98
4366,502,364,46,1.05,48.3
4367,502,152,16,2.14,34.24
4368,503,98,11,3.11,34.21
4369,503,436,49,1.01,49.49
4370,503,464,52,6.25,325.0
4371,503,238,60,2.48,148.8
4372,503,62,25,1.27,31.75
4373,503,358,64,1.13,72.32
4374,503,235,18,2.31,41.58
4375,504,49,45,3.7,166.5
4376,504,393,19,2.51,47.69
4377,504,94,25,2.58,64.5
4378,504,231,63,4.48,282.24
4379,504,175,27,4.18,112.86
4380,504,34,50,3.03,151.5
4381,504,294,31,5.56,172.36
4382,504,472,48,1.26,60.48
4383,504,115,41,1.9,77.9
4384,504,42,30,3.22,96.6
4385,504,295,14,3.94,55.16
4386,505,211,28,4.72,132.16
4387,505,253,16,5.55,88.8
4388,505,369,35,1.56,54.6
4389,505,255,43,2.35,101.05
4390,505,50,13,2.96,38.48
4391,506,182,21,5.54,116.34
4392,506,125,33,1.88,62.04
4393,506,429,22,1.79,39.38
4394,506,114,33,2.35,77.55
4395,506,176,62,2.96,183.52
4396,506,487,15,1.29,19.35
4397,506,59,47,2.45,115.15
4398,506,263,23,2.79,64.17
4399,506,6,62,3.7,229.4
4400,506,494,32,1.97,63.04
4401,506,480,62,7.0,434.0
4402,506,244,36,5.16,185.76
4403,507,408,21,2.08,43.68
4404,507,225,41,2.59,106.19
4405,507,254,33,5.13,169.29
4406,507,116,69,3.34,230.46
4407,507,55,47,2.91,136.77
4408,507,307,31,7.57,234.67
4409,507,431,56,1.26,70.56
4410,507,242,57,1.16,66.12
4411,507,126,29,3.24,93.96
4412,507,6,51,3.7,188.7
4413,507,207,56,2.94,164.64
4414,507,300,8,2.32,18.56
4415,508,512,31,2.1,65.1
4416,508,293,49,2.97,145.53
4417,508,29,44,4.2,184.8
4418,508,51,17,5.09,86.53
4419,508,321,22,1.13,24.86
4420,508,275,57,4.11,234.27
4421,508,300,66,2.32,153.12
4422,508,259,52,3.59,186.68
4423,508,215,8,2.41,19.28
4424,509,399,33,2.09,68.97
4425,509,279,46,3.37,155.02
4426,509,26,44,3.1,136.4
4427,509,96,17,3.35,56.95
4428,509,368,50,1.23,61.5
4429,509,276,15,7.91,118.65
4430,510,108,50,3.14,157.0
4431,510,132,67,2.09,140.03
4432,510,176,49,2.96,145.04
4433,510,269,21,3.62,76.02
4434,510,377,54,1.86,100.44
4435,510,293,27,2.97,80.19
4436,510,264,33,5.6,184.8
4437,510,25,10,3.46,34.6
4438,510,224,49,4.72,231.28
4439,510,286,43,7.94,341.42
4440,510,256,41,8.08,331.28
4441,510,94,17,2.58,43.86
4442,511,402,54,3.33,179.82
4443,511,25,50,3.46,173.0
4444,511,156,24,4.99,119.76
4445,511,50,57,2.96,168.72
4446,511,83,52,3.29,171.08
4447,511,70,70,4.31,301.7
4448,511,198,59,5.72,337.48
4449,511,236,14,4.72,66.08
4450,511,36,9,1.85,16.65
4451,511,25,67,3.46,231.82
4452,511,71,11,2.66,29.26
4453,511,357,45,1.85,83.25
4454,512,41,46,3.29,151.34
4455,512,468,16,6.53,104.48
4456,512,368,34,1.23,41.82
4457,512,450,37,1.39,51.43
4458,512,195,61,3.23,197.03
4459,513,465,68,7.26,493.68
4460,513,384,68,1.48,100.64
4461,513,408,12,2.08,24.96
4462,513,246,40,4.76,190.4
4463,513,404,25,1.88,47.0
4464,513,376,14,1.14,15.96
4465,514,371,37,1.19,44.03
4466,514,254,67,5.13,343.71
4467,514,70,69,4.31,297.39
4468,514,42,24,3.22,77.28
4469,514,13,23,4.82,110.86
4470,514,327,30,1.91,57.3
4471,514,504,20,2.01,40.2
4472,514,432,61,6.27,382.47
4473,514,97,25,2.35,58.75
4474,514,286,63,7.94,500.22
4475,514,43,31,2.65,82.15
4476,514,227,62,3.0,186.0
4477,515,50,54,2.96,159.84
4478,515,90,64,1.88,120.32
4479,515,25,14,3.46,48.44
4480,515,476,14,1.97,27.58
4481,515,212,51,1.2,61.2
4482,515,264,35,5.6,196.0
4483,515,182,42,5.54,232.68
4484,515,32,44,3.54,155.76
4485,515,232,68,1.15,78.2
4486,516,91,12,1.22,14.64
4487,516,163,13,5.28,68.64
4488,516,181,10,4.88,48.8
4489,516,181,42,4.88,204.96
4490,516,427,55,1.87,102.85
4491,516,340,41,2.02,82.82
4492,516,190,14,4.87,68.18
4493,517,424,66,1.07,70.62
4494,517,357,21,1.85,38.85
4495,517,403,33,0.98,32.34
4496,517,129,52,1.89,98.28
4497,517,296,60,7.92,475.2
4498,518,26,51,3.1,158.1
4499,518,220,62,3.09,191.58
4500,518,180,61,5.82,355.02
4501,518,45,59,4.17,246.03
4502,518,504,59,2.01,118.59
4503,518,436,56,1.01,56.56
4504,518,40,62,4.5,279.0
4505,518,512,12,2.1,25.2
4506,518,90,61,1.88,114.68
4507,518,333,32,1.55,49.6
4508,519,468,63,6.53,411.39
4509,519,333,67,1.55,103.85
4510,519,331,68,1.27,86.36
4511,519,510,51,2.09,106.59
4512,519,172,12,4.97,59.64
4513,519,103,35,3.26,114.1
4514,519,338,15,1.18,17.7
4515,519,31,49,0.99,48.51
4516,519,221,69,4.39,302.91
4517,519,11,50,2.55,127.5
4518,519,61,43,4.58,196.94
4519,520,209,35,3.42,119.7
4520,520,136,16,3.59,57.44
4521,520,113,27,3.49,94.23
4522,520,490,31,6.93,214.83
4523,520,106,57,3.46,197.22
4524,521,282,47,3.84,180.48
4525,521,110,30,1.69,50.7
4526,521,145,59,1.99,117.41
4527,521,159,42,2.86,120.12
4528,521,114,10,2.35,23.5
4529,521,357,53,1.85,98.05
4530,522,289,19,3.51,66.69
4531,522,2,65,3.09,200.85
4532,522,485,13,6.75,87.75
4533,522,394,51,1.84,93.84
4534,522,103,16,3.26,52.16
4535,522,303,51,3.12,159.12
4536,522,61,39,4.58,178.62
4537,522,46,12,1.16,13.92
4538,523,302,15,3.82,57.3
4539,523,473,35,6.72,235.2
4540,523,89,45,2.13,95.85
4541,523,261,10,6.54,65.4
4542,523,456,44,6.85,301.4
4543,523,20,56,1.99,111.44
4544,523,58,65,3.07,199.55
4545,523,136,13,3.59,46.67
4546,523,48,35,3.42,119.7
4547,524,91,16,1.22,19.52
4548,524,262,12,3.97,47.64
4549,524,128,11,3.06,33.66
4550,524,17,61,3.71,226.31
4551,524,366,51,1.2,61.2
4552,524,213,52,5.91,307.32
4553,524,148,70,2.97,207.9
4554,524,13,61,4.82,294.02
4555,524,385,10,1.86,18.6
4556,524,127,59,2.58,152.22
4557,524,16,38,3.74,142.12
4558,524,458,34,1.4,47.6
4559,525,244,53,5.16,273.48
4560,525,111,55,1.21,66.55
4561,525,271,33,7.32,241.56
4562,525,503,37,4.67,172.79
4563,525,465,68,7.26,493.68
4564,525,323,55,1.52,83.6
4565,525,356,51,1.14,58.14
4566,525,292,66,4.02,265.32
4567,526,115,64,1.9,121.6
4568,526,49,29,3.7,107.3
4569,526,444,60,1.08,64.8
4570,526,61,14,4.58,64.12
4571,526,70,31,4.31,133.61
4572,526,44,61,6.97,425.17
4573,526,242,56,1.16,64.96
4574,526,370,66,2.1,138.6
4575,526,448,32,6.35,203.2
4576,526,335,28,1.59,44.52
4577,526,430,16,1.99,31.84
4578,527,228,32,2.32,74.24
4579,527,356,33,1.14,37.62
4580,527,159,47,2.86,134.42
4581,527,475,9,7.13,64.17
4582,527,116,56,3.34,187.04
4583,527,320,17,1.98,33.66
4584,527,420,42,2.06,86.52
4585,527,507,25,2.04,51.0
4586,528,272,67,3.73,249.91
4587,528,171,39,5.86,228.54
4588,528,104,41,2.52,103.32
4589,528,96,38,3.35,127.3
4590,528,324,47,1.05,49.35
4591,528,371,17,1.19,20.23
4592,528,19,12,5.1,61.2
4593,529,511,19,4.89,92.91
4594,529,172,28,4.97,139.16
4595,529,194,37,2.99,110.63
4596,529,28,23,6.98,160.54
4597,529,349,35,1.41,49.35
4598,529,232,35,1.15,40.25
4599,529,384,14,1.48,20.72
4600,529,430,37,1.99,73.63
4601,529,190,36,4.87,175.32
4602,529,339,46,1.6,73.6
4603,529,189,50,6.22,311.0
4604,529,442,25,1.53,38.25
4605,530,406,14,1.92,26.88
4606,530,341,20,1.21,24.2
4607,530,416,43,3.42,147.06
4608,530,475,33,7.13,235.29
4609,530,256,25,8.08,202.0
4610,530,86,27,3.72,100.44
4611,530,418,32,2.01,64.32
4612,530,86,43,3.72,159.96
4613,530,505,48,2.07,99.36
4614,530,54,54,3.77,203.58
4615,531,327,53,1.91,101.23
4616,531,275,59,4.11,242.49
4617,531,268,52,2.08,108.16
4618,531,440,47,6.67,313.49
4619,531,277,31,8.37,259.47
4620,531,38,59,4.18,246.62
4621,531,391,10,1.6,16.0
4622,531,261,64,6.54,418.56
4623,531,319,51,1.45,73.95
4624,532,68,33,2.12,69.96
4625,532,388,50,3.46,173.0
4626,532,426,19,1.43,27.17
4627,532,317,12,1.66,19.92
4628,532,130,31,1.93,59.83
4629,532,390,15,2.01,30.15
4630,532,77,21,4.59,96.39
4631,532,15,46,1.06,48.76
4632,532,75,50,2.31,115.5
4633,532,510,41,2.09,85.69
4634,532,417,31,1.01,31.31
4635,533,289,52,3.51,182.52
4636,533,109,53,1.99,105.47
4637,533,166,40,3.97,158.8
4638,533,67,44,5.32,234.08
4639,533,14,25,1.11,27.75
4640,533,282,11,3.84,42.24
4641,534,459,61,1.86,113.46
4642,534,88,23,3.02,69.46
4643,534,321,46,1.13,51.98
4644,534,293,10,2.97,29.7
4645,534,198,36,5.72,205.92
4646,534,216,66,4.37,288.42
4647,534,5,47,3.08,144.76
4648,534,83,49,3.29,161.21
4649,535,247,27,2.78,75.06
4650,535,40,27,4.5,121.5
4651,535,29,16,4.2,67.2
4652,535,50,11,2.96,32.56
4653,535,32,38,3.54,134.52
4654,535,198,17,5.72,97.24
4655,535,161,12,2.27,27.24
4656,536,195,22,3.23,71.06
4657,536,434,34,1.44,48.96
4658,536,200,44,5.84,256.96
4659,536,204,38,2.78,105.64
4660,536,479,58,6.19,359.02
4661,536,309,41,3.72,152.52
4662,536,214,56,4.91,274.96
4663,536,463,32,7.51,240.32
4664,537,220,40,3.09,123.6
4665,537,237,29,3.21,93.09
4666,537,201,34,5.33,181.22
4667,537,23,43,2.52,108.36
4668,537,47,25,0.98,24.5
4669,537,232,27,1.15,31.05
4670,537,404,48,1.88,90.24
4671,538,472,27,1.26,34.02
4672,538,22,50,3.87,193.5
4673,538,347,56,1.73,96.88
4674,538,392,68,2.08,141.44
4675,538,412,57,1.38,78.66
4676,538,182,59,5.54,326.86
4677,538,316,65,1.15,74.75
4678,538,92,32,2.18,69.76
4679,538,393,68,2.51,170.68
4680,538,326,61,1.16,70.76
4681,538,484,31,6.09,188.79
4682,538,40,10,4.5,45.0
4683,539,265,45,4.13,185.85
4684,539,356,64,1.14,72.96
4685,539,46,8,1.16,9.28
4686,539,129,61,1.89,115.29
4687,539,353,46,1.56,71.76
4688,539,75,65,2.31,150.15
4689,540,410,33,0.98,32.34
4690,540,294,15,5.56,83.4
4691,540,78,40,1.22,48.8
4692,540,96,31,3.35,103.85
4693,540,449,22,1.92,42.24
4694,540,356,64,1.14,72.96
4695,540,42,65,3.22,209.3
4696,540,192,50,5.16,258.0
4697,540,148,18,2.97,53.46
4698,540,466,32,1.97,63.04
4699,540,131,16,1.14,18.24
4700,541,77,59,4.59,270.81
4701,541,46,46,1.16,53.36
4702,541,472,55,1.26,69.3
4703,541,248,26,2.31,60.06
4704,541,398,23,1.48,34.04
4705,541,32,69,3.54,244.26
4706,541,281,27,7.14,192.78
4707,541,125,22,1.88,41.36
4708,541,396,14,0.97,13.58
4709,542,80,27,3.4,91.8
4710,542,235,57,2.31,131.67
4711,542,299,13,3.6,46.8
4712,542,395,44,3.58,157.52
4713,542,434,23,1.44,33.12
4714,542,224,29,4.72,136.88
4715,542,445,53,1.86,98.58
4716,542,488,23,7.29,167.67
4717,542,107,43,2.41,103.63
4718,542,512,36,2.1,75.6
4719,543,18,47,3.02,141.94
4720,543,30,12,1.13,13.56
4721,543,144,41,2.51,102.91
4722,543,423,11,3.36,36.96
4723,543,182,14,5.54,77.56
4724,544,165,26,4.71,122.46
4725,544,281,45,7.14,321.3
4726,544,203,9,3.07,27.63
4727,544,198,43,5.72,245.96
4728,544,316,51,1.15,58.65
4729,544,45,39,4.17,162.63
4730,544,339,51,1.6,81.6
4731,545,216,31,4.37,135.47
4732,545,105,70,2.0,140.0
4733,545,305,28,3.69,103.32
4734,545,116,24,3.34,80.16
4735,545,52,14,2.01,28.14
4736,545,384,13,1.48,19.24
4737,546,144,29,2.51,72.79
4738,546,124,31,2.55,79.05
4739,546,36,30,1.85,55.5
4740,546,301,23,7.08,162.84
4741,546,200,65,5.84,379.6
4742,546,56,27,4.48,120.96
4743,546,168,61,2.89,176.29
4744,546,192,61,5.16,314.76
4745,546,365,34,1.51,51.34
4746,547,489,11,5.76,63.36
4747,547,483,51,7.01,357.51
4748,547,173,49,5.97,292.53
4749,547,136,30,3.59,107.7
4750,547,386,51,2.32,118.32
4751,547,344,21,0.94,19.74
4752,547,502,30,1.85,55.5
4753,547,59,52,2.45,127.4
4754,547,407,11,2.57,28.27
4755,548,42,35,3.22,112.7
4756,548,458,49,1.4,68.6
4757,548,308,26,1.89,49.14
4758,548,478,62,7.07,438.34
4759,548,39,11,2.6,28.6
4760,548,438,38,1.91,72.58
4761,548,425,42,1.94,81.48
4762,548,419,36,1.38,49.68
4763,548,405,12,1.42,17.04
4764,548,410,17,0.98,16.66
4765,548,271,55,7.32,402.6
4766,549,186,56,2.86,160.16
4767,549,99,42,1.88,78.96
4768,549,349,46,1.41,64.86
4769,549,160,38,2.92,110.96
4770,549,204,40,2.78,111.2
4771,549,91,28,1.22,34.16
4772,549,432,55,6.27,344.85
4773,549,291,47,6.71,315.37
4774,549,38,56,4.18,234.08
4775,550,118,61,3.01,183.61
4776,550,151,16,2.62,41.92
4777,550,415,9,1.92,17.28
4778,550,68,57,2.12,120.84
4779,550,88,47,3.02,141.94
4780,550,384,66,1.48,97.68
4781,550,507,13,2.04,26.52
4782,550,496,51,1.88,95.88
4783,551,348,39,1.24,48.36
4784,551,149,40,2.05,82.0
4785,551,448,49,6.35,311.15
4786,551,75,21,2.31,48.51
4787,551,407,23,2.57,59.11
4788,551,502,45,1.85,83.25
4789,552,165,35,4.71,164.85
4790,552,243,30,5.57,167.1
4791,552,499,31,1.85,57.35
4792,552,57,45,3.37,151.65
4793,552,159,18,2.86,51.48
4794,552,46,32,1.16,37.12
4795,552,169,58,2.78,161.24
4796,552,28,15,6.98,104.7
4797,553,304,15,6.45,96.75
4798,553,231,33,4.48,147.84
4799,553,240,56,3.15,176.4
4800,553,271,17,7.32,124.44
4801,553,483,67,7.01,469.67
4802,553,169,64,2.78,177.92
4803,553,237,61,3.21,195.81
4804,553,214,54,4.91,265.14
4805,553,355,41,1.41,57.81
4806,553,28,52,6.98,362.96
4807,554,181,18,4.88,87.84
4808,554,94,9,2.58,23.22
4809,554,371,38,1.19,45.22
4810,554,262,10,3.97,39.7
4811,554,156,14,4.99,69.86
4812,554,30,16,1.13,18.08
4813,554,393,66,2.51,165.66
4814,554,216,12,4.37,52.44
4815,555,302,41,3.82,156.62
4816,555,220,65,3.09,200.85
4817,555,480,9,7.0,63.0
4818,555,17,53,3.71,196.63
4819,555,77,23,4.59,105.57
4820,555,250,58,2.94,170.52
4821,555,378,9,1.17,10.53
4822,555,212,33,1.2,39.6
4823,556,385,59,1.86,109.74
4824,556,424,23,1.07,24.61
4825,556,330,35,1.97,68.95
4826,556,148,36,2.97,106.92
4827,556,462,45,1.19,53.55
4828,556,1,52,3.87,201.24
4829,556,58,9,3.07,27.63
4830,556,425,16,1.94,31.04
4831,556,143,13,3.73,48.49
4832,556,29,70,4.2,294.0
4833,557,426,18,1.43,25.74
4834,557,296,20,7.92,158.4
4835,557,154,43,5.3,227.9
4836,557,330,13,1.97,25.61
4837,557,167,10,2.94,29.4
4838,557,246,24,4.76,114.24
4839,557,203,9,3.07,27.63
4840,557,95,12,2.06,24.72
4841,557,379,63,1.56,98.28
4842,557,279,26,3.37,87.62
4843,558,349,16,1.41,22.56
4844,558,204,18,2.78,50.04
4845,558,471,58,2.04,118.32
4846,558,338,62,1.18,73.16
4847,558,154,52,5.3,275.6
4848,558,425,34,1.94,65.96
4849,558,240,33,3.15,103.95
4850,558,323,45,1.52,68.4
4851,558,491,13,1.95,25.35
4852,559,29,40,4.2,168.0
4853,559,208,52,2.48,128.96
4854,559,486,18,1.92,34.56
4855,559,210,26,2.86,74.36
4856,559,139,48,1.85,88.8
4857,560,396,49,0.97,47.53
4858,560,491,68,1.95,132.6
4859,560,115,60,1.9,114.0
4860,560,225,64,2.59,165.76
4861,560,472,34,1.26,42.84
4862,560,427,44,1.87,82.28
4863,560,479,43,6.19,266.17
4864,561,126,55,3.24,178.2
4865,561,354,33,1.04,34.32
4866,561,9,47,3.38,158.86
4867,561,370,59,2.1,123.9
4868,561,251,34,4.37,148.58
4869,561,251,42,4.37,183.54
4870,561,417,61,1.01,61.61
4871,561,102,16,2.09,33.44
4872,561,483,14,7.01,98.14
4873,562,290,41,2.54,104.14
4874,562,78,42,1.22,51.24
4875,562,165,21,4.71,98.91
4876,562,60,68,6.04,410.72
4877,562,125,61,1.88,114.68
4878,562,117,23,2.52,57.96
4879,562,116,41,3.34,136.94
4880,562,343,55,1.49,81.95
4881,562,491,33,1.95,64.35
4882,562,119,57,1.93,110.01
4883,562,456,20,6.85,137.0
4884,563,438,50,1.91,95.5
4885,563,443,14,2.12,29.68
4886,563,189,57,6.22,354.54
4887,563,383,52,2.15,111.8
4888,563,150,25,1.7,42.5
4889,563,174,18,5.12,92.16
4890,563,360,8,1.9,15.2
4891,563,202,20,3.91,78.2
4892,563,317,16,1.66,26.56
4893,563,469,52,6.19,321.88
4894,563,100,29,1.87,54.23
4895,564,233,23,5.88,135.24
4896,564,194,59,2.99,176.41
4897,564,474,32,5.74,183.68
4898,564,241,54,4.28,231.12
4899,564,183,62,4.64,287.68
4900,564,173,37,5.97,220.89
4901,564,4,21,2.0,42.0
4902,564,79,56,1.05,58.8
4903,564,184,70,3.83,268.1
4904,564,53,26,2.85,74.1
4905,564,274,44,5.95,261.8
4906,565,215,25,2.41,60.25
4907,565,309,44,3.72,163.68
4908,565,430,32,1.99,63.68
4909,565,513,10,1.88,18.8
4910,565,291,65,6.71,436.15
4911,565,271,9,7.32,65.88
4912,565,177,9,3.11,27.99
4913,565,400,65,2.65,172.25
4914,565,461,35,2.06,72.1
4915,565,398,69,1.48,102.12
4916,566,237,14,3.21,44.94
4917,566,355,29,1.41,40.89
4918,566,471,14,2.04,28.56
4919,566,77,10,4.59,45.9
4920,566,144,53,2.51,133.03
4921,566,439,40,1.2,48.0
4922,566,285,14,4.14,57.96
4923,566,300,19,2.32,44.08
4924,566,489,51,5.76,293.76
4925,566,424,54,1.07,57.78
4926,566,453,54,1.72,92.88
4927,567,26,30,3.1,93.0
4928,567,52,20,2.01,40.2
4929,567,164,50,5.65,282.5
4930,567,59,24,2.45,58.8
4931,567,323,66,1.52,100.32
4932,567,409,12,3.52,42.24
4933,567,51,41,5.09,208.69
4934,567,235,38,2.31,87.78
4935,567,456,18,6.85,123.3
4936,567,17,64,3.71,237.44
4937,567,231,58,4.48,259.84
4938,567,46,32,1.16,37.12
4939,568,271,11,7.32,80.52
4940,568,367,21,1.83,38.43
4941,568,185,64,3.17,202.88
4942,568,225,35,2.59,90.65
4943,568,28,36,6.98,251.28
4944,568,260,57,2.42,137.94
4945,568,424,19,1.07,20.33
4946,568,223,59,6.37,375.83
4947,568,176,19,2.96,56.24
4948,569,393,9,2.51,22.59
4949,569,213,55,5.91,325.05
4950,569,169,47,2.78,130.66
4951,569,394,9,1.84,16.56
4952,569,12,27,6.15,166.05
4953,570,504,46,2.01,92.46
4954,570,404,15,1.88,28.2
4955,570,126,58,3.24,187.92
4956,570,5,34,3.08,104.72
4957,570,227,60,3.0,180.0
4958,570,325,35,1.5,52.5
4959,570,429,62,1.79,110.98
4960,570,18,37,3.02,111.74
4961,570,219,27,3.66,98.82
4962,571,511,64,4.89,312.96
4963,571,173,56,5.97,334.32
4964,571,420,61,2.06,125.66
4965,571,491,10,1.95,19.5
4966,571,41,32,3.29,105.28
4967,571,34,24,3.03,72.72
4968,571,160,31,2.92,90.52
4969,571,75,35,2.31,80.85
4970,571,349,62,1.41,87.42
4971,571,500,25,1.55,38.75
4972,571,484,61,6.09,371.49
4973,571,321,49,1.13,55.37
4974,572,52,50,2.01,100.5
4975,572,66,68,3.37,229.16
4976,572,298,58,1.94,112.52
4977,572,380,9,1.95,17.55
4978,572,147,51,2.67,136.17
4979,572,465,19,7.26,137.94
4980,572,356,27,1.14,30.78
4981,572,162,52,6.47,336.44
4982,572,407,45,2.57,115.65
4983,572,117,38,2.52,95.76
4984,572,51,45,5.09,229.05
4985,572,40,22,4.5,99.0
4986,573,216,50,4.37,218.5
4987,573,326,41,1.16,47.56
4988,573,382,18,1.05,18.9
4989,573,81,69,1.27,87.63
4990,573,494,24,1.97,47.28
4991,573,262,37,3.97,146.89
4992,574,313,52,1.43,74.36
4993,574,494,37,1.97,72.89
4994,574,75,41,2.31,94.71
4995,574,475,34,7.13,242.42
4996,574,3,69,5.82,401.58
4997,574,164,54,5.65,305.1
4998,574,452,51,1.06,54.06
4999,575,394,65,1.84,119.6
5000,575,480,57,7.0,399.0
5001,575,244,58,5.16,299.28
5002,575,501,9,0.96,8.64
5003,575,123,26,3.42,88.92
5004,575,93,35,3.39,118.65
5005,575,511,19,4.89,92.91
5006,575,475,22,7.13,156.86
5007,575,200,34,5.84,198.56
5008,576,139,69,1.85,127.65
5009,576,401,69,2.07,142.83
5010,576,153,14,5.6,78.4
5011,576,185,31,3.17,98.27
5012,576,90,64,1.88,120.32
5013,576,372,37,2.68,99.16
5014,576,452,57,1.06,60.42
5015,576,96,42,3.35,140.7
5016,577,369,70,1.56,109.2
5017,577,315,28,1.43,40.04
5018,577,303,13,3.12,40.56
5019,577,283,30,3.01,90.3
5020,577,467,41,1.11,45.51
5021,577,378,55,1.17,64.35
5022,577,387,34,1.91,64.94
5023,577,85,21,2.12,44.52
5024,577,468,64,6.53,417.92
5025,577,279,23,3.37,77.51
5026,578,184,62,3.83,237.46
5027,578,378,65,1.17,76.05
5028,578,60,65,6.04,392.6
5029,578,340,54,2.02,109.08
5030,578,478,40,7.07,282.8
5031,578,154,8,5.3,42.4
5032,578,333,31,1.55,48.05
5033,578,412,47,1.38,64.86
5034,579,54,65,3.77,245.05
5035,579,174,68,5.12,348.16
5036,579,13,26,4.82,125.32
5037,579,272,36,3.73,134.28
5038,579,415,9,1.92,17.28
5039,579,452,55,1.06,58.3
5040,579,497,40,1.97,78.8
5041,579,221,51,4.39,223.89
5042,579,456,47,6.85,321.95
5043,580,77,21,4.59,96.39
5044,580,382,18,1.05,18.9
5045,580,195,12,3.23,38.76
5046,580,263,39,2.79,108.81
5047,580,505,32,2.07,66.24
5048,580,471,15,2.04,30.6
5049,580,504,39,2.01,78.39
5050,580,188,54,2.18,117.72
5051,581,211,57,4.72,269.04
5052,581,200,12,5.84,70.08
5053,581,41,28,3.29,92.12
5054,581,112,48,2.35,112.8
5055,581,293,29,2.97,86.13
5056,581,94,46,2.58,118.68
5057,581,263,45,2.79,125.55
5058,581,253,65,5.55,360.75
5059,581,264,30,5.6,168.0
5060,582,78,43,1.22,52.46
5061,582,401,31,2.07,64.17
5062,582,391,67,1.6,107.2
5063,582,475,25,7.13,178.25
5064,582,344,68,0.94,63.92
5065,582,453,17,1.72,29.24
5066,582,18,47,3.02,141.94
5067,582,85,16,2.12,33.92
5068,582,324,42,1.05,44.1
5069,582,155,69,6.13,422.97
5070,582,331,69,1.27,87.63
5071,582,308,57,1.89,107.73
5072,583,71,45,2.66,119.7
5073,583,292,51,4.02,205.02
5074,583,6,51,3.7,188.7
5075,583,445,9,1.86,16.74
5076,583,395,27,3.58,96.66
5077,583,265,28,4.13,115.64
5078,583,396,29,0.97,28.13
5079,584,351,28,1.14,31.92
5080,584,511,59,4.89,288.51
5081,584,477,48,1.19,57.12
5082,584,375,21,1.58,33.18
5083,584,158,41,2.8,114.8
5084,584,504,46,2.01,92.46
5085,584,186,41,2.86,117.26
5086,584,318,42,1.22,51.24
5087,584,174,53,5.12,271.36
5088,584,389,10,1.06,10.6
5089,584,474,42,5.74,241.08
5090,584,186,19,2.86,54.34
5091,585,388,57,3.46,197.22
5092,585,288,59,1.99,117.41
5093,585,244,18,5.16,92.88
5094,585,417,60,1.01,60.6
5095,585,326,62,1.16,71.92
5096,585,56,25,4.48,112.0
5097,585,20,8,1.99,15.92
5098,585,426,43,1.43,61.49
5099,585,431,22,1.26,27.72
5100,586,467,9,1.11,9.99
5101,586,25,15,3.46,51.9
5102,586,390,61,2.01,122.61
5103,586,269,51,3.62,184.62
5104,586,142,64,2.3,147.2
5105,586,83,59,3.29,194.11
5106,587,37,34,2.94,99.96
5107,587,160,53,2.92,154.76
5108,587,265,57,4.13,235.41
5109,587,180,11,5.82,64.02
5110,587,307,14,7.57,105.98
5111,587,159,57,2.86,163.02
5112,587,458,12,1.4,16.8
5113,587,247,19,2.78,52.82
5114,587,355,58,1.41,81.78
5115,587,417,68,1.01,68.68
5116,588,334,43,0.99,42.57
5117,588,381,22,3.52,77.44
5118,588,396,42,0.97,40.74
5119,588,133,43,3.37,144.91
5120,588,162,46,6.47,297.62
5121,588,27,65,2.66,172.9
5122,588,220,21,3.09,64.89
5123,588,399,12,2.09,25.08
5124,588,364,23,1.05,24.15
5125,588,252,22,1.16,25.52
5126,588,127,10,2.58,25.8
5127,589,433,19,1.99,37.81
5128,589,207,66,2.94,194.04
5129,589,415,28,1.92,53.76
5130,589,152,34,2.14,72.76
5131,589,179,53,2.07,109.71
5132,589,471,66,2.04,134.64
5133,589,416,26,3.42,88.92
5134,589,512,41,2.1,86.1
5135,589,495,40,4.98,199.2
5136,589,55,17,2.91,49.47
5137,590,35,34,5.2,176.8
5138,590,163,37,5.28,195.36
5139,590,359,33,1.56,51.48
5140,590,499,53,1.85,98.05
5141,590,331,31,1.27,39.37
5142,591,248,64,2.31,147.84
5143,591,6,60,3.7,222.0
5144,591,178,54,2.97,160.38
5145,591,121,16,1.21,19.36
5146,591,485,12,6.75,81.0
5147,591,308,49,1.89,92.61
5148,591,435,66,2.07,136.62
5149,591,53,49,2.85,139.65
5150,591,490,57,6.93,395.01
5151,591,277,45,8.37,376.65
5152,591,288,40,1.99,79.6
5153,592,398,8,1.48,11.84
5154,592,437,44,1.91,84.04
5155,592,51,30,5.09,152.7
5156,592,131,56,1.14,63.84
5157,592,142,13,2.3,29.9
5158,592,242,39,1.16,45.24
5159,592,194,65,2.99,194.35
5160,592,513,53,1.88,99.64
5161,593,112,70,2.35,164.5
5162,593,295,41,3.94,161.54
5163,593,429,44,1.79,78.76
5164,593,109,29,1.99,57.71
5165,593,25,20,3.46,69.2
5166,593,456,38,6.85,260.3
5167,594,352,58,2.67,154.86
5168,594,253,22,5.55,122.1
5169,594,246,65,4.76,309.4
5170,594,436,26,1.01,26.26
5171,594,187,17,3.0,51.0
5172,595,32,38,3.54,134.52
5173,595,30,34,1.13,38.42
5174,595,328,46,1.25,57.5
5175,595,100,30,1.87,56.1
5176,595,333,9,1.55,13.95
5177,595,368,51,1.23,62.73
5178,595,463,39,7.51,292.89
5179,595,367,59,1.83,107.97
5180,595,167,25,2.94,73.5
5181,595,21,40,2.87,114.8
5182,595,435,17,2.07,35.19
5183,596,460,20,0.96,19.2
5184,596,190,41,4.87,199.67
5185,596,426,31,1.43,44.33
5186,596,234,29,4.78,138.62
5187,596,312,59,2.3,135.7
5188,596,93,30,3.39,101.7
5189,596,189,50,6.22,311.0
5190,596,296,29,7.92,229.68
5191,596,432,25,6.27,156.75
5192,596,13,40,4.82,192.8
5193,596,482,10,1.23,12.3
5194,597,215,61,2.41,147.01
5195,597,406,68,1.92,130.56
5196,597,26,14,3.1,43.4
5197,597,329,25,1.47,36.75
5198,597,329,21,1.47,30.87
5199,597,11,27,2.55,68.85
5200,597,110,57,1.69,96.33
5201,597,104,23,2.52,57.96
5202,597,35,46,5.2,239.2
5203,597,312,47,2.3,108.1
5204,597,49,68,3.7,251.6
5205,597,221,9,4.39,39.51
5206,598,457,50,1.84,92.0
5207,598,101,66,1.22,80.52
5208,598,123,45,3.42,153.9
5209,598,71,61,2.66,162.26
5210,598,155,32,6.13,196.16
5211,598,397,59,1.96,115.64
5212,598,125,11,1.88,20.68
5213,598,83,29,3.29,95.41
5214,598,362,57,2.56,145.92
5215,598,230,24,3.12,74.88
5216,598,389,45,1.06,47.7
5217,599,245,47,2.43,114.21
5218,599,316,62,1.15,71.3
5219,599,57,41,3.37,138.17
5220,599,178,10,2.97,29.7
5221,599,282,22,3.84,84.48
5222,599,73,30,3.46,103.8
5223,599,450,35,1.39,48.65
5224,599,36,58,1.85,107.3
5225,599,438,48,1.91,91.68
5226,599,507,32,2.04,65.28
5227,599,193,47,4.02,188.94
5228,600,212,26,1.2,31.2
5229,600,167,67,2.94,196.98
5230,600,424,31,1.07,33.17
5231,600,237,39,3.21,125.19
5232,600,366,39,1.2,46.8
5233,600,303,8,3.12,24.96
5234,600,16,44,3.74,164.56
5235,600,289,10,3.51,35.1
5236,601,492,16,1.42,22.72
5237,601,243,13,5.57,72.41
5238,601,370,18,2.1,37.8
5239,601,151,26,2.62,68.12
5240,601,414,64,2.66,170.24
5241,601,463,50,7.51,375.5
5242,601,348,36,1.24,44.64
5243,601,354,41,1.04,42.64
5244,601,29,49,4.2,205.8
5245,601,493,38,0.95,36.1
5246,602,190,68,4.87,331.16
5247,602,479,11,6.19,68.09
5248,602,452,57,1.06,60.42
5249,602,343,49,1.49,73.01
5250,602,229,12,3.48,41.76
5251,602,7,59,2.58,152.22
5252,603,515,50,1.95,97.5
5253,603,378,44,1.17,51.48
5254,603,377,21,1.86,39.06
5255,603,512,50,2.1,105.0
5256,603,468,58,6.53,378.74
5257,603,62,59,1.27,74.93
5258,603,103,9,3.26,29.34
5259,603,21,8,2.87,22.96
5260,603,105,13,2.0,26.0
5261,603,28,15,6.98,104.7
5262,604,225,40,2.59,103.6
5263,604,480,67,7.0,469.0
5264,604,229,8,3.48,27.84
5265,604,296,47,7.92,372.24
5266,604,103,22,3.26,71.72
5267,604,136,20,3.59,71.8
5268,604,385,52,1.86,96.72
5269,605,338,19,1.18,22.42
5270,605,394,20,1.84,36.8
5271,605,73,70,3.46,242.2
5272,605,302,44,3.82,168.08
5273,605,65,36,3.73,134.28
5274,605,476,25,1.97,49.25
5275,605,148,30,2.97,89.1
5276,605,172,54,4.97,268.38
5277,605,48,68,3.42,232.56
5278,605,116,55,3.34,183.7
5279,605,497,9,1.97,17.73
5280,605,208,12,2.48,29.76
5281,606,247,55,2.78,152.9
5282,606,100,46,1.87,86.02
5283,606,297,42,7.87,330.54
5284,606,461,42,2.06,86.52
5285,606,169,37,2.78,102.86
5286,606,439,32,1.2,38.4
5287,606,61,49,4.58,224.42
5288,606,196,66,2.6,171.6
5289,607,176,24,2.96,71.04
5290,607,506,57,1.48,84.36
5291,607,145,26,1.99,51.74
5292,607,187,68,3.0,204.0
5293,607,436,67,1.01,67.67
5294,607,105,9,2.0,18.0
5295,607,515,62,1.95,120.9
5296,607,213,62,5.91,366.42
5297,607,166,27,3.97,107.19
5298,607,104,45,2.52,113.4
5299,608,315,39,1.43,55.77
5300,608,56,47,4.48,210.56
5301,608,446,18,2.15,38.7
5302,608,55,31,2.91,90.21
5303,608,24,31,4.62,143.22
5304,608,422,25,1.91,47.75
5305,608,379,29,1.56,45.24
5306,608,420,62,2.06,127.72
5307,608,195,58,3.23,187.34
5308,608,303,30,3.12,93.6
5309,608,60,18,6.04,108.72
5310,609,493,43,0.95,40.85
5311,609,338,43,1.18,50.74
5312,609,64,16,3.42,54.72
5313,609,270,16,2.41,38.56
5314,609,439,62,1.2,74.4
5315,609,220,51,3.09,157.59
5316,609,267,51,7.62,388.62
5317,609,27,61,2.66,162.26
5318,610,272,25,3.73,93.25
5319,610,183,8,4.64,37.12
5320,610,90,43,1.88,80.84
5321,610,346,11,1.12,12.32
5322,610,157,52,4.31,224.12
5323,610,432,22,6.27,137.94
5324,611,199,59,4.81,283.79
5325,611,29,61,4.2,256.2
5326,611,450,16,1.39,22.24
5327,611,403,57,0.98,55.86
5328,611,202,47,3.91,183.77
5329,611,488,21,7.29,153.09
5330,611,141,25,1.21,30.25
5331,611,84,37,2.48,91.76
5332,611,73,8,3.46,27.68
5333,611,211,55,4.72,259.6
5334,611,496,35,1.88,65.8
5335,612,272,25,3.73,93.25
5336,612,511,51,4.89,249.39
5337,612,19,13,5.1,66.3
5338,612,493,24,0.95,22.8
5339,612,93,51,3.39,172.89
5340,612,35,34,5.2,176.8
5341,612,375,12,1.58,18.96
5342,613,423,46,3.36,154.56
5343,613,91,30,1.22,36.6
5344,613,359,44,1.56,68.64
5345,613,117,66,2.52,166.32
5346,613,470,32,7.24,231.68
5347,613,5,48,3.08,147.84
5348,613,175,37,4.18,154.66
5349,613,343,69,1.49,102.81
5350,613,111,25,1.21,30.25
5351,614,360,70,1.9,133.0
5352,614,386,64,2.32,148.48
5353,614,325,54,1.5,81.0
5354,614,144,33,2.51,82.83
5355,614,19,69,5.1,351.9
5356,614,67,26,5.32,138.32
5357,614,192,36,5.16,185.76
5358,614,493,18,0.95,17.1
5359,614,132,51,2.09,106.59
5360,614,1,69,3.87,267.03
5361,614,161,52,2.27,118.04
5362,614,449,24,1.92,46.08
5363,615,45,53,4.17,221.01
5364,615,292,23,4.02,92.46
5365,615,259,42,3.59,150.78
5366,615,293,50,2.97,148.5
5367,615,432,31,6.27,194.37
5368,615,254,26,5.13,133.38
5369,615,81,56,1.27,71.12
5370,616,158,47,2.8,131.6
5371,616,25,10,3.46,34.6
5372,616,77,9,4.59,41.31
5373,616,360,29,1.9,55.1
5374,616,175,43,4.18,179.74
5375,616,94,34,2.58,87.72
5376,616,306,58,7.66,444.28
5377,616,13,37,4.82,178.34
5378,616,17,40,3.71,148.4
5379,616,467,27,1.11,29.97
5380,616,93,40,3.39,135.6
5381,616,151,27,2.62,70.74
5382,617,147,14,2.67,37.38
5383,617,466,34,1.97,66.98
5384,617,32,32,3.54,113.28
5385,617,416,69,3.42,235.98
5386,617,256,15,8.08,121.2
5387,617,312,37,2.3,85.1
5388,618,340,45,2.02,90.9
5389,618,425,36,1.94,69.84
5390,618,147,42,2.67,112.14
5391,618,138,40,3.17,126.8
5392,618,241,32,4.28,136.96
5393,618,122,32,2.09,66.88
5394,618,269,52,3.62,188.24
5395,619,82,9,2.12,19.08
5396,619,284,13,6.2,80.6
5397,619,111,65,1.21,78.65
5398,619,328,54,1.25,67.5
5399,619,443,26,2.12,55.12
5400,619,49,56,3.7,207.2
5401,620,29,55,4.2,231.0
5402,620,21,28,2.87,80.36
5403,620,406,49,1.92,94.08
5404,620,82,67,2.12,142.04
5405,620,485,52,6.75,351.0
5406,620,62,23,1.27,29.21
5407,620,325,8,1.5,12.0
5408,620,509,8,1.06,8.48
5409,620,111,59,1.21,71.39
5410,620,17,30,3.71,111.3
5411,621,225,25,2.59,64.75
5412,621,85,30,2.12,63.6
5413,621,69,44,3.06,134.64
5414,621,197,13,2.17,28.21
5415,621,81,26,1.27,33.02
5416,621,493,20,0.95,19.0
5417,621,418,44,2.01,88.44
5418,622,218,17,2.31,39.27
5419,622,456,45,6.85,308.25
5420,622,498,42,1.41,59.22
5421,622,319,44,1.45,63.8
5422,622,155,35,6.13,214.55
5423,622,353,36,1.56,56.16
5424,623,14,56,1.11,62.16
5425,623,63,61,1.04,63.44
5426,623,361,25,1.18,29.5
5427,623,440,37,6.67,246.79
5428,623,110,59,1.69,99.71
5429,623,241,68,4.28,291.04
5430,623,227,52,3.0,156.0
5431,624,29,65,4.2,273.0
5432,624,141,24,1.21,29.04
5433,624,48,12,3.42,41.04
5434,624,347,11,1.73,19.03
5435,624,428,45,1.0,45.0
5436,624,170,40,2.34,93.6
5437,624,439,36,1.2,43.2
5438,625,31,41,0.99,40.59
5439,625,197,44,2.17,95.48
5440,625,309,58,3.72,215.76
5441,625,102,50,2.09,104.5
5442,625,484,53,6.09,322.77
5443,626,102,16,2.09,33.44
5444,626,448,29,6.35,184.15
5445,626,95,59,2.06,121.54
5446,626,256,12,8.08,96.96
5447,626,385,40,1.86,74.4
5448,627,50,54,2.96,159.84
5449,627,90,64,1.88,120.32
5450,627,25,14,3.46,48.44
5451,627,476,14,1.97,27.58
5452,627,212,51,1.2,61.2
5453,627,264,35,5.6,196.0
5454,627,182,42,5.54,232.68
5455,627,32,44,3.54,155.76
5456,627,232,68,1.15,78.2
5457,628,210,29,2.86,82.94
5458,628,296,12,7.92,95.04
5459,628,340,70,2.02,141.4
5460,628,438,53,1.91,101.23
5461,628,400,41,2.65,108.65
5462,628,252,56,1.16,64.96
5463,628,479,17,6.19,105.23
5464,628,155,47,6.13,288.11
5465,628,86,20,3.72,74.4
5466,628,315,57,1.43,81.51
5467,628,165,28,4.71,131.88
5468,629,127,38,2.58,98.04
5469,629,63,51,1.04,53.04
5470,629,377,24,1.86,44.64
5471,629,299,47,3.6,169.2
5472,629,416,15,3.42,51.3
5473,629,264,37,5.6,207.2
5474,629,293,21,2.97,62.37
5475,629,223,51,6.37,324.87
5476,629,207,57,2.94,167.58
5477,629,499,26,1.85,48.1
5478,630,497,36,1.97,70.92
5479,630,196,49,2.6,127.4
5480,630,471,36,2.04,73.44
5481,630,160,26,2.92,75.92
5482,630,201,10,5.33,53.3
5483,630,425,30,1.94,58.2
5484,630,146,37,3.3,122.1
5485,631,147,9,2.67,24.03
5486,631,10,41,2.82,115.62
5487,631,292,35,4.02,140.7
5488,631,412,10,1.38,13.8
5489,631,472,47,1.26,59.22
5490,631,1,56,3.87,216.72
5491,631,463,54,7.51,405.54
5492,631,367,11,1.83,20.13
5493,631,33,67,3.6,241.2
5494,631,412,42,1.38,57.96
5495,631,124,30,2.55,76.5
5496,632,195,68,3.23,219.64
5497,632,443,43,2.12,91.16
5498,632,239,29,3.72,107.88
5499,632,368,55,1.23,67.65
5500,632,7,70,2.58,180.6
5501,632,404,43,1.88,80.84
5502,632,173,34,5.97,202.98
5503,632,409,14,3.52,49.28
5504,632,188,22,2.18,47.96
5505,632,279,56,3.37,188.72
5506,632,235,42,2.31,97.02
5507,633,127,38,2.58,98.04
5508,633,63,51,1.04,53.04
5509,633,377,24,1.86,44.64
5510,633,299,47,3.6,169.2
5511,633,416,15,3.42,51.3
5512,633,264,37,5.6,207.2
5513,633,293,21,2.97,62.37
5514,633,223,51,6.37,324.87
5515,633,207,57,2.94,167.58
5516,633,499,26,1.85,48.1
5517,634,378,12,1.17,14.04
5518,634,427,52,1.87,97.24
5519,634,404,35,1.88,65.8
5520,634,410,37,0.98,36.26
5521,634,458,57,1.4,79.8
5522,634,303,22,3.12,68.64
5523,634,420,47,2.06,96.82
5524,634,369,32,1.56,49.92
5525,634,162,10,6.47,64.7
5526,635,274,28,5.95,166.6
5527,635,508,70,1.5,105.0
5528,635,217,31,3.1,96.1
5529,635,324,40,1.05,42.0
5530,635,409,13,3.52,45.76
5531,635,444,16,1.08,17.28
5532,635,124,64,2.55,163.2
5533,635,376,16,1.14,18.24
5534,635,275,50,4.11,205.5
5535,635,423,40,3.36,134.4
5536,636,211,57,4.72,269.04
5537,636,200,12,5.84,70.08
5538,636,41,28,3.29,92.12
5539,636,112,48,2.35,112.8
5540,636,293,29,2.97,86.13
5541,636,94,46,2.58,118.68
5542,636,263,45,2.79,125.55
5543,636,253,65,5.55,360.75
5544,636,264,30,5.6,168.0
5545,637,480,29,7.0,203.0
5546,637,444,11,1.08,11.88
5547,637,177,35,3.11,108.85
5548,637,20,13,1.99,25.87
5549,637,109,57,1.99,113.43
5550,637,224,48,4.72,226.56
5551,637,360,38,1.9,72.2
5552,637,306,51,7.66,390.66
5553,637,364,8,1.05,8.4
5554,637,498,36,1.41,50.76
5555,638,162,10,6.47,64.7
5556,638,306,48,7.66,367.68
5557,638,274,45,5.95,267.75
5558,638,197,63,2.17,136.71
5559,638,343,38,1.49,56.62
5560,638,414,57,2.66,151.62
5561,638,122,68,2.09,142.12
5562,638,445,22,1.86,40.92
5563,638,178,64,2.97,190.08
5564,639,414,37,2.66,98.42
5565,639,333,60,1.55,93.0
5566,639,410,23,0.98,22.54
5567,639,513,11,1.88,20.68
5568,639,387,57,1.91,108.87
5569,639,442,59,1.53,90.27
5570,639,118,54,3.01,162.54
5571,640,151,51,2.62,133.62
5572,640,118,31,3.01,93.31
5573,640,51,54,5.09,274.86
5574,640,299,66,3.6,237.6
5575,640,296,34,7.92,269.28
5576,640,164,51,5.65,288.15
5577,640,104,68,2.52,171.36
5578,640,361,34,1.18,40.12
5579,640,316,11,1.15,12.65
5580,641,87,28,2.33,65.24
5581,641,143,33,3.73,123.09
5582,641,75,31,2.31,71.61
5583,641,195,69,3.23,222.87
5584,641,243,57,5.57,317.49
5585,641,471,53,2.04,108.12
5586,641,135,69,1.95,134.55
5587,641,108,42,3.14,131.88
5588,641,73,69,3.46,238.74
5589,641,329,67,1.47,98.49
5590,642,26,51,3.1,158.1
5591,642,220,62,3.09,191.58
5592,642,180,61,5.82,355.02
5593,642,45,59,4.17,246.03
5594,642,504,59,2.01,118.59
5595,642,436,56,1.01,56.56
5596,642,40,62,4.5,279.0
5597,642,512,12,2.1,25.2
5598,642,90,61,1.88,114.68
5599,642,333,32,1.55,49.6
5600,643,326,37,1.16,42.92
5601,643,392,12,2.08,24.96
5602,643,451,41,2.01,82.41
5603,643,347,69,1.73,119.37
5604,643,387,9,1.91,17.19
5605,643,404,63,1.88,118.44
5606,643,453,8,1.72,13.76
5607,643,110,15,1.69,25.35
5608,643,250,17,2.94,49.98
5609,643,254,23,5.13,117.99
5610,643,389,39,1.06,41.34
5611,643,439,31,1.2,37.2
5612,644,323,21,1.52,31.92
5613,644,294,19,5.56,105.64
5614,644,304,26,6.45,167.7
5615,644,207,24,2.94,70.56
5616,644,388,62,3.46,214.52
5617,644,104,38,2.52,95.76
5618,644,235,30,2.31,69.3
5619,644,488,9,7.29,65.61
5620,645,317,66,1.66,109.56
5621,645,46,58,1.16,67.28
5622,645,427,31,1.87,57.97
5623,645,10,32,2.82,90.24
5624,645,418,12,2.01,24.12
5625,645,491,13,1.95,25.35
5626,645,453,42,1.72,72.24
5627,645,393,32,2.51,80.32
5628,645,5,32,3.08,98.56
5629,645,257,69,8.22,567.18
5630,646,507,64,2.04,130.56
5631,646,18,61,3.02,184.22
5632,646,258,69,1.88,129.72
5633,646,177,32,3.11,99.52
5634,646,313,54,1.43,77.22
5635,646,133,29,3.37,97.73
5636,646,262,23,3.97,91.31
5637,646,487,28,1.29,36.12
5638,647,69,27,3.06,82.62
5639,647,346,69,1.12,77.28
5640,647,256,53,8.08,428.24
5641,647,92,28,2.18,61.04
5642,647,313,57,1.43,81.51
5643,647,355,25,1.41,35.25
5644,647,270,31,2.41,74.71
5645,647,415,14,1.92,26.88
5646,647,407,28,2.57,71.96
5647,647,69,32,3.06,97.92
5648,648,247,27,2.78,75.06
5649,648,40,27,4.5,121.5
5650,648,29,16,4.2,67.2
5651,648,50,11,2.96,32.56
5652,648,32,38,3.54,134.52
5653,648,198,17,5.72,97.24
5654,648,161,12,2.27,27.24
5655,649,347,18,1.73,31.14
5656,649,173,16,5.97,95.52
5657,649,291,18,6.71,120.78
5658,649,41,41,3.29,134.89
5659,649,261,18,6.54,117.72
5660,649,18,12,3.02,36.24
5661,649,13,18,4.82,86.76
5662,650,107,69,2.41,166.29
5663,650,292,12,4.02,48.24
5664,650,102,18,2.09,37.62
5665,650,22,13,3.87,50.31
5666,650,504,30,2.01,60.3
5667,650,325,66,1.5,99.0
5668,650,123,26,3.42,88.92
5669,651,486,18,1.92,34.56
5670,651,40,29,4.5,130.5
5671,651,284,31,6.2,192.2
5672,651,67,31,5.32,164.92
5673,651,264,59,5.6,330.4
5674,651,472,69,1.26,86.94
5675,651,29,25,4.2,105.0
5676,652,245,47,2.43,114.21
5677,652,316,62,1.15,71.3
5678,652,57,41,3.37,138.17
5679,652,178,10,2.97,29.7
5680,652,282,22,3.84,84.48
5681,652,73,30,3.46,103.8
5682,652,450,35,1.39,48.65
5683,652,36,58,1.85,107.3
5684,652,438,48,1.91,91.68
5685,652,507,32,2.04,65.28
5686,652,193,47,4.02,188.94
5687,653,493,29,0.95,27.55
5688,653,396,46,0.97,44.62
5689,653,80,16,3.4,54.4
5690,653,371,33,1.19,39.27
5691,653,385,51,1.86,94.86
5692,653,464,18,6.25,112.5
5693,653,355,58,1.41,81.78
5694,654,37,14,2.94,41.16
5695,654,36,9,1.85,16.65
5696,654,229,44,3.48,153.12
5697,654,181,59,4.88,287.92
5698,654,354,63,1.04,65.52
5699,654,265,23,4.13,94.99
5700,654,209,68,3.42,232.56
5701,654,31,35,0.99,34.65
5702,654,151,18,2.62,47.16
5703,654,216,43,4.37,187.91
5704,655,134,41,2.63,107.83
5705,655,219,42,3.66,153.72
5706,655,469,59,6.19,365.21
5707,655,312,38,2.3,87.4
5708,655,332,23,2.69,61.87
5709,656,13,9,4.82,43.38
5710,656,484,9,6.09,54.81
5711,656,283,9,3.01,27.09
5712,656,85,15,2.12,31.8
5713,656,458,65,1.4,91.0
5714,656,201,38,5.33,202.54
5715,656,54,30,3.77,113.1
5716,657,220,16,3.09,49.44
5717,657,429,37,1.79,66.23
5718,657,469,12,6.19,74.28
5719,657,340,41,2.02,82.82
5720,657,171,26,5.86,152.36
5721,657,215,56,2.41,134.96
5722,657,291,58,6.71,389.18
5723,657,167,35,2.94,102.9
5724,657,490,53,6.93,367.29
5725,657,100,28,1.87,52.36
5726,658,283,49,3.01,147.49
5727,658,135,39,1.95,76.05
5728,658,401,55,2.07,113.85
5729,658,430,58,1.99,115.42
5730,658,177,25,3.11,77.75
5731,658,62,65,1.27,82.55
5732,658,346,52,1.12,58.24
5733,658,456,50,6.85,342.5
5734,658,30,20,1.13,22.6
5735,659,199,40,4.81,192.4
5736,659,319,55,1.45,79.75
5737,659,242,48,1.16,55.68
5738,659,96,40,3.35,134.0
5739,659,275,21,4.11,86.31
5740,659,444,38,1.08,41.04
5741,659,68,68,2.12,144.16
5742,659,24,53,4.62,244.86
5743,659,4,34,2.0,68.0
5744,660,358,17,1.13,19.21
5745,660,267,59,7.62,449.58
5746,660,27,53,2.66,140.98
5747,660,109,69,1.99,137.31
5748,660,375,20,1.58,31.6
5749,660,306,30,7.66,229.8
5750,660,198,58,5.72,331.76
5751,661,343,39,1.49,58.11
5752,661,376,16,1.14,18.24
5753,661,403,17,0.98,16.66
5754,661,478,60,7.07,424.2
5755,661,358,38,1.13,42.94
5756,661,31,19,0.99,18.81
5757,661,86,55,3.72,204.6
5758,661,349,49,1.41,69.09
5759,662,80,60,3.4,204.0
5760,662,1,59,3.87,228.33
5761,662,61,33,4.58,151.14
5762,662,413,27,1.89,51.03
5763,662,495,67,4.98,333.66
5764,662,196,67,2.6,174.2
5765,662,275,58,4.11,238.38
5766,662,19,18,5.1,91.8
5767,662,378,42,1.17,49.14
5768,662,66,53,3.37,178.61
5769,662,170,60,2.34,140.4
5770,662,468,23,6.53,150.19
5771,663,452,14,1.06,14.84
5772,663,452,9,1.06,9.54
5773,663,282,42,3.84,161.28
5774,663,211,47,4.72,221.84
5775,663,248,56,2.31,129.36
5776,663,152,21,2.14,44.94
5777,663,379,19,1.56,29.64
5778,663,133,12,3.37,40.44
5779,664,388,22,3.46,76.12
5780,664,202,10,3.91,39.1
5781,664,255,43,2.35,101.05
5782,664,141,64,1.21,77.44
5783,664,110,13,1.69,21.97
5784,664,19,30,5.1,153.0
5785,664,121,48,1.21,58.08
5786,665,235,69,2.31,159.39
5787,665,198,36,5.72,205.92
5788,665,471,42,2.04,85.68
5789,665,337,48,1.82,87.36
5790,665,35,58,5.2,301.6
5791,665,98,36,3.11,111.96
5792,665,429,21,1.79,37.59
5793,666,392,24,2.08,49.92
5794,666,213,69,5.91,407.79
5795,666,110,26,1.69,43.94
5796,666,142,45,2.3,103.5
5797,666,275,55,4.11,226.05
5798,666,108,48,3.14,150.72
5799,666,430,30,1.99,59.7
5800,667,259,48,3.59,172.32
5801,667,476,17,1.97,33.49
5802,667,56,46,4.48,206.08
5803,667,134,9,2.63,23.67
5804,667,360,33,1.9,62.7
5805,667,334,43,0.99,42.57
5806,667,357,25,1.85,46.25
5807,667,144,15,2.51,37.65
5808,667,409,70,3.52,246.4
5809,667,286,70,7.94,555.8
5810,668,111,41,1.21,49.61
5811,668,502,33,1.85,61.05
5812,668,143,39,3.73,145.47
5813,668,96,39,3.35,130.65
5814,668,67,58,5.32,308.56
5815,668,125,16,1.88,30.08
5816,669,168,23,2.89,66.47
5817,669,357,9,1.85,16.65
5818,669,55,25,2.91,72.75
5819,669,54,8,3.77,30.16
5820,669,109,16,1.99,31.84
5821,669,429,18,1.79,32.22
5822,669,98,62,3.11,192.82
5823,669,35,51,5.2,265.2
5824,670,126,55,3.24,178.2
5825,670,354,33,1.04,34.32
5826,670,9,47,3.38,158.86
5827,670,370,59,2.1,123.9
5828,670,251,34,4.37,148.58
5829,670,251,42,4.37,183.54
5830,670,417,61,1.01,61.61
5831,670,102,16,2.09,33.44
5832,670,483,14,7.01,98.14
5833,671,420,55,2.06,113.3
5834,671,166,36,3.97,142.92
5835,671,501,65,0.96,62.4
5836,671,486,54,1.92,103.68
5837,671,309,38,3.72,141.36
5838,671,264,45,5.6,252.0
5839,671,259,40,3.59,143.6
5840,671,325,22,1.5,33.0
5841,671,148,58,2.97,172.26
5842,671,340,63,2.02,127.26
5843,672,212,26,1.2,31.2
5844,672,167,67,2.94,196.98
5845,672,424,31,1.07,33.17
5846,672,237,39,3.21,125.19
5847,672,366,39,1.2,46.8
5848,672,303,8,3.12,24.96
5849,672,16,44,3.74,164.56
5850,672,289,10,3.51,35.1
5851,673,183,56,4.64,259.84
5852,673,185,17,3.17,53.89
5853,673,367,29,1.83,53.07
5854,673,397,9,1.96,17.64
5855,673,182,36,5.54,199.44
5856,673,391,34,1.6,54.4
5857,673,83,41,3.29,134.89
5858,674,282,47,3.84,180.48
5859,674,110,30,1.69,50.7
5860,674,145,59,1.99,117.41
5861,674,159,42,2.86,120.12
5862,674,114,10,2.35,23.5
5863,674,357,53,1.85,98.05
5864,675,368,33,1.23,40.59
5865,675,355,23,1.41,32.43
5866,675,47,56,0.98,54.88
5867,675,158,18,2.8,50.4
5868,675,350,30,2.1,63.0
5869,675,422,54,1.91,103.14
5870,675,139,22,1.85,40.7
5871,675,455,66,1.19,78.54
5872,675,229,36,3.48,125.28
5873,675,259,20,3.59,71.8
5874,675,352,54,2.67,144.18
5875,676,425,52,1.94,100.88
5876,676,177,51,3.11,158.61
5877,676,59,11,2.45,26.95
5878,676,257,8,8.22,65.76
5879,676,344,37,0.94,34.78
5880,676,335,11,1.59,17.49
5881,676,280,44,2.44,107.36
5882,676,479,64,6.19,396.16
5883,676,248,25,2.31,57.75
5884,676,341,68,1.21,82.28
5885,677,511,50,4.89,244.5
5886,677,489,12,5.76,69.12
5887,677,245,24,2.43,58.32
5888,677,309,52,3.72,193.44
5889,677,303,64,3.12,199.68
5890,677,230,20,3.12,62.4
5891,677,212,62,1.2,74.4
5892,677,25,22,3.46,76.12
5893,678,147,64,2.67,170.88
5894,678,49,44,3.7,162.8
5895,678,433,35,1.99,69.65
5896,678,57,54,3.37,181.98
5897,678,195,27,3.23,87.21
5898,678,279,63,3.37,212.31
5899,678,73,16,3.46,55.36
5900,678,419,49,1.38,67.62
5901,678,211,39,4.72,184.08
5902,678,218,51,2.31,117.81
5903,678,423,25,3.36,84.0
5904,679,388,22,3.46,76.12
5905,679,202,10,3.91,39.1
5906,679,255,43,2.35,101.05
5907,679,141,64,1.21,77.44
5908,679,110,13,1.69,21.97
5909,679,19,30,5.1,153.0
5910,679,121,48,1.21,58.08
5911,680,371,37,1.19,44.03
5912,680,254,67,5.13,343.71
5913,680,70,69,4.31,297.39
5914,680,42,24,3.22,77.28
5915,680,13,23,4.82,110.86
5916,680,327,30,1.91,57.3
5917,680,504,20,2.01,40.2
5918,680,432,61,6.27,382.47
5919,680,97,25,2.35,58.75
5920,680,286,63,7.94,500.22
5921,680,43,31,2.65,82.15
5922,680,227,62,3.0,186.0
5923,681,181,44,4.88,214.72
5924,681,42,32,3.22,103.04
5925,681,131,48,1.14,54.72
5926,681,455,29,1.19,34.51
5927,681,41,17,3.29,55.93
5928,681,246,41,4.76,195.16
5929,681,168,43,2.89,124.27
5930,681,297,32,7.87,251.84
5931,681,366,42,1.2,50.4
5932,681,3,16,5.82,93.12
5933,681,330,29,1.97,57.13
5934,682,121,15,1.21,18.15
5935,682,44,25,6.97,174.25
5936,682,181,20,4.88,97.6
5937,682,164,46,5.65,259.9
5938,682,117,24,2.52,60.48
5939,683,68,33,2.12,69.96
5940,683,388,50,3.46,173.0
5941,683,426,19,1.43,27.17
5942,683,317,12,1.66,19.92
5943,683,130,31,1.93,59.83
5944,683,390,15,2.01,30.15
5945,683,77,21,4.59,96.39
5946,683,15,46,1.06,48.76
5947,683,75,50,2.31,115.5
5948,683,510,41,2.09,85.69
5949,683,417,31,1.01,31.31
5950,684,488,53,7.29,386.37
5951,684,102,29,2.09,60.61
5952,684,152,25,2.14,53.5
5953,684,142,64,2.3,147.2
5954,684,284,41,6.2,254.2
5955,684,512,37,2.1,77.7
5956,684,395,61,3.58,218.38
5957,684,33,47,3.6,169.2
5958,685,40,47,4.5,211.5
5959,685,268,46,2.08,95.68
5960,685,56,68,4.48,304.64
5961,685,489,29,5.76,167.04
5962,685,167,46,2.94,135.24
5963,685,29,41,4.2,172.2
5964,685,468,25,6.53,163.25
5965,685,164,39,5.65,220.35
5966,685,241,33,4.28,141.24
5967,685,513,11,1.88,20.68
5968,685,38,23,4.18,96.14
5969,685,195,12,3.23,38.76
5970,686,506,9,1.48,13.32
5971,686,173,60,5.97,358.2
5972,686,246,56,4.76,266.56
5973,686,234,48,4.78,229.44
5974,686,175,39,4.18,163.02
5975,686,127,64,2.58,165.12
5976,686,350,42,2.1,88.2
5977,686,164,27,5.65,152.55
5978,687,347,18,1.73,31.14
5979,687,173,16,5.97,95.52
5980,687,291,18,6.71,120.78
5981,687,41,41,3.29,134.89
5982,687,261,18,6.54,117.72
5983,687,18,12,3.02,36.24
5984,687,13,18,4.82,86.76
5985,688,436,61,1.01,61.61
5986,688,113,38,3.49,132.62
5987,688,57,57,3.37,192.09
5988,688,212,54,1.2,64.8
5989,688,366,26,1.2,31.2
5990,689,372,64,2.68,171.52
5991,689,69,63,3.06,192.78
5992,689,247,46,2.78,127.88
5993,689,244,51,5.16,263.16
5994,689,294,9,5.56,50.04
5995,689,363,60,1.38,82.8
5996,689,185,29,3.17,91.93
5997,689,433,45,1.99,89.55
5998,689,225,36,2.59,93.24
5999,690,380,32,1.95,62.4
6000,690,31,33,0.99,32.67
6001,690,261,60,6.54,392.4
6002,690,121,36,1.21,43.56
6003,690,478,43,7.07,304.01
6004,690,206,29,4.6,133.4
6005,690,183,56,4.64,259.84
6006,690,429,24,1.79,42.96
6007,690,229,10,3.48,34.8
6008,690,391,31,1.6,49.6
6009,691,181,18,4.88,87.84
6010,691,94,9,2.58,23.22
6011,691,371,38,1.19,45.22
6012,691,262,10,3.97,39.7
6013,691,156,14,4.99,69.86
6014,691,30,16,1.13,18.08
6015,691,393,66,2.51,165.66
6016,691,216,12,4.37,52.44
6017,692,341,12,1.21,14.52
6018,692,477,10,1.19,11.9
6019,692,5,31,3.08,95.48
6020,692,185,62,3.17,196.54
6021,692,160,18,2.92,52.56
6022,692,54,65,3.77,245.05
6023,692,515,8,1.95,15.6
6024,692,499,27,1.85,49.95
6025,692,142,56,2.3,128.8
6026,693,15,26,1.06,27.56
6027,693,465,60,7.26,435.6
6028,693,76,60,6.42,385.2
6029,693,272,39,3.73,145.47
6030,693,227,32,3.0,96.0
6031,693,88,26,3.02,78.52
6032,693,496,37,1.88,69.56
6033,693,350,68,2.1,142.8
6034,693,384,57,1.48,84.36
6035,694,360,70,1.9,133.0
6036,694,386,64,2.32,148.48
6037,694,325,54,1.5,81.0
6038,694,144,33,2.51,82.83
6039,694,19,69,5.1,351.9
6040,694,67,26,5.32,138.32
6041,694,192,36,5.16,185.76
6042,694,493,18,0.95,17.1
6043,694,132,51,2.09,106.59
6044,694,1,69,3.87,267.03
6045,694,161,52,2.27,118.04
6046,694,449,24,1.92,46.08
6047,695,462,49,1.19,58.31
6048,695,320,36,1.98,71.28
6049,695,404,31,1.88,58.28
6050,695,383,19,2.15,40.85
6051,695,73,45,3.46,155.7
6052,695,446,40,2.15,86.0
6053,695,124,41,2.55,104.55
6054,695,106,53,3.46,183.38
6055,695,478,65,7.07,459.55
6056,695,377,31,1.86,57.66
6057,695,306,51,7.66,390.66
6058,695,219,65,3.66,237.9
6059,696,469,47,6.19,290.93
6060,696,119,23,1.93,44.39
6061,696,463,70,7.51,525.7
6062,696,15,65,1.06,68.9
6063,696,174,33,5.12,168.96
6064,696,188,22,2.18,47.96
6065,696,403,61,0.98,59.78
6066,696,3,51,5.82,296.82
6067,696,417,47,1.01,47.47
6068,696,310,46,2.6,119.6
6069,697,55,21,2.91,61.11
6070,697,130,20,1.93,38.6
6071,697,146,36,3.3,118.8
6072,697,265,47,4.13,194.11
6073,697,30,57,1.13,64.41
6074,697,74,68,3.12,212.16
6075,697,109,38,1.99,75.62
6076,697,121,35,1.21,42.35
6077,697,401,49,2.07,101.43
6078,697,428,16,1.0,16.0
6079,698,80,27,3.4,91.8
6080,698,235,57,2.31,131.67
6081,698,299,13,3.6,46.8
6082,698,395,44,3.58,157.52
6083,698,434,23,1.44,33.12
6084,698,224,29,4.72,136.88
6085,698,445,53,1.86,98.58
6086,698,488,23,7.29,167.67
6087,698,107,43,2.41,103.63
6088,698,512,36,2.1,75.6
6089,699,7,15,2.58,38.7
6090,699,473,32,6.72,215.04
6091,699,176,20,2.96,59.2
6092,699,192,24,5.16,123.84
6093,699,75,62,2.31,143.22
6094,699,236,67,4.72,316.24
6095,699,297,22,7.87,173.14
6096,700,515,18,1.95,35.1
6097,700,161,11,2.27,24.97
6098,700,65,14,3.73,52.22
6099,700,165,66,4.71,310.86
6100,700,70,11,4.31,47.41
6101,700,12,54,6.15,332.1
6102,701,116,67,3.34,223.78
6103,701,192,51,5.16,263.16
6104,701,38,36,4.18,150.48
6105,701,1,22,3.87,85.14
6106,701,112,62,2.35,145.7
6107,701,201,25,5.33,133.25
6108,701,246,56,4.76,266.56
6109,701,284,32,6.2,198.4
6110,701,173,33,5.97,197.01
6111,702,393,9,2.51,22.59
6112,702,213,55,5.91,325.05
6113,702,169,47,2.78,130.66
6114,702,394,9,1.84,16.56
6115,702,12,27,6.15,166.05
6116,703,454,9,2.03,18.27
6117,703,154,49,5.3,259.7
6118,703,234,12,4.78,57.36
6119,703,283,64,3.01,192.64
6120,703,330,54,1.97,106.38
6121,703,45,35,4.17,145.95
6122,704,496,13,1.88,24.44
6123,704,66,66,3.37,222.42
6124,704,1,52,3.87,201.24
6125,704,143,31,3.73,115.63
6126,704,114,12,2.35,28.2
6127,704,372,69,2.68,184.92
6128,704,343,15,1.49,22.35
6129,704,495,42,4.98,209.16
6130,704,159,34,2.86,97.24
6131,704,435,32,2.07,66.24
6132,705,112,70,2.35,164.5
6133,705,295,41,3.94,161.54
6134,705,429,44,1.79,78.76
6135,705,109,29,1.99,57.71
6136,705,25,20,3.46,69.2
6137,705,456,38,6.85,260.3
6138,706,51,52,5.09,264.68
6139,706,456,37,6.85,253.45
6140,706,179,63,2.07,130.41
6141,706,256,24,8.08,193.92
6142,706,58,24,3.07,73.68
6143,706,209,30,3.42,102.6
6144,706,279,42,3.37,141.54
6145,706,399,20,2.09,41.8
6146,706,454,20,2.03,40.6
6147,707,69,27,3.06,82.62
6148,707,346,69,1.12,77.28
6149,707,256,53,8.08,428.24
6150,707,92,28,2.18,61.04
6151,707,313,57,1.43,81.51
6152,707,355,25,1.41,35.25
6153,707,270,31,2.41,74.71
6154,707,415,14,1.92,26.88
6155,707,407,28,2.57,71.96
6156,707,69,32,3.06,97.92
6157,708,487,50,1.29,64.5
6158,708,365,45,1.51,67.95
6159,708,12,22,6.15,135.3
6160,708,177,10,3.11,31.1
6161,708,195,28,3.23,90.44
6162,708,8,16,4.63,74.08
6163,709,420,70,2.06,144.2
6164,709,63,63,1.04,65.52
6165,709,513,51,1.88,95.88
6166,709,387,35,1.91,66.85
6167,709,362,51,2.56,130.56
6168,709,4,36,2.0,72.0
6169,709,121,70,1.21,84.7
6170,709,278,43,2.03,87.29
6171,709,188,56,2.18,122.08
6172,710,383,64,2.15,137.6
6173,710,275,37,4.11,152.07
6174,710,496,36,1.88,67.68
6175,710,18,54,3.02,163.08
6176,710,58,15,3.07,46.05
6177,710,229,51,3.48,177.48
6178,710,227,58,3.0,174.0
6179,710,335,65,1.59,103.35
6180,710,306,36,7.66,275.76
6181,710,295,39,3.94,153.66
6182,710,344,30,0.94,28.2
6183,711,439,18,1.2,21.6
6184,711,250,14,2.94,41.16
6185,711,301,21,7.08,148.68
6186,711,140,61,1.66,101.26
6187,711,512,36,2.1,75.6
6188,711,469,46,6.19,284.74
6189,711,11,27,2.55,68.85
6190,711,220,65,3.09,200.85
6191,711,137,25,2.59,64.75
6192,712,58,17,3.07,52.19
6193,712,354,21,1.04,21.84
6194,712,347,60,1.73,103.8
6195,712,246,65,4.76,309.4
6196,712,335,38,1.59,60.42
6197,712,211,28,4.72,132.16
6198,712,255,16,2.35,37.6
6199,712,371,36,1.19,42.84
6200,712,213,22,5.91,130.02
6201,712,165,32,4.71,150.72
6202,712,2,14,3.09,43.26
6203,713,127,38,2.58,98.04
6204,713,63,51,1.04,53.04
6205,713,377,24,1.86,44.64
6206,713,299,47,3.6,169.2
6207,713,416,15,3.42,51.3
6208,713,264,37,5.6,207.2
6209,713,293,21,2.97,62.37
6210,713,223,51,6.37,324.87
6211,713,207,57,2.94,167.58
6212,713,499,26,1.85,48.1
6213,714,205,32,2.92,93.44
6214,714,359,33,1.56,51.48
6215,714,513,42,1.88,78.96
6216,714,98,26,3.11,80.86
6217,714,140,24,1.66,39.84
6218,714,132,19,2.09,39.71
6219,714,34,69,3.03,209.07
6220,715,386,15,2.32,34.8
6221,715,276,29,7.91,229.39
6222,715,196,23,2.6,59.8
6223,715,466,51,1.97,100.47
6224,715,120,15,1.68,25.2
6225,715,357,19,1.85,35.15
6226,715,112,25,2.35,58.75
6227,716,421,68,2.57,174.76
6228,716,502,50,1.85,92.5
6229,716,239,51,3.72,189.72
6230,716,10,53,2.82,149.46
6231,716,216,32,4.37,139.84
6232,716,351,62,1.14,70.68
6233,716,24,43,4.62,198.66
6234,716,425,35,1.94,67.9
6235,716,456,56,6.85,383.6
6236,716,84,54,2.48,133.92
6237,717,352,58,2.67,154.86
6238,717,253,22,5.55,122.1
6239,717,246,65,4.76,309.4
6240,717,436,26,1.01,26.26
6241,717,187,17,3.0,51.0
6242,718,388,57,3.46,197.22
6243,718,288,59,1.99,117.41
6244,718,244,18,5.16,92.88
6245,718,417,60,1.01,60.6
6246,718,326,62,1.16,71.92
6247,718,56,25,4.48,112.0
6248,718,20,8,1.99,15.92
6249,718,426,43,1.43,61.49
6250,718,431,22,1.26,27.72
6251,719,134,41,2.63,107.83
6252,719,219,42,3.66,153.72
6253,719,469,59,6.19,365.21
6254,719,312,38,2.3,87.4
6255,719,332,23,2.69,61.87
6256,720,43,30,2.65,79.5
6257,720,142,22,2.3,50.6
6258,720,132,26,2.09,54.34
6259,720,363,12,1.38,16.56
6260,720,400,44,2.65,116.6
6261,721,282,47,3.84,180.48
6262,721,110,30,1.69,50.7
6263,721,145,59,1.99,117.41
6264,721,159,42,2.86,120.12
6265,721,114,10,2.35,23.5
6266,721,357,53,1.85,98.05
6267,722,225,25,2.59,64.75
6268,722,85,30,2.12,63.6
6269,722,69,44,3.06,134.64
6270,722,197,13,2.17,28.21
6271,722,81,26,1.27,33.02
6272,722,493,20,0.95,19.0
6273,722,418,44,2.01,88.44
6274,723,420,55,2.06,113.3
6275,723,166,36,3.97,142.92
6276,723,501,65,0.96,62.4
6277,723,486,54,1.92,103.68
6278,723,309,38,3.72,141.36
6279,723,264,45,5.6,252.0
6280,723,259,40,3.59,143.6
6281,723,325,22,1.5,33.0
6282,723,148,58,2.97,172.26
6283,723,340,63,2.02,127.26
6284,724,362,14,2.56,35.84
6285,724,479,44,6.19,272.36
6286,724,37,57,2.94,167.58
6287,724,116,28,3.34,93.52
6288,724,102,63,2.09,131.67
6289,724,153,64,5.6,358.4
6290,724,225,44,2.59,113.96
6291,724,208,53,2.48,131.44
6292,724,389,69,1.06,73.14
6293,725,501,64,0.96,61.44
6294,725,111,61,1.21,73.81
6295,725,222,64,1.12,71.68
6296,725,217,19,3.1,58.9
6297,725,130,46,1.93,88.78
6298,725,498,29,1.41,40.89
6299,725,109,32,1.99,63.68
6300,725,70,31,4.31,133.61
6301,725,345,21,1.56,32.76
6302,726,55,43,2.91,125.13
6303,726,140,52,1.66,86.32
6304,726,471,14,2.04,28.56
6305,726,111,8,1.21,9.68
6306,726,121,52,1.21,62.92
6307,726,264,21,5.6,117.6
6308,726,25,44,3.46,152.24
6309,726,343,40,1.49,59.6
6310,726,157,46,4.31,198.26
6311,726,32,56,3.54,198.24
6312,726,405,30,1.42,42.6
6313,727,328,16,1.25,20.0
6314,727,8,57,4.63,263.91
6315,727,164,49,5.65,276.85
6316,727,82,30,2.12,63.6
6317,727,435,62,2.07,128.34
6318,727,176,40,2.96,118.4
6319,727,274,12,5.95,71.4
6320,727,62,49,1.27,62.23
6321,727,406,56,1.92,107.52
6322,727,158,57,2.8,159.6
6323,728,124,21,2.55,53.55
6324,728,396,61,0.97,59.17
6325,728,260,38,2.42,91.96
6326,728,83,45,3.29,148.05
6327,728,352,10,2.67,26.7
6328,728,102,37,2.09,77.33
6329,728,70,57,4.31,245.67
6330,728,256,61,8.08,492.88
6331,728,24,48,4.62,221.76
6332,728,417,37,1.01,37.37
6333,728,323,66,1.52,100.32
6334,729,452,14,1.06,14.84
6335,729,452,9,1.06,9.54
6336,729,282,42,3.84,161.28
6337,729,211,47,4.72,221.84
6338,729,248,56,2.31,129.36
6339,729,152,21,2.14,44.94
6340,729,379,19,1.56,29.64
6341,729,133,12,3.37,40.44
6342,730,141,12,1.21,14.52
6343,730,190,55,4.87,267.85
6344,730,468,65,6.53,424.45
6345,730,318,46,1.22,56.12
6346,730,132,53,2.09,110.77
6347,730,264,46,5.6,257.6
6348,730,61,37,4.58,169.46
6349,730,294,35,5.56,194.6
6350,731,249,40,3.49,139.6
6351,731,2,12,3.09,37.08
6352,731,370,52,2.1,109.2
6353,731,26,23,3.1,71.3
6354,731,181,41,4.88,200.08
6355,732,220,53,3.09,163.77
6356,732,254,8,5.13,41.04
6357,732,33,37,3.6,133.2
6358,732,347,18,1.73,31.14
6359,732,292,46,4.02,184.92
6360,733,93,41,3.39,138.99
6361,733,141,29,1.21,35.09
6362,733,415,63,1.92,120.96
6363,733,137,34,2.59,88.06
6364,733,57,29,3.37,97.73
6365,733,259,35,3.59,125.65
6366,733,294,16,5.56,88.96
6367,734,392,13,2.08,27.04
6368,734,93,18,3.39,61.02
6369,734,80,57,3.4,193.8
6370,734,274,39,5.95,232.05
6371,734,296,14,7.92,110.88
6372,734,391,55,1.6,88.0
6373,734,468,8,6.53,52.24
6374,735,184,62,3.83,237.46
6375,735,378,65,1.17,76.05
6376,735,60,65,6.04,392.6
6377,735,340,54,2.02,109.08
6378,735,478,40,7.07,282.8
6379,735,154,8,5.3,42.4
6380,735,333,31,1.55,48.05
6381,735,412,47,1.38,64.86
6382,736,69,35,3.06,107.1
6383,736,59,44,2.45,107.8
6384,736,416,46,3.42,157.32
6385,736,202,66,3.91,258.06
6386,736,501,17,0.96,16.32
6387,737,378,12,1.17,14.04
6388,737,427,52,1.87,97.24
6389,737,404,35,1.88,65.8
6390,737,410,37,0.98,36.26
6391,737,458,57,1.4,79.8
6392,737,303,22,3.12,68.64
6393,737,420,47,2.06,96.82
6394,737,369,32,1.56,49.92
6395,737,162,10,6.47,64.7
6396,738,267,31,7.62,236.22
6397,738,202,38,3.91,148.58
6398,738,279,11,3.37,37.07
6399,738,502,15,1.85,27.75
6400,738,454,11,2.03,22.33
6401,738,231,14,4.48,62.72
6402,738,326,58,1.16,67.28
6403,738,503,40,4.67,186.8
6404,738,9,45,3.38,152.1
6405,738,100,34,1.87,63.58
6406,738,262,53,3.97,210.41
6407,738,155,62,6.13,380.06
6408,739,176,24,2.96,71.04
6409,739,506,57,1.48,84.36
6410,739,145,26,1.99,51.74
6411,739,187,68,3.0,204.0
6412,739,436,67,1.01,67.67
6413,739,105,9,2.0,18.0
6414,739,515,62,1.95,120.9
6415,739,213,62,5.91,366.42
6416,739,166,27,3.97,107.19
6417,739,104,45,2.52,113.4
6418,740,437,51,1.91,97.41
6419,740,121,48,1.21,58.08
6420,740,478,42,7.07,296.94
6421,740,340,62,2.02,125.24
6422,740,113,25,3.49,87.25
6423,740,207,29,2.94,85.26
6424,740,33,23,3.6,82.8
6425,740,188,50,2.18,109.0
6426,741,122,34,2.09,71.06
6427,741,234,52,4.78,248.56
6428,741,281,16,7.14,114.24
6429,741,205,16,2.92,46.72
6430,741,329,42,1.47,61.74
6431,741,226,40,4.25,170.0
6432,741,183,66,4.64,306.24
6433,741,122,12,2.09,25.08
6434,741,106,10,3.46,34.6
6435,741,476,34,1.97,66.98
6436,742,488,53,7.29,386.37
6437,742,102,29,2.09,60.61
6438,742,152,25,2.14,53.5
6439,742,142,64,2.3,147.2
6440,742,284,41,6.2,254.2
6441,742,512,37,2.1,77.7
6442,742,395,61,3.58,218.38
6443,742,33,47,3.6,169.2
6444,743,502,46,1.85,85.1
6445,743,262,24,3.97,95.28
6446,743,87,24,2.33,55.92
6447,743,102,39,2.09,81.51
6448,743,74,32,3.12,99.84
6449,743,311,66,1.17,77.22
6450,743,21,20,2.87,57.4
6451,743,501,17,0.96,16.32
6452,743,261,31,6.54,202.74
6453,743,93,64,3.39,216.96
6454,743,464,62,6.25,387.5
6455,744,248,39,2.31,90.09
6456,744,347,62,1.73,107.26
6457,744,13,46,4.82,221.72
6458,744,304,55,6.45,354.75
6459,744,238,22,2.48,54.56
6460,744,242,53,1.16,61.48
6461,744,88,32,3.02,96.64
6462,744,27,58,2.66,154.28
6463,745,244,53,5.16,273.48
6464,745,111,55,1.21,66.55
6465,745,271,33,7.32,241.56
6466,745,503,37,4.67,172.79
6467,745,465,68,7.26,493.68
6468,745,323,55,1.52,83.6
6469,745,356,51,1.14,58.14
6470,745,292,66,4.02,265.32
6471,746,86,22,3.72,81.84
6472,746,514,43,1.51,64.93
6473,746,400,46,2.65,121.9
6474,746,217,14,3.1,43.4
6475,746,126,40,3.24,129.6
6476,746,101,14,1.22,17.08
6477,747,393,39,2.51,97.89
6478,747,493,65,0.95,61.75
6479,747,158,35,2.8,98.0
6480,747,71,17,2.66,45.22
6481,747,403,18,0.98,17.64
6482,747,220,19,3.09,58.71
6483,747,487,47,1.29,60.63
6484,747,282,46,3.84,176.64
6485,747,308,64,1.89,120.96
6486,747,499,26,1.85,48.1
6487,747,354,54,1.04,56.16
6488,748,225,40,2.59,103.6
6489,748,480,67,7.0,469.0
6490,748,229,8,3.48,27.84
6491,748,296,47,7.92,372.24
6492,748,103,22,3.26,71.72
6493,748,136,20,3.59,71.8
6494,748,385,52,1.86,96.72
6495,749,220,53,3.09,163.77
6496,749,254,8,5.13,41.04
6497,749,33,37,3.6,133.2
6498,749,347,18,1.73,31.14
6499,749,292,46,4.02,184.92
6500,750,186,56,2.86,160.16
6501,750,99,42,1.88,78.96
6502,750,349,46,1.41,64.86
6503,750,160,38,2.92,110.96
6504,750,204,40,2.78,111.2
6505,750,91,28,1.22,34.16
6506,750,432,55,6.27,344.85
6507,750,291,47,6.71,315.37
6508,750,38,56,4.18,234.08
6509,751,5,44,3.08,135.52
6510,751,398,42,1.48,62.16
6511,751,409,49,3.52,172.48
6512,751,221,23,4.39,100.97
6513,751,309,42,3.72,156.24
6514,751,351,57,1.14,64.98
6515,751,105,52,2.0,104.0
6516,751,461,24,2.06,49.44
6517,751,146,65,3.3,214.5
6518,751,33,44,3.6,158.4
6519,751,169,64,2.78,177.92
6520,752,416,57,3.42,194.94
6521,752,429,47,1.79,84.13
6522,752,51,27,5.09,137.43
6523,752,390,12,2.01,24.12
6524,752,56,26,4.48,116.48
6525,752,210,47,2.86,134.42
6526,752,292,48,4.02,192.96
6527,752,216,19,4.37,83.03
6528,753,125,18,1.88,33.84
6529,753,49,61,3.7,225.7
6530,753,428,40,1.0,40.0
6531,753,486,64,1.92,122.88
6532,753,377,25,1.86,46.5
6533,753,99,57,1.88,107.16
6534,753,53,16,2.85,45.6
6535,753,82,58,2.12,122.96
6536,754,513,13,1.88,24.44
6537,754,216,61,4.37,266.57
6538,754,272,34,3.73,126.82
6539,754,377,26,1.86,48.36
6540,754,243,38,5.57,211.66
6541,754,345,8,1.56,12.48
6542,754,76,24,6.42,154.08
6543,755,168,23,2.89,66.47
6544,755,357,9,1.85,16.65
6545,755,55,25,2.91,72.75
6546,755,54,8,3.77,30.16
6547,755,109,16,1.99,31.84
6548,755,429,18,1.79,32.22
6549,755,98,62,3.11,192.82
6550,755,35,51,5.2,265.2
6551,756,186,62,2.86,177.32
6552,756,161,54,2.27,122.58
6553,756,78,67,1.22,81.74
6554,756,151,30,2.62,78.6
6555,756,290,18,2.54,45.72
6556,756,65,57,3.73,212.61
6557,756,424,13,1.07,13.91
6558,757,118,25,3.01,75.25
6559,757,171,13,5.86,76.18
6560,757,416,21,3.42,71.82
6561,757,124,12,2.55,30.6
6562,757,154,65,5.3,344.5
6563,757,61,60,4.58,274.8
6564,757,257,69,8.22,567.18
6565,757,193,42,4.02,168.84
6566,757,343,68,1.49,101.32
6567,757,51,47,5.09,239.23
6568,757,415,33,1.92,63.36
6569,757,100,52,1.87,97.24
6570,758,515,18,1.95,35.1
6571,758,161,11,2.27,24.97
6572,758,65,14,3.73,52.22
6573,758,165,66,4.71,310.86
6574,758,70,11,4.31,47.41
6575,758,12,54,6.15,332.1
6576,759,210,29,2.86,82.94
6577,759,296,12,7.92,95.04
6578,759,340,70,2.02,141.4
6579,759,438,53,1.91,101.23
6580,759,400,41,2.65,108.65
6581,759,252,56,1.16,64.96
6582,759,479,17,6.19,105.23
6583,759,155,47,6.13,288.11
6584,759,86,20,3.72,74.4
6585,759,315,57,1.43,81.51
6586,759,165,28,4.71,131.88
6587,760,363,48,1.38,66.24
6588,760,374,17,1.07,18.19
6589,760,341,61,1.21,73.81
6590,760,129,27,1.89,51.03
6591,760,1,19,3.87,73.53
6592,760,320,37,1.98,73.26
6593,760,261,40,6.54,261.6
6594,760,161,27,2.27,61.29
6595,760,31,38,0.99,37.62
6596,760,299,56,3.6,201.6
6597,760,229,65,3.48,226.2
6598,760,449,60,1.92,115.2
6599,761,242,15,1.16,17.4
6600,761,112,14,2.35,32.9
6601,761,453,24,1.72,41.28
6602,761,372,11,2.68,29.48
6603,761,329,50,1.47,73.5
6604,761,123,48,3.42,164.16
6605,761,185,43,3.17,136.31
6606,762,251,29,4.37,126.73
6607,762,142,26,2.3,59.8
6608,762,320,24,1.98,47.52
6609,762,97,57,2.35,133.95
6610,762,301,30,7.08,212.4
6611,762,288,28,1.99,55.72
6612,762,378,54,1.17,63.18
6613,762,15,64,1.06,67.84
6614,762,45,13,4.17,54.21
6615,762,74,46,3.12,143.52
6616,762,441,67,1.92,128.64
6617,763,448,24,6.35,152.4
6618,763,323,10,1.52,15.2
6619,763,478,11,7.07,77.77
6620,763,61,57,4.58,261.06
6621,763,74,17,3.12,53.04
6622,763,118,38,3.01,114.38
6623,763,415,30,1.92,57.6
6624,763,137,38,2.59,98.42
6625,763,26,54,3.1,167.4
6626,764,349,16,1.41,22.56
6627,764,204,18,2.78,50.04
6628,764,471,58,2.04,118.32
6629,764,338,62,1.18,73.16
6630,764,154,52,5.3,275.6
6631,764,425,34,1.94,65.96
6632,764,240,33,3.15,103.95
6633,764,323,45,1.52,68.4
6634,764,491,13,1.95,25.35
6635,765,301,35,7.08,247.8
6636,765,438,57,1.91,108.87
6637,765,327,10,1.91,19.1
6638,765,224,66,4.72,311.52
6639,765,181,33,4.88,161.04
6640,765,267,53,7.62,403.86
6641,766,459,61,1.86,113.46
6642,766,88,23,3.02,69.46
6643,766,321,46,1.13,51.98
6644,766,293,10,2.97,29.7
6645,766,198,36,5.72,205.92
6646,766,216,66,4.37,288.42
6647,766,5,47,3.08,144.76
6648,766,83,49,3.29,161.21
6649,767,298,32,1.94,62.08
6650,767,475,46,7.13,327.98
6651,767,415,46,1.92,88.32
6652,767,507,19,2.04,38.76
6653,767,155,17,6.13,104.21
6654,767,378,41,1.17,47.97
6655,767,167,31,2.94,91.14
6656,767,88,11,3.02,33.22
6657,767,24,44,4.62,203.28
6658,767,323,61,1.52,92.72
6659,767,457,41,1.84,75.44
6660,767,247,42,2.78,116.76
6661,768,338,19,1.18,22.42
6662,768,394,20,1.84,36.8
6663,768,73,70,3.46,242.2
6664,768,302,44,3.82,168.08
6665,768,65,36,3.73,134.28
6666,768,476,25,1.97,49.25
6667,768,148,30,2.97,89.1
6668,768,172,54,4.97,268.38
6669,768,48,68,3.42,232.56
6670,768,116,55,3.34,183.7
6671,768,497,9,1.97,17.73
6672,768,208,12,2.48,29.76
6673,769,476,58,1.97,114.26
6674,769,157,41,4.31,176.71
6675,769,498,39,1.41,54.99
6676,769,353,44,1.56,68.64
6677,769,479,54,6.19,334.26
6678,769,86,47,3.72,174.84
6679,769,402,9,3.33,29.97
6680,770,313,52,1.43,74.36
6681,770,494,37,1.97,72.89
6682,770,75,41,2.31,94.71
6683,770,475,34,7.13,242.42
6684,770,3,69,5.82,401.58
6685,770,164,54,5.65,305.1
6686,770,452,51,1.06,54.06
6687,771,343,15,1.49,22.35
6688,771,467,13,1.11,14.43
6689,771,133,39,3.37,131.43
6690,771,461,56,2.06,115.36
6691,771,354,52,1.04,54.08
6692,772,49,45,3.7,166.5
6693,772,393,19,2.51,47.69
6694,772,94,25,2.58,64.5
6695,772,231,63,4.48,282.24
6696,772,175,27,4.18,112.86
6697,772,34,50,3.03,151.5
6698,772,294,31,5.56,172.36
6699,772,472,48,1.26,60.48
6700,772,115,41,1.9,77.9
6701,772,42,30,3.22,96.6
6702,772,295,14,3.94,55.16
6703,773,317,15,1.66,24.9
6704,773,15,35,1.06,37.1
6705,773,490,54,6.93,374.22
6706,773,489,70,5.76,403.2
6707,773,72,52,4.54,236.08
6708,773,252,14,1.16,16.24
6709,773,215,55,2.41,132.55
6710,773,20,69,1.99,137.31
6711,773,404,55,1.88,103.4
6712,773,83,26,3.29,85.54
6713,774,471,54,2.04,110.16
6714,774,208,42,2.48,104.16
6715,774,252,14,1.16,16.24
6716,774,182,66,5.54,365.64
6717,774,456,63,6.85,431.55
6718,774,317,22,1.66,36.52
6719,774,411,36,1.85,66.6
6720,774,236,36,4.72,169.92
6721,774,168,20,2.89,57.8
6722,775,107,69,2.41,166.29
6723,775,292,12,4.02,48.24
6724,775,102,18,2.09,37.62
6725,775,22,13,3.87,50.31
6726,775,504,30,2.01,60.3
6727,775,325,66,1.5,99.0
6728,775,123,26,3.42,88.92
6729,776,37,14,2.94,41.16
6730,776,36,9,1.85,16.65
6731,776,229,44,3.48,153.12
6732,776,181,59,4.88,287.92
6733,776,354,63,1.04,65.52
6734,776,265,23,4.13,94.99
6735,776,209,68,3.42,232.56
6736,776,31,35,0.99,34.65
6737,776,151,18,2.62,47.16
6738,776,216,43,4.37,187.91
6739,777,181,44,4.88,214.72
6740,777,42,32,3.22,103.04
6741,777,131,48,1.14,54.72
6742,777,455,29,1.19,34.51
6743,777,41,17,3.29,55.93
6744,777,246,41,4.76,195.16
6745,777,168,43,2.89,124.27
6746,777,297,32,7.87,251.84
6747,777,366,42,1.2,50.4
6748,777,3,16,5.82,93.12
6749,777,330,29,1.97,57.13
6750,778,3,14,5.82,81.48
6751,778,63,19,1.04,19.76
6752,778,467,43,1.11,47.73
6753,778,506,29,1.48,42.92
6754,778,209,25,3.42,85.5
6755,778,182,43,5.54,238.22
6756,778,25,45,3.46,155.7
6757,778,209,66,3.42,225.72
6758,779,464,10,6.25,62.5
6759,779,375,36,1.58,56.88
6760,779,429,70,1.79,125.3
6761,779,165,68,4.71,320.28
6762,779,266,49,8.21,402.29
6763,779,507,53,2.04,108.12
6764,779,424,58,1.07,62.06
6765,779,360,65,1.9,123.5
6766,779,195,61,3.23,197.03
6767,780,372,63,2.68,168.84
6768,780,113,57,3.49,198.93
6769,780,415,22,1.92,42.24
6770,780,9,22,3.38,74.36
6771,780,395,65,3.58,232.7
6772,780,214,16,4.91,78.56
6773,780,16,59,3.74,220.66
6774,780,117,29,2.52,73.08
6775,780,430,51,1.99,101.49
6776,780,425,61,1.94,118.34
6777,781,68,33,2.12,69.96
6778,781,388,50,3.46,173.0
6779,781,426,19,1.43,27.17
6780,781,317,12,1.66,19.92
6781,781,130,31,1.93,59.83
6782,781,390,15,2.01,30.15
6783,781,77,21,4.59,96.39
6784,781,15,46,1.06,48.76
6785,781,75,50,2.31,115.5
6786,781,510,41,2.09,85.69
6787,781,417,31,1.01,31.31
6788,782,132,35,2.09,73.15
6789,782,133,59,3.37,198.83
6790,782,291,53,6.71,355.63
6791,782,333,31,1.55,48.05
6792,782,163,28,5.28,147.84
6793,782,133,11,3.37,37.07
6794,782,162,21,6.47,135.87
6795,782,398,49,1.48,72.52
6796,782,232,33,1.15,37.95
6797,782,318,34,1.22,41.48
6798,783,359,36,1.56,56.16
6799,783,132,66,2.09,137.94
6800,783,170,39,2.34,91.26
6801,783,476,25,1.97,49.25
6802,783,280,46,2.44,112.24
6803,783,102,26,2.09,54.34
6804,784,243,23,5.57,128.11
6805,784,293,22,2.97,65.34
6806,784,277,43,8.37,359.91
6807,784,251,9,4.37,39.33
6808,784,49,61,3.7,225.7
6809,784,320,16,1.98,31.68
6810,784,208,59,2.48,146.32
6811,784,486,8,1.92,15.36
6812,784,267,70,7.62,533.4
6813,784,214,69,4.91,338.79
6814,785,448,51,6.35,323.85
6815,785,419,66,1.38,91.08
6816,785,157,62,4.31,267.22
6817,785,319,65,1.45,94.25
6818,785,486,30,1.92,57.6
6819,785,119,63,1.93,121.59
6820,785,305,59,3.69,217.71
6821,786,148,68,2.97,201.96
6822,786,456,53,6.85,363.05
6823,786,413,37,1.89,69.93
6824,786,169,56,2.78,155.68
6825,786,88,63,3.02,190.26
6826,786,386,22,2.32,51.04
6827,787,448,59,6.35,374.65
6828,787,209,27,3.42,92.34
6829,787,415,14,1.92,26.88
6830,787,279,46,3.37,155.02
6831,787,401,9,2.07,18.63
6832,787,320,14,1.98,27.72
6833,787,107,12,2.41,28.92
6834,787,62,40,1.27,50.8
6835,787,404,48,1.88,90.24
6836,787,489,32,5.76,184.32
6837,787,218,30,2.31,69.3
6838,788,468,32,6.53,208.96
6839,788,200,40,5.84,233.6
6840,788,184,14,3.83,53.62
6841,788,480,42,7.0,294.0
6842,788,131,56,1.14,63.84
6843,788,218,26,2.31,60.06
6844,788,138,16,3.17,50.72
6845,788,325,8,1.5,12.0
6846,788,294,31,5.56,172.36
6847,788,233,20,5.88,117.6
6848,788,16,9,3.74,33.66
6849,789,326,10,1.16,11.6
6850,789,230,9,3.12,28.08
6851,789,408,35,2.08,72.8
6852,789,238,21,2.48,52.08
6853,789,72,40,4.54,181.6
6854,789,39,55,2.6,143.0
6855,789,400,12,2.65,31.8
6856,789,200,49,5.84,286.16
6857,789,180,36,5.82,209.52
6858,789,183,52,4.64,241.28
6859,789,22,62,3.87,239.94
6860,789,34,62,3.03,187.86
6861,790,244,45,5.16,232.2
6862,790,335,35,1.59,55.65
6863,790,210,34,2.86,97.24
6864,790,128,36,3.06,110.16
6865,790,100,66,1.87,123.42
6866,790,398,18,1.48,26.64
6867,790,254,30,5.13,153.9
6868,790,423,48,3.36,161.28
6869,791,232,56,1.15,64.4
6870,791,72,61,4.54,276.94
6871,791,366,56,1.2,67.2
6872,791,476,47,1.97,92.59
6873,791,384,69,1.48,102.12
6874,792,102,16,2.09,33.44
6875,792,448,29,6.35,184.15
6876,792,95,59,2.06,121.54
6877,792,256,12,8.08,96.96
6878,792,385,40,1.86,74.4
6879,793,181,19,4.88,92.72
6880,793,224,67,4.72,316.24
6881,793,240,16,3.15,50.4
6882,793,471,29,2.04,59.16
6883,793,256,70,8.08,565.6
6884,793,322,66,2.32,153.12
6885,793,230,40,3.12,124.8
6886,793,514,43,1.51,64.93
6887,794,18,19,3.02,57.38
6888,794,296,39,7.92,308.88
6889,794,86,10,3.72,37.2
6890,794,323,16,1.52,24.32
6891,794,34,60,3.03,181.8
6892,794,76,8,6.42,51.36
6893,794,294,11,5.56,61.16
6894,794,459,11,1.86,20.46
6895,794,58,18,3.07,55.26
6896,795,274,28,5.95,166.6
6897,795,508,70,1.5,105.0
6898,795,217,31,3.1,96.1
6899,795,324,40,1.05,42.0
6900,795,409,13,3.52,45.76
6901,795,444,16,1.08,17.28
6902,795,124,64,2.55,163.2
6903,795,376,16,1.14,18.24
6904,795,275,50,4.11,205.5
6905,795,423,40,3.36,134.4
6906,796,249,40,3.49,139.6
6907,796,459,25,1.86,46.5
6908,796,367,64,1.83,117.12
6909,796,15,10,1.06,10.6
6910,796,224,10,4.72,47.2
6911,796,420,41,2.06,84.46
6912,796,327,41,1.91,78.31
6913,796,513,65,1.88,122.2
6914,796,83,48,3.29,157.92
6915,796,111,8,1.21,9.68
6916,796,278,65,2.03,131.95
6917,797,385,59,1.86,109.74
6918,797,424,23,1.07,24.61
6919,797,330,35,1.97,68.95
6920,797,148,36,2.97,106.92
6921,797,462,45,1.19,53.55
6922,797,1,52,3.87,201.24
6923,797,58,9,3.07,27.63
6924,797,425,16,1.94,31.04
6925,797,143,13,3.73,48.49
6926,797,29,70,4.2,294.0
6927,798,360,70,1.9,133.0
6928,798,386,64,2.32,148.48
6929,798,325,54,1.5,81.0
6930,798,144,33,2.51,82.83
6931,798,19,69,5.1,351.9
6932,798,67,26,5.32,138.32
6933,798,192,36,5.16,185.76
6934,798,493,18,0.95,17.1
6935,798,132,51,2.09,106.59
6936,798,1,69,3.87,267.03
6937,798,161,52,2.27,118.04
6938,798,449,24,1.92,46.08
6939,799,255,38,2.35,89.3
6940,799,325,23,1.5,34.5
6941,799,406,23,1.92,44.16
6942,799,412,26,1.38,35.88
6943,799,313,59,1.43,84.37
6944,799,505,30,2.07,62.1
6945,799,438,43,1.91,82.13
6946,799,499,41,1.85,75.85
6947,799,62,57,1.27,72.39
6948,799,102,65,2.09,135.85
6949,799,213,55,5.91,325.05
6950,799,69,69,3.06,211.14
6951,800,80,27,3.4,91.8
6952,800,235,57,2.31,131.67
6953,800,299,13,3.6,46.8
6954,800,395,44,3.58,157.52
6955,800,434,23,1.44,33.12
6956,800,224,29,4.72,136.88
6957,800,445,53,1.86,98.58
6958,800,488,23,7.29,167.67
6959,800,107,43,2.41,103.63
6960,800,512,36,2.1,75.6
6961,801,45,53,4.17,221.01
6962,801,292,23,4.02,92.46
6963,801,259,42,3.59,150.78
6964,801,293,50,2.97,148.5
6965,801,432,31,6.27,194.37
6966,801,254,26,5.13,133.38
6967,801,81,56,1.27,71.12
6968,802,128,18,3.06,55.08
6969,802,454,31,2.03,62.93
6970,802,36,43,1.85,79.55
6971,802,502,69,1.85,127.65
6972,802,290,10,2.54,25.4
6973,802,394,60,1.84,110.4
6974,802,37,16,2.94,47.04
6975,802,234,37,4.78,176.86
6976,802,294,55,5.56,305.8
6977,802,413,27,1.89,51.03
6978,802,273,17,3.16,53.72
6979,802,433,39,1.99,77.61
6980,803,181,23,4.88,112.24
6981,803,110,51,1.69,86.19
6982,803,285,38,4.14,157.32
6983,803,33,29,3.6,104.4
6984,803,374,32,1.07,34.24
6985,803,393,45,2.51,112.95
6986,803,275,51,4.11,209.61
6987,803,352,19,2.67,50.73
6988,803,345,46,1.56,71.76
6989,803,495,69,4.98,343.62
6990,803,89,21,2.13,44.73
6991,803,315,20,1.43,28.6
6992,804,492,16,1.42,22.72
6993,804,243,13,5.57,72.41
6994,804,370,18,2.1,37.8
6995,804,151,26,2.62,68.12
6996,804,414,64,2.66,170.24
6997,804,463,50,7.51,375.5
6998,804,348,36,1.24,44.64
6999,804,354,41,1.04,42.64
7000,804,29,49,4.2,205.8
7001,804,493,38,0.95,36.1
7002,805,468,63,6.53,411.39
7003,805,333,67,1.55,103.85
7004,805,331,68,1.27,86.36
7005,805,510,51,2.09,106.59
7006,805,172,12,4.97,59.64
7007,805,103,35,3.26,114.1
7008,805,338,15,1.18,17.7
7009,805,31,49,0.99,48.51
7010,805,221,69,4.39,302.91
7011,805,11,50,2.55,127.5
7012,805,61,43,4.58,196.94
7013,806,176,24,2.96,71.04
7014,806,506,57,1.48,84.36
7015,806,145,26,1.99,51.74
7016,806,187,68,3.0,204.0
7017,806,436,67,1.01,67.67
7018,806,105,9,2.0,18.0
7019,806,515,62,1.95,120.9
7020,806,213,62,5.91,366.42
7021,806,166,27,3.97,107.19
7022,806,104,45,2.52,113.4
7023,807,515,50,1.95,97.5
7024,807,378,44,1.17,51.48
7025,807,377,21,1.86,39.06
7026,807,512,50,2.1,105.0
7027,807,468,58,6.53,378.74
7028,807,62,59,1.27,74.93
7029,807,103,9,3.26,29.34
7030,807,21,8,2.87,22.96
7031,807,105,13,2.0,26.0
7032,807,28,15,6.98,104.7
7033,808,391,46,1.6,73.6
7034,808,104,11,2.52,27.72
7035,808,172,24,4.97,119.28
7036,808,461,44,2.06,90.64
7037,808,46,58,1.16,67.28
7038,808,299,67,3.6,241.2
7039,808,144,28,2.51,70.28
7040,808,435,47,2.07,97.29
7041,808,504,42,2.01,84.42
7042,808,455,33,1.19,39.27
7043,808,286,41,7.94,325.54
7044,808,252,23,1.16,26.68
7045,809,54,65,3.77,245.05
7046,809,174,68,5.12,348.16
7047,809,13,26,4.82,125.32
7048,809,272,36,3.73,134.28
7049,809,415,9,1.92,17.28
7050,809,452,55,1.06,58.3
7051,809,497,40,1.97,78.8
7052,809,221,51,4.39,223.89
7053,809,456,47,6.85,321.95
7054,810,236,32,4.72,151.04
7055,810,240,67,3.15,211.05
7056,810,126,70,3.24,226.8
7057,810,13,66,4.82,318.12
7058,810,391,48,1.6,76.8
7059,811,302,56,3.82,213.92
7060,811,280,8,2.44,19.52
7061,811,384,62,1.48,91.76
7062,811,280,44,2.44,107.36
7063,811,455,56,1.19,66.64
7064,811,15,12,1.06,12.72
7065,811,13,23,4.82,110.86
7066,811,418,34,2.01,68.34
7067,811,213,53,5.91,313.23
7068,811,117,38,2.52,95.76
7069,812,511,64,4.89,312.96
7070,812,173,56,5.97,334.32
7071,812,420,61,2.06,125.66
7072,812,491,10,1.95,19.5
7073,812,41,32,3.29,105.28
7074,812,34,24,3.03,72.72
7075,812,160,31,2.92,90.52
7076,812,75,35,2.31,80.85
7077,812,349,62,1.41,87.42
7078,812,500,25,1.55,38.75
7079,812,484,61,6.09,371.49
7080,812,321,49,1.13,55.37
7081,813,26,30,3.1,93.0
7082,813,52,20,2.01,40.2
7083,813,164,50,5.65,282.5
7084,813,59,24,2.45,58.8
7085,813,323,66,1.52,100.32
7086,813,409,12,3.52,42.24
7087,813,51,41,5.09,208.69
7088,813,235,38,2.31,87.78
7089,813,456,18,6.85,123.3
7090,813,17,64,3.71,237.44
7091,813,231,58,4.48,259.84
7092,813,46,32,1.16,37.12
7093,814,504,46,2.01,92.46
7094,814,404,15,1.88,28.2
7095,814,126,58,3.24,187.92
7096,814,5,34,3.08,104.72
7097,814,227,60,3.0,180.0
7098,814,325,35,1.5,52.5
7099,814,429,62,1.79,110.98
7100,814,18,37,3.02,111.74
7101,814,219,27,3.66,98.82
7102,815,266,49,8.21,402.29
7103,815,9,19,3.38,64.22
7104,815,410,35,0.98,34.3
7105,815,393,13,2.51,32.63
7106,815,143,33,3.73,123.09
7107,815,91,67,1.22,81.74
7108,815,319,44,1.45,63.8
7109,815,284,57,6.2,353.4
7110,816,29,65,4.2,273.0
7111,816,141,24,1.21,29.04
7112,816,48,12,3.42,41.04
7113,816,347,11,1.73,19.03
7114,816,428,45,1.0,45.0
7115,816,170,40,2.34,93.6
7116,816,439,36,1.2,43.2
7117,817,37,60,2.94,176.4
7118,817,147,43,2.67,114.81
7119,817,366,66,1.2,79.2
7120,817,354,23,1.04,23.92
7121,817,64,36,3.42,123.12
7122,817,190,67,4.87,326.29
7123,817,284,44,6.2,272.8
7124,817,61,48,4.58,219.84
7125,818,471,36,2.04,73.44
7126,818,278,49,2.03,99.47
7127,818,479,32,6.19,198.08
7128,818,202,59,3.91,230.69
7129,818,382,16,1.05,16.8
7130,818,412,59,1.38,81.42
7131,818,454,43,2.03,87.29
7132,818,10,57,2.82,160.74
7133,818,239,64,3.72,238.08
7134,818,444,50,1.08,54.0
7135,819,302,15,3.82,57.3
7136,819,473,35,6.72,235.2
7137,819,89,45,2.13,95.85
7138,819,261,10,6.54,65.4
7139,819,456,44,6.85,301.4
7140,819,20,56,1.99,111.44
7141,819,58,65,3.07,199.55
7142,819,136,13,3.59,46.67
7143,819,48,35,3.42,119.7
7144,820,77,59,4.59,270.81
7145,820,46,46,1.16,53.36
7146,820,472,55,1.26,69.3
7147,820,248,26,2.31,60.06
7148,820,398,23,1.48,34.04
7149,820,32,69,3.54,244.26
7150,820,281,27,7.14,192.78
7151,820,125,22,1.88,41.36
7152,820,396,14,0.97,13.58
7153,821,314,19,0.96,18.24
7154,821,90,19,1.88,35.72
7155,821,35,33,5.2,171.6
7156,821,377,32,1.86,59.52
7157,821,371,58,1.19,69.02
7158,822,135,55,1.95,107.25
7159,822,505,17,2.07,35.19
7160,822,278,28,2.03,56.84
7161,822,103,39,3.26,127.14
7162,822,177,35,3.11,108.85
7163,822,340,62,2.02,125.24
7164,822,14,47,1.11,52.17
7165,822,306,24,7.66,183.84
7166,822,44,21,6.97,146.37
7167,822,131,62,1.14,70.68
7168,823,142,60,2.3,138.0
7169,823,315,24,1.43,34.32
7170,823,150,24,1.7,40.8
7171,823,398,15,1.48,22.2
7172,823,507,67,2.04,136.68
7173,823,223,50,6.37,318.5
7174,823,415,20,1.92,38.4
7175,823,465,45,7.26,326.7
7176,823,56,60,4.48,268.8
7177,823,110,21,1.69,35.49
7178,824,274,28,5.95,166.6
7179,824,26,32,3.1,99.2
7180,824,304,52,6.45,335.4
7181,824,169,68,2.78,189.04
7182,824,487,30,1.29,38.7
7183,824,311,50,1.17,58.5
7184,824,1,70,3.87,270.9
7185,824,209,15,3.42,51.3
7186,824,141,53,1.21,64.13
7187,825,162,10,6.47,64.7
7188,825,306,48,7.66,367.68
7189,825,274,45,5.95,267.75
7190,825,197,63,2.17,136.71
7191,825,343,38,1.49,56.62
7192,825,414,57,2.66,151.62
7193,825,122,68,2.09,142.12
7194,825,445,22,1.86,40.92
7195,825,178,64,2.97,190.08
7196,826,124,49,2.55,124.95
7197,826,341,37,1.21,44.77
7198,826,402,14,3.33,46.62
7199,826,489,12,5.76,69.12
7200,826,159,41,2.86,117.26
7201,826,11,30,2.55,76.5
7202,826,23,58,2.52,146.16
7203,826,400,47,2.65,124.55
7204,826,318,22,1.22,26.84
7205,826,321,42,1.13,47.46
7206,826,171,59,5.86,345.74
7207,826,413,27,1.89,51.03
7208,827,290,41,2.54,104.14
7209,827,78,42,1.22,51.24
7210,827,165,21,4.71,98.91
7211,827,60,68,6.04,410.72
7212,827,125,61,1.88,114.68
7213,827,117,23,2.52,57.96
7214,827,116,41,3.34,136.94
7215,827,343,55,1.49,81.95
7216,827,491,33,1.95,64.35
7217,827,119,57,1.93,110.01
7218,827,456,20,6.85,137.0
7219,828,470,24,7.24,173.76
7220,828,484,22,6.09,133.98
7221,828,155,14,6.13,85.82
7222,828,194,40,2.99,119.6
7223,828,505,57,2.07,117.99
7224,828,338,9,1.18,10.62
7225,829,197,24,2.17,52.08
7226,829,432,66,6.27,413.82
7227,829,386,15,2.32,34.8
7228,829,365,28,1.51,42.28
7229,829,246,29,4.76,138.04
7230,829,494,67,1.97,131.99
7231,829,486,32,1.92,61.44
7232,829,369,47,1.56,73.32
7233,829,208,26,2.48,64.48
7234,829,404,51,1.88,95.88
7235,829,135,14,1.95,27.3
7236,829,48,26,3.42,88.92
7237,830,359,36,1.56,56.16
7238,830,132,66,2.09,137.94
7239,830,170,39,2.34,91.26
7240,830,476,25,1.97,49.25
7241,830,280,46,2.44,112.24
7242,830,102,26,2.09,54.34
7243,831,236,32,4.72,151.04
7244,831,240,67,3.15,211.05
7245,831,126,70,3.24,226.8
7246,831,13,66,4.82,318.12
7247,831,391,48,1.6,76.8
7248,832,436,61,1.01,61.61
7249,832,113,38,3.49,132.62
7250,832,57,57,3.37,192.09
7251,832,212,54,1.2,64.8
7252,832,366,26,1.2,31.2
7253,833,464,15,6.25,93.75
7254,833,127,36,2.58,92.88
7255,833,292,53,4.02,213.06
7256,833,95,42,2.06,86.52
7257,833,194,60,2.99,179.4
7258,833,452,59,1.06,62.54
7259,833,239,47,3.72,174.84
7260,833,21,21,2.87,60.27
7261,833,360,46,1.9,87.4
7262,833,138,37,3.17,117.29
7263,834,424,9,1.07,9.63
7264,834,294,12,5.56,66.72
7265,834,422,51,1.91,97.41
7266,834,182,61,5.54,337.94
7267,834,329,55,1.47,80.85
7268,834,172,46,4.97,228.62
7269,834,326,65,1.16,75.4
7270,834,485,47,6.75,317.25
7271,834,453,38,1.72,65.36
7272,834,413,29,1.89,54.81
7273,834,480,67,7.0,469.0
7274,835,247,27,2.78,75.06
7275,835,40,27,4.5,121.5
7276,835,29,16,4.2,67.2
7277,835,50,11,2.96,32.56
7278,835,32,38,3.54,134.52
7279,835,198,17,5.72,97.24
7280,835,161,12,2.27,27.24
7281,836,18,47,3.02,141.94
7282,836,30,12,1.13,13.56
7283,836,144,41,2.51,102.91
7284,836,423,11,3.36,36.96
7285,836,182,14,5.54,77.56
7286,837,467,51,1.11,56.61
7287,837,374,34,1.07,36.38
7288,837,298,44,1.94,85.36
7289,837,66,36,3.37,121.32
7290,837,206,67,4.6,308.2
7291,837,223,55,6.37,350.35
7292,837,338,40,1.18,47.2
7293,838,296,55,7.92,435.6
7294,838,114,23,2.35,54.05
7295,838,158,47,2.8,131.6
7296,838,366,55,1.2,66.0
7297,838,451,14,2.01,28.14
7298,838,478,67,7.07,473.69
7299,838,472,8,1.26,10.08
7300,838,171,30,5.86,175.8
7301,839,91,12,1.22,14.64
7302,839,163,13,5.28,68.64
7303,839,181,10,4.88,48.8
7304,839,181,42,4.88,204.96
7305,839,427,55,1.87,102.85
7306,839,340,41,2.02,82.82
7307,839,190,14,4.87,68.18
7308,840,302,41,3.82,156.62
7309,840,220,65,3.09,200.85
7310,840,480,9,7.0,63.0
7311,840,17,53,3.71,196.63
7312,840,77,23,4.59,105.57
7313,840,250,58,2.94,170.52
7314,840,378,9,1.17,10.53
7315,840,212,33,1.2,39.6
7316,841,257,56,8.22,460.32
7317,841,297,56,7.87,440.72
7318,841,40,43,4.5,193.5
7319,841,373,50,1.46,73.0
7320,841,174,46,5.12,235.52
7321,841,217,29,3.1,89.9
7322,842,44,45,6.97,313.65
7323,842,297,8,7.87,62.96
7324,842,485,25,6.75,168.75
7325,842,199,52,4.81,250.12
7326,842,507,57,2.04,116.28
7327,842,90,29,1.88,54.52
7328,842,295,46,3.94,181.24
7329,842,432,63,6.27,395.01
7330,842,187,43,3.0,129.0
7331,842,49,38,3.7,140.6
7332,842,203,29,3.07,89.03
7333,843,68,33,2.12,69.96
7334,843,388,50,3.46,173.0
7335,843,426,19,1.43,27.17
7336,843,317,12,1.66,19.92
7337,843,130,31,1.93,59.83
7338,843,390,15,2.01,30.15
7339,843,77,21,4.59,96.39
7340,843,15,46,1.06,48.76
7341,843,75,50,2.31,115.5
7342,843,510,41,2.09,85.69
7343,843,417,31,1.01,31.31
7344,844,118,25,3.01,75.25
7345,844,171,13,5.86,76.18
7346,844,416,21,3.42,71.82
7347,844,124,12,2.55,30.6
7348,844,154,65,5.3,344.5
7349,844,61,60,4.58,274.8
7350,844,257,69,8.22,567.18
7351,844,193,42,4.02,168.84
7352,844,343,68,1.49,101.32
7353,844,51,47,5.09,239.23
7354,844,415,33,1.92,63.36
7355,844,100,52,1.87,97.24
7356,845,394,65,1.84,119.6
7357,845,480,57,7.0,399.0
7358,845,244,58,5.16,299.28
7359,845,501,9,0.96,8.64
7360,845,123,26,3.42,88.92
7361,845,93,35,3.39,118.65
7362,845,511,19,4.89,92.91
7363,845,475,22,7.13,156.86
7364,845,200,34,5.84,198.56
7365,846,199,43,4.81,206.83
7366,846,406,53,1.92,101.76
7367,846,149,53,2.05,108.65
7368,846,384,52,1.48,76.96
7369,846,166,27,3.97,107.19
7370,846,438,46,1.91,87.86
7371,846,290,14,2.54,35.56
7372,846,58,55,3.07,168.85
7373,846,23,34,2.52,85.68
7374,846,206,36,4.6,165.6
7375,847,270,59,2.41,142.19
7376,847,84,10,2.48,24.8
7377,847,120,67,1.68,112.56
7378,847,4,30,2.0,60.0
7379,847,220,17,3.09,52.53
7380,847,348,66,1.24,81.84
7381,847,449,46,1.92,88.32
7382,847,14,58,1.11,64.38
7383,847,416,11,3.42,37.62
7384,847,407,29,2.57,74.53
7385,847,465,9,7.26,65.34
7386,847,1,58,3.87,224.46
7387,848,80,60,3.4,204.0
7388,848,1,59,3.87,228.33
7389,848,61,33,4.58,151.14
7390,848,413,27,1.89,51.03
7391,848,495,67,4.98,333.66
7392,848,196,67,2.6,174.2
7393,848,275,58,4.11,238.38
7394,848,19,18,5.1,91.8
7395,848,378,42,1.17,49.14
7396,848,66,53,3.37,178.61
7397,848,170,60,2.34,140.4
7398,848,468,23,6.53,150.19
7399,849,272,25,3.73,93.25
7400,849,183,8,4.64,37.12
7401,849,90,43,1.88,80.84
7402,849,346,11,1.12,12.32
7403,849,157,52,4.31,224.12
7404,849,432,22,6.27,137.94
7405,850,335,24,1.59,38.16
7406,850,375,24,1.58,37.92
7407,850,35,35,5.2,182.0
7408,850,222,61,1.12,68.32
7409,850,105,67,2.0,134.0
7410,851,449,54,1.92,103.68
7411,851,56,50,4.48,224.0
7412,851,260,20,2.42,48.4
7413,851,209,53,3.42,181.26
7414,851,492,41,1.42,58.22
7415,851,305,63,3.69,232.47
7416,851,201,46,5.33,245.18
7417,851,102,69,2.09,144.21
7418,852,119,51,1.93,98.43
7419,852,438,70,1.91,133.7
7420,852,292,11,4.02,44.22
7421,852,336,11,1.26,13.86
7422,852,213,24,5.91,141.84
7423,852,289,55,3.51,193.05
7424,852,175,37,4.18,154.66
7425,852,171,64,5.86,375.04
7426,853,198,54,5.72,308.88
7427,853,497,26,1.97,51.22
7428,853,25,59,3.46,204.14
7429,853,46,70,1.16,81.2
7430,853,330,50,1.97,98.5
7431,853,392,38,2.08,79.04
7432,853,16,66,3.74,246.84
7433,854,402,54,3.33,179.82
7434,854,25,50,3.46,173.0
7435,854,156,24,4.99,119.76
7436,854,50,57,2.96,168.72
7437,854,83,52,3.29,171.08
7438,854,70,70,4.31,301.7
7439,854,198,59,5.72,337.48
7440,854,236,14,4.72,66.08
7441,854,36,9,1.85,16.65
7442,854,25,67,3.46,231.82
7443,854,71,11,2.66,29.26
7444,854,357,45,1.85,83.25
7445,855,51,26,5.09,132.34
7446,855,307,69,7.57,522.33
7447,855,134,45,2.63,118.35
7448,855,356,57,1.14,64.98
7449,855,262,42,3.97,166.74
7450,855,18,23,3.02,69.46
7451,855,216,43,4.37,187.91
7452,855,316,68,1.15,78.2
7453,856,139,18,1.85,33.3
7454,856,61,62,4.58,283.96
7455,856,158,31,2.8,86.8
7456,856,165,64,4.71,301.44
7457,856,448,34,6.35,215.9
7458,856,242,22,1.16,25.52
7459,856,240,34,3.15,107.1
7460,856,484,12,6.09,73.08
7461,857,274,19,5.95,113.05
7462,857,87,20,2.33,46.6
7463,857,484,17,6.09,103.53
7464,857,265,64,4.13,264.32
7465,857,263,46,2.79,128.34
7466,857,289,25,3.51,87.75
7467,858,9,28,3.38,94.64
7468,858,488,9,7.29,65.61
7469,858,326,58,1.16,67.28
7470,858,367,50,1.83,91.5
7471,858,359,10,1.56,15.6
7472,858,232,24,1.15,27.6
7473,858,369,63,1.56,98.28
7474,858,123,58,3.42,198.36
7475,859,500,35,1.55,54.25
7476,859,26,18,3.1,55.8
7477,859,376,19,1.14,21.66
7478,859,468,55,6.53,359.15
7479,859,408,33,2.08,68.64
7480,859,459,32,1.86,59.52
7481,859,287,53,8.25,437.25
7482,859,65,8,3.73,29.84
7483,859,123,47,3.42,160.74
7484,859,105,46,2.0,92.0
7485,859,257,20,8.22,164.4
7486,860,431,9,1.26,11.34
7487,860,477,40,1.19,47.6
7488,860,29,9,4.2,37.8
7489,860,158,32,2.8,89.6
7490,860,234,13,4.78,62.14
7491,860,77,9,4.59,41.31
7492,860,466,16,1.97,31.52
7493,861,41,46,3.29,151.34
7494,861,468,16,6.53,104.48
7495,861,368,34,1.23,41.82
7496,861,450,37,1.39,51.43
7497,861,195,61,3.23,197.03
7498,862,432,45,6.27,282.15
7499,862,9,60,3.38,202.8
7500,862,498,19,1.41,26.79
7501,862,220,69,3.09,213.21
7502,862,511,44,4.89,215.16
7503,862,403,68,0.98,66.64
7504,862,269,49,3.62,177.38
7505,862,425,43,1.94,83.42
7506,862,463,54,7.51,405.54
7507,862,281,39,7.14,278.46
7508,863,255,66,2.35,155.1
7509,863,43,11,2.65,29.15
7510,863,381,55,3.52,193.6
7511,863,47,61,0.98,59.78
7512,863,479,47,6.19,290.93
7513,863,275,38,4.11,156.18
7514,863,208,22,2.48,54.56
7515,863,335,59,1.59,93.81
7516,863,371,28,1.19,33.32
7517,863,455,45,1.19,53.55
7518,863,492,48,1.42,68.16
7519,863,380,53,1.95,103.35
7520,864,238,17,2.48,42.16
7521,864,384,44,1.48,65.12
7522,864,298,25,1.94,48.5
7523,864,186,13,2.86,37.18
7524,864,311,65,1.17,76.05
7525,864,126,52,3.24,168.48
7526,864,295,69,3.94,271.86
7527,864,211,11,4.72,51.92
7528,864,304,40,6.45,258.0
7529,864,252,9,1.16,10.44
7530,864,216,27,4.37,117.99
7531,865,96,69,3.35,231.15
7532,865,207,11,2.94,32.34
7533,865,259,20,3.59,71.8
7534,865,479,70,6.19,433.3
7535,865,92,23,2.18,50.14
7536,866,452,30,1.06,31.8
7537,866,367,43,1.83,78.69
7538,866,241,41,4.28,175.48
7539,866,364,13,1.05,13.65
7540,866,217,59,3.1,182.9
7541,866,234,58,4.78,277.24
7542,866,335,62,1.59,98.58
7543,866,261,51,6.54,333.54
7544,866,152,38,2.14,81.32
7545,866,331,49,1.27,62.23
7546,867,220,40,3.09,123.6
7547,867,237,29,3.21,93.09
7548,867,201,34,5.33,181.22
7549,867,23,43,2.52,108.36
7550,867,47,25,0.98,24.5
7551,867,232,27,1.15,31.05
7552,867,404,48,1.88,90.24
7553,868,444,57,1.08,61.56
7554,868,317,63,1.66,104.58
7555,868,167,47,2.94,138.18
7556,868,361,49,1.18,57.82
7557,868,86,30,3.72,111.6
7558,868,482,39,1.23,47.97
7559,868,413,66,1.89,124.74
7560,868,415,45,1.92,86.4
7561,868,168,49,2.89,141.61
7562,868,109,40,1.99,79.6
7563,868,95,62,2.06,127.72
7564,869,136,8,3.59,28.72
7565,869,408,53,2.08,110.24
7566,869,453,24,1.72,41.28
7567,869,443,25,2.12,53.0
7568,869,270,53,2.41,127.73
7569,869,309,68,3.72,252.96
7570,869,45,20,4.17,83.4
7571,869,146,40,3.3,132.0
7572,869,508,59,1.5,88.5
7573,869,462,26,1.19,30.94
7574,870,13,11,4.82,53.02
7575,870,493,55,0.95,52.25
7576,870,238,19,2.48,47.12
7577,870,213,55,5.91,325.05
7578,870,351,8,1.14,9.12
7579,870,116,41,3.34,136.94
7580,870,244,39,5.16,201.24
7581,870,268,42,2.08,87.36
7582,870,496,29,1.88,54.52
7583,871,334,43,0.99,42.57
7584,871,381,22,3.52,77.44
7585,871,396,42,0.97,40.74
7586,871,133,43,3.37,144.91
7587,871,162,46,6.47,297.62
7588,871,27,65,2.66,172.9
7589,871,220,21,3.09,64.89
7590,871,399,12,2.09,25.08
7591,871,364,23,1.05,24.15
7592,871,252,22,1.16,25.52
7593,871,127,10,2.58,25.8
7594,872,470,68,7.24,492.32
7595,872,4,65,2.0,130.0
7596,872,170,14,2.34,32.76
7597,872,429,29,1.79,51.91
7598,872,29,44,4.2,184.8
7599,872,302,24,3.82,91.68
7600,872,354,60,1.04,62.4
7601,872,95,28,2.06,57.68
7602,872,75,45,2.31,103.95
7603,872,93,31,3.39,105.09
7604,872,440,48,6.67,320.16
7605,872,500,44,1.55,68.2
7606,873,77,59,4.59,270.81
7607,873,46,46,1.16,53.36
7608,873,472,55,1.26,69.3
7609,873,248,26,2.31,60.06
7610,873,398,23,1.48,34.04
7611,873,32,69,3.54,244.26
7612,873,281,27,7.14,192.78
7613,873,125,22,1.88,41.36
7614,873,396,14,0.97,13.58
7615,874,228,32,2.32,74.24
7616,874,356,33,1.14,37.62
7617,874,159,47,2.86,134.42
7618,874,475,9,7.13,64.17
7619,874,116,56,3.34,187.04
7620,874,320,17,1.98,33.66
7621,874,420,42,2.06,86.52
7622,874,507,25,2.04,51.0
7623,875,369,55,1.56,85.8
7624,875,103,25,3.26,81.5
7625,875,270,48,2.41,115.68
7626,875,331,33,1.27,41.91
7627,875,513,30,1.88,56.4
7628,876,56,65,4.48,291.2
7629,876,442,17,1.53,26.01
7630,876,506,45,1.48,66.6
7631,876,274,49,5.95,291.55
7632,876,235,32,2.31,73.92
7633,876,210,42,2.86,120.12
7634,876,199,51,4.81,245.31
7635,876,412,48,1.38,66.24
7636,876,311,60,1.17,70.2
7637,877,456,34,6.85,232.9
7638,877,19,18,5.1,91.8
7639,877,170,30,2.34,70.2
7640,877,382,70,1.05,73.5
7641,877,155,13,6.13,79.69
7642,877,358,51,1.13,57.63
7643,877,255,28,2.35,65.8
7644,877,95,40,2.06,82.4
7645,877,455,51,1.19,60.69
7646,877,328,33,1.25,41.25
7647,878,58,27,3.07,82.89
7648,878,78,42,1.22,51.24
7649,878,189,52,6.22,323.44
7650,878,51,29,5.09,147.61
7651,878,68,17,2.12,36.04
7652,878,337,22,1.82,40.04
7653,878,199,26,4.81,125.06
7654,878,38,27,4.18,112.86
7655,878,32,25,3.54,88.5
7656,878,295,58,3.94,228.52
7657,878,401,18,2.07,37.26
7658,878,292,68,4.02,273.36
7659,879,182,21,5.54,116.34
7660,879,125,33,1.88,62.04
7661,879,429,22,1.79,39.38
7662,879,114,33,2.35,77.55
7663,879,176,62,2.96,183.52
7664,879,487,15,1.29,19.35
7665,879,59,47,2.45,115.15
7666,879,263,23,2.79,64.17
7667,879,6,62,3.7,229.4
7668,879,494,32,1.97,63.04
7669,879,480,62,7.0,434.0
7670,879,244,36,5.16,185.76
7671,880,29,40,4.2,168.0
7672,880,208,52,2.48,128.96
7673,880,486,18,1.92,34.56
7674,880,210,26,2.86,74.36
7675,880,139,48,1.85,88.8
7676,881,128,32,3.06,97.92
7677,881,276,28,7.91,221.48
7678,881,59,57,2.45,139.65
7679,881,157,33,4.31,142.23
7680,881,112,65,2.35,152.75
7681,881,352,50,2.67,133.5
7682,881,134,25,2.63,65.75
7683,881,220,61,3.09,188.49
7684,881,138,36,3.17,114.12
7685,882,7,15,2.58,38.7
7686,882,473,32,6.72,215.04
7687,882,176,20,2.96,59.2
7688,882,192,24,5.16,123.84
7689,882,75,62,2.31,143.22
7690,882,236,67,4.72,316.24
7691,882,297,22,7.87,173.14
7692,883,245,47,2.43,114.21
7693,883,316,62,1.15,71.3
7694,883,57,41,3.37,138.17
7695,883,178,10,2.97,29.7
7696,883,282,22,3.84,84.48
7697,883,73,30,3.46,103.8
7698,883,450,35,1.39,48.65
7699,883,36,58,1.85,107.3
7700,883,438,48,1.91,91.68
7701,883,507,32,2.04,65.28
7702,883,193,47,4.02,188.94
7703,884,357,66,1.85,122.1
7704,884,370,42,2.1,88.2
7705,884,192,54,5.16,278.64
7706,884,468,64,6.53,417.92
7707,884,228,52,2.32,120.64
7708,884,120,53,1.68,89.04
7709,885,23,35,2.52,88.2
7710,885,171,29,5.86,169.94
7711,885,160,27,2.92,78.84
7712,885,221,48,4.39,210.72
7713,885,341,66,1.21,79.86
7714,885,22,16,3.87,61.92
7715,885,280,47,2.44,114.68
7716,885,456,49,6.85,335.65
7717,885,193,29,4.02,116.58
7718,885,70,33,4.31,142.23
7719,885,318,21,1.22,25.62
7720,885,102,66,2.09,137.94
7721,886,343,15,1.49,22.35
7722,886,467,13,1.11,14.43
7723,886,133,39,3.37,131.43
7724,886,461,56,2.06,115.36
7725,886,354,52,1.04,54.08
7726,887,32,38,3.54,134.52
7727,887,30,34,1.13,38.42
7728,887,328,46,1.25,57.5
7729,887,100,30,1.87,56.1
7730,887,333,9,1.55,13.95
7731,887,368,51,1.23,62.73
7732,887,463,39,7.51,292.89
7733,887,367,59,1.83,107.97
7734,887,167,25,2.94,73.5
7735,887,21,40,2.87,114.8
7736,887,435,17,2.07,35.19
7737,888,504,18,2.01,36.18
7738,888,199,29,4.81,139.49
7739,888,1,67,3.87,259.29
7740,888,243,40,5.57,222.8
7741,888,302,39,3.82,148.98
7742,888,224,30,4.72,141.6
7743,888,149,8,2.05,16.4
7744,888,465,42,7.26,304.92
7745,888,80,41,3.4,139.4
7746,888,443,59,2.12,125.08
7747,888,257,20,8.22,164.4
7748,889,177,34,3.11,105.74
7749,889,247,66,2.78,183.48
7750,889,498,59,1.41,83.19
7751,889,303,25,3.12,78.0
7752,889,41,62,3.29,203.98
7753,889,492,51,1.42,72.42
7754,889,340,66,2.02,133.32
7755,889,99,10,1.88,18.8
7756,890,168,23,2.89,66.47
7757,890,357,9,1.85,16.65
7758,890,55,25,2.91,72.75
7759,890,54,8,3.77,30.16
7760,890,109,16,1.99,31.84
7761,890,429,18,1.79,32.22
7762,890,98,62,3.11,192.82
7763,890,35,51,5.2,265.2
7764,891,249,40,3.49,139.6
7765,891,459,25,1.86,46.5
7766,891,367,64,1.83,117.12
7767,891,15,10,1.06,10.6
7768,891,224,10,4.72,47.2
7769,891,420,41,2.06,84.46
7770,891,327,41,1.91,78.31
7771,891,513,65,1.88,122.2
7772,891,83,48,3.29,157.92
7773,891,111,8,1.21,9.68
7774,891,278,65,2.03,131.95
7775,892,338,19,1.18,22.42
7776,892,394,20,1.84,36.8
7777,892,73,70,3.46,242.2
7778,892,302,44,3.82,168.08
7779,892,65,36,3.73,134.28
7780,892,476,25,1.97,49.25
7781,892,148,30,2.97,89.1
7782,892,172,54,4.97,268.38
7783,892,48,68,3.42,232.56
7784,892,116,55,3.34,183.7
7785,892,497,9,1.97,17.73
7786,892,208,12,2.48,29.76
7787,893,415,18,1.92,34.56
7788,893,149,34,2.05,69.7
7789,893,130,11,1.93,21.23
7790,893,7,53,2.58,136.74
7791,893,10,64,2.82,180.48
7792,893,6,16,3.7,59.2
7793,893,147,28,2.67,74.76
7794,893,119,31,1.93,59.83
7795,893,408,37,2.08,76.96
7796,893,341,23,1.21,27.83
7797,894,341,60,1.21,72.6
7798,894,486,40,1.92,76.8
7799,894,62,49,1.27,62.23
7800,894,102,53,2.09,110.77
7801,894,49,9,3.7,33.3
7802,894,135,69,1.95,134.55
7803,894,200,67,5.84,391.28
7804,894,246,36,4.76,171.36
7805,895,160,53,2.92,154.76
7806,895,322,37,2.32,85.84
7807,895,302,17,3.82,64.94
7808,895,215,46,2.41,110.86
7809,895,149,44,2.05,90.2
7810,895,118,53,3.01,159.53
7811,895,490,62,6.93,429.66
7812,895,141,46,1.21,55.66
7813,895,176,58,2.96,171.68
7814,895,510,53,2.09,110.77
7815,895,469,57,6.19,352.83
7816,895,79,16,1.05,16.8
7817,896,91,12,1.22,14.64
7818,896,163,13,5.28,68.64
7819,896,181,10,4.88,48.8
7820,896,181,42,4.88,204.96
7821,896,427,55,1.87,102.85
7822,896,340,41,2.02,82.82
7823,896,190,14,4.87,68.18
7824,897,240,25,3.15,78.75
7825,897,234,67,4.78,320.26
7826,897,69,45,3.06,137.7
7827,897,314,14,0.96,13.44
7828,897,402,29,3.33,96.57
7829,897,278,47,2.03,95.41
7830,897,367,34,1.83,62.22
7831,898,240,37,3.15,116.55
7832,898,230,27,3.12,84.24
7833,898,294,34,5.56,189.04
7834,898,88,46,3.02,138.92
7835,898,333,8,1.55,12.4
7836,898,469,47,6.19,290.93
7837,898,10,21,2.82,59.22
7838,898,343,69,1.49,102.81
7839,898,340,22,2.02,44.44
7840,898,238,57,2.48,141.36
7841,898,427,31,1.87,57.97
7842,899,433,19,1.99,37.81
7843,899,207,66,2.94,194.04
7844,899,415,28,1.92,53.76
7845,899,152,34,2.14,72.76
7846,899,179,53,2.07,109.71
7847,899,471,66,2.04,134.64
7848,899,416,26,3.42,88.92
7849,899,512,41,2.1,86.1
7850,899,495,40,4.98,199.2
7851,899,55,17,2.91,49.47
7852,900,285,54,4.14,223.56
7853,900,507,34,2.04,69.36
7854,900,31,66,0.99,65.34
7855,900,134,68,2.63,178.84
7856,900,251,49,4.37,214.13
7857,900,20,51,1.99,101.49
7858,900,349,13,1.41,18.33
7859,900,513,10,1.88,18.8
7860,900,387,13,1.91,24.83
7861,901,287,57,8.25,470.25
7862,901,349,37,1.41,52.17
7863,901,55,67,2.91,194.97
7864,901,58,40,3.07,122.8
7865,901,231,18,4.48,80.64
7866,901,15,26,1.06,27.56
7867,901,389,33,1.06,34.98
7868,901,378,62,1.17,72.54
7869,901,130,19,1.93,36.67
7870,901,170,65,2.34,152.1
7871,901,406,33,1.92,63.36
7872,902,79,21,1.05,22.05
7873,902,443,17,2.12,36.04
7874,902,399,47,2.09,98.23
7875,902,272,60,3.73,223.8
7876,902,389,33,1.06,34.98
7877,902,296,53,7.92,419.76
7878,902,212,60,1.2,72.0
7879,902,137,46,2.59,119.14
7880,902,457,56,1.84,103.04
7881,902,167,70,2.94,205.8
7882,902,66,52,3.37,175.24
7883,903,393,44,2.51,110.44
7884,903,504,48,2.01,96.48
7885,903,357,33,1.85,61.05
7886,903,42,56,3.22,180.32
7887,903,284,50,6.2,310.0
7888,903,192,61,5.16,314.76
7889,903,136,19,3.59,68.21
7890,903,256,36,8.08,290.88
7891,904,386,14,2.32,32.48
7892,904,468,46,6.53,300.38
7893,904,169,31,2.78,86.18
7894,904,141,52,1.21,62.92
7895,904,265,21,4.13,86.73
7896,904,490,34,6.93,235.62
7897,904,148,53,2.97,157.41
7898,904,10,37,2.82,104.34
7899,904,300,67,2.32,155.44
7900,904,3,48,5.82,279.36
7901,905,92,69,2.18,150.42
7902,905,310,34,2.6,88.4
7903,905,359,36,1.56,56.16
7904,905,185,40,3.17,126.8
7905,905,100,54,1.87,100.98
7906,906,410,33,0.98,32.34
7907,906,294,15,5.56,83.4
7908,906,78,40,1.22,48.8
7909,906,96,31,3.35,103.85
7910,906,449,22,1.92,42.24
7911,906,356,64,1.14,72.96
7912,906,42,65,3.22,209.3
7913,906,192,50,5.16,258.0
7914,906,148,18,2.97,53.46
7915,906,466,32,1.97,63.04
7916,906,131,16,1.14,18.24
7917,907,199,59,4.81,283.79
7918,907,29,61,4.2,256.2
7919,907,450,16,1.39,22.24
7920,907,403,57,0.98,55.86
7921,907,202,47,3.91,183.77
7922,907,488,21,7.29,153.09
7923,907,141,25,1.21,30.25
7924,907,84,37,2.48,91.76
7925,907,73,8,3.46,27.68
7926,907,211,55,4.72,259.6
7927,907,496,35,1.88,65.8
7928,908,353,68,1.56,106.08
7929,908,165,69,4.71,324.99
7930,908,69,60,3.06,183.6
7931,908,246,17,4.76,80.92
7932,908,121,9,1.21,10.89
7933,908,278,69,2.03,140.07
7934,908,470,17,7.24,123.08
7935,908,15,27,1.06,28.62
7936,908,3,14,5.82,81.48
7937,908,350,10,2.1,21.0
7938,908,25,29,3.46,100.34
7939,908,223,41,6.37,261.17
7940,909,303,15,3.12,46.8
7941,909,113,25,3.49,87.25
7942,909,159,46,2.86,131.56
7943,909,127,27,2.58,69.66
7944,909,88,34,3.02,102.68
7945,909,328,26,1.25,32.5
7946,909,238,17,2.48,42.16
7947,909,181,20,4.88,97.6
7948,909,14,25,1.11,27.75
7949,910,415,18,1.92,34.56
7950,910,149,34,2.05,69.7
7951,910,130,11,1.93,21.23
7952,910,7,53,2.58,136.74
7953,910,10,64,2.82,180.48
7954,910,6,16,3.7,59.2
7955,910,147,28,2.67,74.76
7956,910,119,31,1.93,59.83
7957,910,408,37,2.08,76.96
7958,910,341,23,1.21,27.83
7959,911,335,19,1.59,30.21
7960,911,4,48,2.0,96.0
7961,911,106,14,3.46,48.44
7962,911,147,48,2.67,128.16
7963,911,410,59,0.98,57.82
7964,911,290,30,2.54,76.2
7965,911,342,26,2.33,60.58
7966,911,162,10,6.47,64.7
7967,911,351,28,1.14,31.92
7968,912,89,57,2.13,121.41
7969,912,486,32,1.92,61.44
7970,912,115,24,1.9,45.6
7971,912,248,25,2.31,57.75
7972,912,18,27,3.02,81.54
7973,912,158,13,2.8,36.4
7974,913,154,33,5.3,174.9
7975,913,374,26,1.07,27.82
7976,913,434,13,1.44,18.72
7977,913,164,45,5.65,254.25
7978,913,442,35,1.53,53.55
7979,913,121,70,1.21,84.7
7980,913,478,36,7.07,254.52
7981,913,415,37,1.92,71.04
7982,913,479,31,6.19,191.89
7983,914,372,64,2.68,171.52
7984,914,69,63,3.06,192.78
7985,914,247,46,2.78,127.88
7986,914,244,51,5.16,263.16
7987,914,294,9,5.56,50.04
7988,914,363,60,1.38,82.8
7989,914,185,29,3.17,91.93
7990,914,433,45,1.99,89.55
7991,914,225,36,2.59,93.24
7992,915,56,33,4.48,147.84
7993,915,196,32,2.6,83.2
7994,915,191,44,5.56,244.64
7995,915,142,41,2.3,94.3
7996,915,287,67,8.25,552.75
7997,915,19,38,5.1,193.8
7998,915,106,53,3.46,183.38
7999,915,423,67,3.36,225.12
8000,915,104,53,2.52,133.56
8001,915,118,26,3.01,78.26
8002,916,128,18,3.06,55.08
8003,916,454,31,2.03,62.93
8004,916,36,43,1.85,79.55
8005,916,502,69,1.85,127.65
8006,916,290,10,2.54,25.4
8007,916,394,60,1.84,110.4
8008,916,37,16,2.94,47.04
8009,916,234,37,4.78,176.86
8010,916,294,55,5.56,305.8
8011,916,413,27,1.89,51.03
8012,916,273,17,3.16,53.72
8013,916,433,39,1.99,77.61
8014,917,200,39,5.84,227.76
8015,917,487,8,1.29,10.32
8016,917,442,43,1.53,65.79
8017,917,136,32,3.59,114.88
8018,917,507,38,2.04,77.52
8019,917,87,46,2.33,107.18
8020,917,470,65,7.24,470.6
8021,917,127,27,2.58,69.66
8022,917,303,39,3.12,121.68
8023,917,502,27,1.85,49.95
8024,918,9,41,3.38,138.58
8025,918,54,60,3.77,226.2
8026,918,258,57,1.88,107.16
8027,918,360,20,1.9,38.0
8028,918,295,8,3.94,31.52
8029,918,98,27,3.11,83.97
8030,918,2,68,3.09,210.12
8031,918,423,24,3.36,80.64
8032,918,505,67,2.07,138.69
8033,919,218,65,2.31,150.15
8034,919,87,70,2.33,163.1
8035,919,143,19,3.73,70.87
8036,919,388,47,3.46,162.62
8037,919,434,16,1.44,23.04
8038,919,317,69,1.66,114.54
8039,919,292,12,4.02,48.24
8040,919,465,61,7.26,442.86
8041,919,143,60,3.73,223.8
8042,919,21,23,2.87,66.01
8043,920,275,38,4.11,156.18
8044,920,281,54,7.14,385.56
8045,920,342,59,2.33,137.47
8046,920,213,25,5.91,147.75
8047,920,52,23,2.01,46.23
8048,920,379,50,1.56,78.0
8049,920,481,64,2.14,136.96
8050,920,292,29,4.02,116.58
8051,920,482,51,1.23,62.73
8052,921,424,26,1.07,27.82
8053,921,195,40,3.23,129.2
8054,921,283,28,3.01,84.28
8055,921,73,34,3.46,117.64
8056,921,260,34,2.42,82.28
8057,921,169,14,2.78,38.92
8058,922,232,37,1.15,42.55
8059,922,126,40,3.24,129.6
8060,922,386,67,2.32,155.44
8061,922,90,43,1.88,80.84
8062,922,251,37,4.37,161.69
8063,922,179,64,2.07,132.48
8064,922,367,35,1.83,64.05
8065,922,134,46,2.63,120.98
8066,922,159,19,2.86,54.34
8067,923,181,19,4.88,92.72
8068,923,224,67,4.72,316.24
8069,923,240,16,3.15,50.4
8070,923,471,29,2.04,59.16
8071,923,256,70,8.08,565.6
8072,923,322,66,2.32,153.12
8073,923,230,40,3.12,124.8
8074,923,514,43,1.51,64.93
8075,924,473,15,6.72,100.8
8076,924,43,17,2.65,45.05
8077,924,133,64,3.37,215.68
8078,924,267,49,7.62,373.38
8079,924,376,70,1.14,79.8
8080,924,445,67,1.86,124.62
8081,924,487,67,1.29,86.43
8082,924,326,27,1.16,31.32
8083,925,124,49,2.55,124.95
8084,925,341,37,1.21,44.77
8085,925,402,14,3.33,46.62
8086,925,489,12,5.76,69.12
8087,925,159,41,2.86,117.26
8088,925,11,30,2.55,76.5
8089,925,23,58,2.52,146.16
8090,925,400,47,2.65,124.55
8091,925,318,22,1.22,26.84
8092,925,321,42,1.13,47.46
8093,925,171,59,5.86,345.74
8094,925,413,27,1.89,51.03
8095,926,59,56,2.45,137.2
8096,926,455,12,1.19,14.28
8097,926,372,43,2.68,115.24
8098,926,172,45,4.97,223.65
8099,926,318,26,1.22,31.72
8100,926,142,63,2.3,144.9
8101,927,259,63,3.59,226.17
8102,927,33,32,3.6,115.2
8103,927,192,11,5.16,56.76
8104,927,472,28,1.26,35.28
8105,927,369,51,1.56,79.56
8106,927,368,53,1.23,65.19
8107,927,303,34,3.12,106.08
8108,927,332,50,2.69,134.5
8109,928,40,18,4.5,81.0
8110,928,306,57,7.66,436.62
8111,928,268,53,2.08,110.24
8112,928,140,25,1.66,41.5
8113,928,422,42,1.91,80.22
8114,928,231,66,4.48,295.68
8115,928,360,67,1.9,127.3
8116,928,314,34,0.96,32.64
8117,928,215,29,2.41,69.89
8118,928,206,62,4.6,285.2
8119,928,349,59,1.41,83.19
8120,928,398,63,1.48,93.24
8121,929,199,46,4.81,221.26
8122,929,493,50,0.95,47.5
8123,929,479,23,6.19,142.37
8124,929,494,20,1.97,39.4
8125,929,424,51,1.07,54.57
8126,929,225,57,2.59,147.63
8127,929,133,44,3.37,148.28
8128,929,162,48,6.47,310.56
8129,930,275,38,4.11,156.18
8130,930,281,54,7.14,385.56
8131,930,342,59,2.33,137.47
8132,930,213,25,5.91,147.75
8133,930,52,23,2.01,46.23
8134,930,379,50,1.56,78.0
8135,930,481,64,2.14,136.96
8136,930,292,29,4.02,116.58
8137,930,482,51,1.23,62.73
8138,931,147,9,2.67,24.03
8139,931,10,41,2.82,115.62
8140,931,292,35,4.02,140.7
8141,931,412,10,1.38,13.8
8142,931,472,47,1.26,59.22
8143,931,1,56,3.87,216.72
8144,931,463,54,7.51,405.54
8145,931,367,11,1.83,20.13
8146,931,33,67,3.6,241.2
8147,931,412,42,1.38,57.96
8148,931,124,30,2.55,76.5
8149,932,151,51,2.62,133.62
8150,932,118,31,3.01,93.31
8151,932,51,54,5.09,274.86
8152,932,299,66,3.6,237.6
8153,932,296,34,7.92,269.28
8154,932,164,51,5.65,288.15
8155,932,104,68,2.52,171.36
8156,932,361,34,1.18,40.12
8157,932,316,11,1.15,12.65
8158,933,200,67,5.84,391.28
8159,933,437,50,1.91,95.5
8160,933,164,68,5.65,384.2
8161,933,422,20,1.91,38.2
8162,933,284,70,6.2,434.0
8163,933,323,34,1.52,51.68
8164,933,54,68,3.77,256.36
8165,933,213,44,5.91,260.04
8166,933,102,56,2.09,117.04
8167,933,328,16,1.25,20.0
8168,934,358,17,1.13,19.21
8169,934,267,59,7.62,449.58
8170,934,27,53,2.66,140.98
8171,934,109,69,1.99,137.31
8172,934,375,20,1.58,31.6
8173,934,306,30,7.66,229.8
8174,934,198,58,5.72,331.76
8175,935,32,38,3.54,134.52
8176,935,30,34,1.13,38.42
8177,935,328,46,1.25,57.5
8178,935,100,30,1.87,56.1
8179,935,333,9,1.55,13.95
8180,935,368,51,1.23,62.73
8181,935,463,39,7.51,292.89
8182,935,367,59,1.83,107.97
8183,935,167,25,2.94,73.5
8184,935,21,40,2.87,114.8
8185,935,435,17,2.07,35.19
8186,936,308,34,1.89,64.26
8187,936,285,33,4.14,136.62
8188,936,495,70,4.98,348.6
8189,936,244,11,5.16,56.76
8190,936,184,37,3.83,141.71
8191,937,503,60,4.67,280.2
8192,937,425,61,1.94,118.34
8193,937,503,9,4.67,42.03
8194,937,379,50,1.56,78.0
8195,937,147,16,2.67,42.72
8196,937,17,70,3.71,259.7
8197,937,254,31,5.13,159.03
8198,937,47,52,0.98,50.96
8199,937,201,31,5.33,165.23
8200,938,272,67,3.73,249.91
8201,938,171,39,5.86,228.54
8202,938,104,41,2.52,103.32
8203,938,96,38,3.35,127.3
8204,938,324,47,1.05,49.35
8205,938,371,17,1.19,20.23
8206,938,19,12,5.1,61.2
8207,939,473,15,6.72,100.8
8208,939,43,17,2.65,45.05
8209,939,133,64,3.37,215.68
8210,939,267,49,7.62,373.38
8211,939,376,70,1.14,79.8
8212,939,445,67,1.86,124.62
8213,939,487,67,1.29,86.43
8214,939,326,27,1.16,31.32
8215,940,132,55,2.09,114.95
8216,940,477,36,1.19,42.84
8217,940,497,34,1.97,66.98
8218,940,83,11,3.29,36.19
8219,940,227,17,3.0,51.0
8220,940,75,55,2.31,127.05
8221,940,307,63,7.57,476.91
8222,940,262,51,3.97,202.47
8223,940,365,45,1.51,67.95
8224,940,77,29,4.59,133.11
8225,940,449,32,1.92,61.44
8226,940,318,31,1.22,37.82
8227,941,55,21,2.91,61.11
8228,941,130,20,1.93,38.6
8229,941,146,36,3.3,118.8
8230,941,265,47,4.13,194.11
8231,941,30,57,1.13,64.41
8232,941,74,68,3.12,212.16
8233,941,109,38,1.99,75.62
8234,941,121,35,1.21,42.35
8235,941,401,49,2.07,101.43
8236,941,428,16,1.0,16.0
8237,942,360,70,1.9,133.0
8238,942,386,64,2.32,148.48
8239,942,325,54,1.5,81.0
8240,942,144,33,2.51,82.83
8241,942,19,69,5.1,351.9
8242,942,67,26,5.32,138.32
8243,942,192,36,5.16,185.76
8244,942,493,18,0.95,17.1
8245,942,132,51,2.09,106.59
8246,942,1,69,3.87,267.03
8247,942,161,52,2.27,118.04
8248,942,449,24,1.92,46.08
8249,943,359,19,1.56,29.64
8250,943,110,16,1.69,27.04
8251,943,421,50,2.57,128.5
8252,943,463,65,7.51,488.15
8253,943,222,32,1.12,35.84
8254,943,86,36,3.72,133.92
8255,943,68,66,2.12,139.92
8256,943,458,64,1.4,89.6
8257,944,235,33,2.31,76.23
8258,944,359,52,1.56,81.12
8259,944,272,67,3.73,249.91
8260,944,202,10,3.91,39.1
8261,944,136,58,3.59,208.22
8262,945,120,57,1.68,95.76
8263,945,14,50,1.11,55.5
8264,945,416,50,3.42,171.0
8265,945,340,67,2.02,135.34
8266,945,353,22,1.56,34.32
8267,945,120,67,1.68,112.56
8268,945,301,56,7.08,396.48
8269,945,68,11,2.12,23.32
8270,945,261,58,6.54,379.32
8271,945,453,28,1.72,48.16
8272,946,285,54,4.14,223.56
8273,946,507,34,2.04,69.36
8274,946,31,66,0.99,65.34
8275,946,134,68,2.63,178.84
8276,946,251,49,4.37,214.13
8277,946,20,51,1.99,101.49
8278,946,349,13,1.41,18.33
8279,946,513,10,1.88,18.8
8280,946,387,13,1.91,24.83
8281,947,395,41,3.58,146.78
8282,947,76,17,6.42,109.14
8283,947,329,24,1.47,35.28
8284,947,345,45,1.56,70.2
8285,947,322,13,2.32,30.16
8286,947,5,22,3.08,67.76
8287,947,2,15,3.09,46.35
8288,947,389,16,1.06,16.96
8289,947,509,12,1.06,12.72
8290,947,418,28,2.01,56.28
8291,948,122,10,2.09,20.9
8292,948,255,65,2.35,152.75
8293,948,12,57,6.15,350.55
8294,948,318,51,1.22,62.22
8295,948,152,52,2.14,111.28
8296,948,366,18,1.2,21.6
8297,948,256,11,8.08,88.88
8298,948,217,26,3.1,80.6
8299,949,122,10,2.09,20.9
8300,949,255,65,2.35,152.75
8301,949,12,57,6.15,350.55
8302,949,318,51,1.22,62.22
8303,949,152,52,2.14,111.28
8304,949,366,18,1.2,21.6
8305,949,256,11,8.08,88.88
8306,949,217,26,3.1,80.6
8307,950,515,50,1.95,97.5
8308,950,378,44,1.17,51.48
8309,950,377,21,1.86,39.06
8310,950,512,50,2.1,105.0
8311,950,468,58,6.53,378.74
8312,950,62,59,1.27,74.93
8313,950,103,9,3.26,29.34
8314,950,21,8,2.87,22.96
8315,950,105,13,2.0,26.0
8316,950,28,15,6.98,104.7
8317,951,56,33,4.48,147.84
8318,951,196,32,2.6,83.2
8319,951,191,44,5.56,244.64
8320,951,142,41,2.3,94.3
8321,951,287,67,8.25,552.75
8322,951,19,38,5.1,193.8
8323,951,106,53,3.46,183.38
8324,951,423,67,3.36,225.12
8325,951,104,53,2.52,133.56
8326,951,118,26,3.01,78.26
8327,952,224,37,4.72,174.64
8328,952,13,59,4.82,284.38
8329,952,311,36,1.17,42.12
8330,952,112,35,2.35,82.25
8331,952,330,55,1.97,108.35
8332,952,173,43,5.97,256.71
8333,952,162,50,6.47,323.5
8334,953,199,59,4.81,283.79
8335,953,29,61,4.2,256.2
8336,953,450,16,1.39,22.24
8337,953,403,57,0.98,55.86
8338,953,202,47,3.91,183.77
8339,953,488,21,7.29,153.09
8340,953,141,25,1.21,30.25
8341,953,84,37,2.48,91.76
8342,953,73,8,3.46,27.68
8343,953,211,55,4.72,259.6
8344,953,496,35,1.88,65.8
8345,954,226,9,4.25,38.25
8346,954,477,27,1.19,32.13
8347,954,176,38,2.96,112.48
8348,954,235,15,2.31,34.65
8349,954,486,56,1.92,107.52
8350,954,222,58,1.12,64.96
8351,954,139,63,1.85,116.55
8352,954,214,10,4.91,49.1
8353,954,441,53,1.92,101.76
8354,954,374,63,1.07,67.41
8355,954,388,60,3.46,207.6
8356,955,444,30,1.08,32.4
8357,955,208,41,2.48,101.68
8358,955,199,35,4.81,168.35
8359,955,30,56,1.13,63.28
8360,955,305,52,3.69,191.88
8361,955,279,29,3.37,97.73
8362,955,385,16,1.86,29.76
8363,956,68,33,2.12,69.96
8364,956,388,50,3.46,173.0
8365,956,426,19,1.43,27.17
8366,956,317,12,1.66,19.92
8367,956,130,31,1.93,59.83
8368,956,390,15,2.01,30.15
8369,956,77,21,4.59,96.39
8370,956,15,46,1.06,48.76
8371,956,75,50,2.31,115.5
8372,956,510,41,2.09,85.69
8373,956,417,31,1.01,31.31
8374,957,349,16,1.41,22.56
8375,957,204,18,2.78,50.04
8376,957,471,58,2.04,118.32
8377,957,338,62,1.18,73.16
8378,957,154,52,5.3,275.6
8379,957,425,34,1.94,65.96
8380,957,240,33,3.15,103.95
8381,957,323,45,1.52,68.4
8382,957,491,13,1.95,25.35
8383,958,310,65,2.6,169.0
8384,958,455,46,1.19,54.74
8385,958,97,58,2.35,136.3
8386,958,512,67,2.1,140.7
8387,958,243,15,5.57,83.55
8388,958,11,47,2.55,119.85
8389,958,129,68,1.89,128.52
8390,958,146,26,3.3,85.8
8391,958,435,28,2.07,57.96
8392,958,113,30,3.49,104.7
8393,959,341,54,1.21,65.34
8394,959,141,50,1.21,60.5
8395,959,118,18,3.01,54.18
8396,959,311,61,1.17,71.37
8397,959,396,62,0.97,60.14
8398,959,184,34,3.83,130.22
8399,959,78,59,1.22,71.98
8400,960,391,37,1.6,59.2
8401,960,201,15,5.33,79.95
8402,960,19,70,5.1,357.0
8403,960,10,17,2.82,47.94
8404,960,221,16,4.39,70.24
8405,960,219,53,3.66,193.98
8406,960,480,20,7.0,140.0
8407,960,276,60,7.91,474.6
8408,960,375,30,1.58,47.4
8409,961,181,18,4.88,87.84
8410,961,94,9,2.58,23.22
8411,961,371,38,1.19,45.22
8412,961,262,10,3.97,39.7
8413,961,156,14,4.99,69.86
8414,961,30,16,1.13,18.08
8415,961,393,66,2.51,165.66
8416,961,216,12,4.37,52.44
8417,962,446,32,2.15,68.8
8418,962,172,40,4.97,198.8
8419,962,107,68,2.41,163.88
8420,962,194,36,2.99,107.64
8421,962,168,41,2.89,118.49
8422,962,153,48,5.6,268.8
8423,962,366,26,1.2,31.2
8424,962,143,36,3.73,134.28
8425,962,307,48,7.57,363.36
8426,962,515,36,1.95,70.2
8427,962,290,70,2.54,177.8
8428,962,171,30,5.86,175.8
8429,963,403,28,0.98,27.44
8430,963,336,46,1.26,57.96
8431,963,231,24,4.48,107.52
8432,963,261,46,6.54,300.84
8433,963,88,38,3.02,114.76
8434,963,239,47,3.72,174.84
8435,963,293,12,2.97,35.64
8436,963,324,37,1.05,38.85
8437,963,204,35,2.78,97.3
8438,964,118,13,3.01,39.13
8439,964,455,64,1.19,76.16
8440,964,371,41,1.19,48.79
8441,964,459,48,1.86,89.28
8442,964,296,69,7.92,546.48
8443,964,420,32,2.06,65.92
8444,965,303,15,3.12,46.8
8445,965,113,25,3.49,87.25
8446,965,159,46,2.86,131.56
8447,965,127,27,2.58,69.66
8448,965,88,34,3.02,102.68
8449,965,328,26,1.25,32.5
8450,965,238,17,2.48,42.16
8451,965,181,20,4.88,97.6
8452,965,14,25,1.11,27.75
8453,966,439,16,1.2,19.2
8454,966,65,29,3.73,108.17
8455,966,46,21,1.16,24.36
8456,966,458,13,1.4,18.2
8457,966,157,28,4.31,120.68
8458,966,265,30,4.13,123.9
8459,966,455,56,1.19,66.64
8460,966,5,46,3.08,141.68
8461,966,439,35,1.2,42.0
8462,966,468,56,6.53,365.68
8463,967,370,13,2.1,27.3
8464,967,97,60,2.35,141.0
8465,967,78,25,1.22,30.5
8466,967,319,23,1.45,33.35
8467,967,258,25,1.88,47.0
8468,967,156,54,4.99,269.46
8469,967,134,9,2.63,23.67
8470,967,222,26,1.12,29.12
8471,967,228,57,2.32,132.24
8472,968,9,41,3.38,138.58
8473,968,54,60,3.77,226.2
8474,968,258,57,1.88,107.16
8475,968,360,20,1.9,38.0
8476,968,295,8,3.94,31.52
8477,968,98,27,3.11,83.97
8478,968,2,68,3.09,210.12
8479,968,423,24,3.36,80.64
8480,968,505,67,2.07,138.69
8481,969,490,19,6.93,131.67
8482,969,77,63,4.59,289.17
8483,969,133,34,3.37,114.58
8484,969,477,43,1.19,51.17
8485,969,74,63,3.12,196.56
8486,970,439,18,1.2,21.6
8487,970,250,14,2.94,41.16
8488,970,301,21,7.08,148.68
8489,970,140,61,1.66,101.26
8490,970,512,36,2.1,75.6
8491,970,469,46,6.19,284.74
8492,970,11,27,2.55,68.85
8493,970,220,65,3.09,200.85
8494,970,137,25,2.59,64.75
8495,971,369,46,1.56,71.76
8496,971,320,53,1.98,104.94
8497,971,273,56,3.16,176.96
8498,971,111,27,1.21,32.67
8499,971,371,53,1.19,63.07
8500,971,135,36,1.95,70.2
8501,971,43,15,2.65,39.75
8502,971,425,18,1.94,34.92
8503,971,317,47,1.66,78.02
8504,971,321,57,1.13,64.41
8505,972,186,56,2.86,160.16
8506,972,99,42,1.88,78.96
8507,972,349,46,1.41,64.86
8508,972,160,38,2.92,110.96
8509,972,204,40,2.78,111.2
8510,972,91,28,1.22,34.16
8511,972,432,55,6.27,344.85
8512,972,291,47,6.71,315.37
8513,972,38,56,4.18,234.08
8514,973,71,66,2.66,175.56
8515,973,58,16,3.07,49.12
8516,973,268,63,2.08,131.04
8517,973,244,50,5.16,258.0
8518,973,307,53,7.57,401.21
8519,973,417,32,1.01,32.32
8520,973,355,42,1.41,59.22
8521,973,110,67,1.69,113.23
8522,974,134,49,2.63,128.87
8523,974,394,62,1.84,114.08
8524,974,458,10,1.4,14.0
8525,974,210,35,2.86,100.1
8526,974,268,35,2.08,72.8
8527,974,221,10,4.39,43.9
8528,975,212,10,1.2,12.0
8529,975,26,56,3.1,173.6
8530,975,90,9,1.88,16.92
8531,975,332,42,2.69,112.98
8532,975,73,19,3.46,65.74
8533,975,279,21,3.37,70.77
8534,976,199,40,4.81,192.4
8535,976,319,55,1.45,79.75
8536,976,242,48,1.16,55.68
8537,976,96,40,3.35,134.0
8538,976,275,21,4.11,86.31
8539,976,444,38,1.08,41.04
8540,976,68,68,2.12,144.16
8541,976,24,53,4.62,244.86
8542,976,4,34,2.0,68.0
8543,977,139,18,1.85,33.3
8544,977,61,62,4.58,283.96
8545,977,158,31,2.8,86.8
8546,977,165,64,4.71,301.44
8547,977,448,34,6.35,215.9
8548,977,242,22,1.16,25.52
8549,977,240,34,3.15,107.1
8550,977,484,12,6.09,73.08
8551,978,5,44,3.08,135.52
8552,978,398,42,1.48,62.16
8553,978,409,49,3.52,172.48
8554,978,221,23,4.39,100.97
8555,978,309,42,3.72,156.24
8556,978,351,57,1.14,64.98
8557,978,105,52,2.0,104.0
8558,978,461,24,2.06,49.44
8559,978,146,65,3.3,214.5
8560,978,33,44,3.6,158.4
8561,978,169,64,2.78,177.92
8562,979,91,33,1.22,40.26
8563,979,433,39,1.99,77.61
8564,979,100,28,1.87,52.36
8565,979,353,60,1.56,93.6
8566,979,20,22,1.99,43.78
8567,979,489,70,5.76,403.2
8568,979,115,28,1.9,53.2
8569,979,392,18,2.08,37.44
8570,979,8,24,4.63,111.12
8571,979,232,13,1.15,14.95
8572,979,168,18,2.89,52.02
8573,979,406,67,1.92,128.64
8574,980,272,67,3.73,249.91
8575,980,171,39,5.86,228.54
8576,980,104,41,2.52,103.32
8577,980,96,38,3.35,127.3
8578,980,324,47,1.05,49.35
8579,980,371,17,1.19,20.23
8580,980,19,12,5.1,61.2
8581,981,494,45,1.97,88.65
8582,981,322,20,2.32,46.4
8583,981,369,70,1.56,109.2
8584,981,507,48,2.04,97.92
8585,981,87,12,2.33,27.96
8586,981,74,44,3.12,137.28
8587,981,151,40,2.62,104.8
8588,982,96,69,3.35,231.15
8589,982,207,11,2.94,32.34
8590,982,259,20,3.59,71.8
8591,982,479,70,6.19,433.3
8592,982,92,23,2.18,50.14
8593,983,210,29,2.86,82.94
8594,983,296,12,7.92,95.04
8595,983,340,70,2.02,141.4
8596,983,438,53,1.91,101.23
8597,983,400,41,2.65,108.65
8598,983,252,56,1.16,64.96
8599,983,479,17,6.19,105.23
8600,983,155,47,6.13,288.11
8601,983,86,20,3.72,74.4
8602,983,315,57,1.43,81.51
8603,983,165,28,4.71,131.88
8604,984,468,12,6.53,78.36
8605,984,360,57,1.9,108.3
8606,984,90,55,1.88,103.4
8607,984,351,13,1.14,14.82
8608,984,71,31,2.66,82.46
8609,984,88,46,3.02,138.92
8610,984,280,13,2.44,31.72
8611,984,148,19,2.97,56.43
8612,984,12,55,6.15,338.25
8613,984,386,18,2.32,41.76
8614,985,118,61,3.01,183.61
8615,985,151,16,2.62,41.92
8616,985,415,9,1.92,17.28
8617,985,68,57,2.12,120.84
8618,985,88,47,3.02,141.94
8619,985,384,66,1.48,97.68
8620,985,507,13,2.04,26.52
8621,985,496,51,1.88,95.88
8622,986,369,70,1.56,109.2
8623,986,315,28,1.43,40.04
8624,986,303,13,3.12,40.56
8625,986,283,30,3.01,90.3
8626,986,467,41,1.11,45.51
8627,986,378,55,1.17,64.35
8628,986,387,34,1.91,64.94
8629,986,85,21,2.12,44.52
8630,986,468,64,6.53,417.92
8631,986,279,23,3.37,77.51
8632,987,443,24,2.12,50.88
8633,987,3,70,5.82,407.4
8634,987,476,61,1.97,120.17
8635,987,468,63,6.53,411.39
8636,987,422,57,1.91,108.87
8637,987,430,16,1.99,31.84
8638,987,353,9,1.56,14.04
8639,988,372,32,2.68,85.76
8640,988,329,69,1.47,101.43
8641,988,59,31,2.45,75.95
8642,988,261,13,6.54,85.02
8643,988,5,17,3.08,52.36
8644,988,412,37,1.38,51.06
8645,988,454,52,2.03,105.56
8646,988,60,54,6.04,326.16
8647,988,389,48,1.06,50.88
8648,988,27,43,2.66,114.38
8649,988,189,10,6.22,62.2
8650,989,416,11,3.42,37.62
8651,989,189,63,6.22,391.86
8652,989,94,70,2.58,180.6
8653,989,318,27,1.22,32.94
8654,989,377,54,1.86,100.44
8655,989,354,41,1.04,42.64
8656,989,418,11,2.01,22.11
8657,989,189,63,6.22,391.86
8658,989,350,21,2.1,44.1
8659,989,112,29,2.35,68.15
8660,989,460,63,0.96,60.48
8661,990,167,49,2.94,144.06
8662,990,510,15,2.09,31.35
8663,990,485,20,6.75,135.0
8664,990,31,36,0.99,35.64
8665,990,461,54,2.06,111.24
8666,990,39,8,2.6,20.8
8667,991,237,14,3.21,44.94
8668,991,355,29,1.41,40.89
8669,991,471,14,2.04,28.56
8670,991,77,10,4.59,45.9
8671,991,144,53,2.51,133.03
8672,991,439,40,1.2,48.0
8673,991,285,14,4.14,57.96
8674,991,300,19,2.32,44.08
8675,991,489,51,5.76,293.76
8676,991,424,54,1.07,57.78
8677,991,453,54,1.72,92.88
8678,992,470,35,7.24,253.4
8679,992,464,48,6.25,300.0
8680,992,69,30,3.06,91.8
8681,992,171,22,5.86,128.92
8682,992,148,25,2.97,74.25
8683,992,147,15,2.67,40.05
8684,992,508,57,1.5,85.5
8685,992,254,58,5.13,297.54
8686,992,169,18,2.78,50.04
8687,993,444,10,1.08,10.8
8688,993,382,27,1.05,28.35
8689,993,492,22,1.42,31.24
8690,993,30,25,1.13,28.25
8691,993,13,22,4.82,106.04
8692,993,431,53,1.26,66.78
8693,993,208,65,2.48,161.2
8694,994,476,58,1.97,114.26
8695,994,157,41,4.31,176.71
8696,994,498,39,1.41,54.99
8697,994,353,44,1.56,68.64
8698,994,479,54,6.19,334.26
8699,994,86,47,3.72,174.84
8700,994,402,9,3.33,29.97
8701,995,190,12,4.87,58.44
8702,995,44,47,6.97,327.59
8703,995,320,54,1.98,106.92
8704,995,235,69,2.31,159.39
8705,995,222,37,1.12,41.44
8706,995,91,30,1.22,36.6
8707,995,347,27,1.73,46.71
8708,995,2,53,3.09,163.77
8709,995,480,59,7.0,413.0
8710,995,163,69,5.28,364.32
8711,996,181,19,4.88,92.72
8712,996,224,67,4.72,316.24
8713,996,240,16,3.15,50.4
8714,996,471,29,2.04,59.16
8715,996,256,70,8.08,565.6
8716,996,322,66,2.32,153.12
8717,996,230,40,3.12,124.8
8718,996,514,43,1.51,64.93
8719,997,102,16,2.09,33.44
8720,997,448,29,6.35,184.15
8721,997,95,59,2.06,121.54
8722,997,256,12,8.08,96.96
8723,997,385,40,1.86,74.4
8724,998,444,10,1.08,10.8
8725,998,382,27,1.05,28.35
8726,998,492,22,1.42,31.24
8727,998,30,25,1.13,28.25
8728,998,13,22,4.82,106.04
8729,998,431,53,1.26,66.78
8730,998,208,65,2.48,161.2
8731,999,457,50,1.84,92.0
8732,999,101,66,1.22,80.52
8733,999,123,45,3.42,153.9
8734,999,71,61,2.66,162.26
8735,999,155,32,6.13,196.16
8736,999,397,59,1.96,115.64
8737,999,125,11,1.88,20.68
8738,999,83,29,3.29,95.41
8739,999,362,57,2.56,145.92
8740,999,230,24,3.12,74.88
8741,999,389,45,1.06,47.7
8742,1000,302,56,3.82,213.92
8743,1000,280,8,2.44,19.52
8744,1000,384,62,1.48,91.76
8745,1000,280,44,2.44,107.36
8746,1000,455,56,1.19,66.64
8747,1000,15,12,1.06,12.72
8748,1000,13,23,4.82,110.86
8749,1000,418,34,2.01,68.34
8750,1000,213,53,5.91,313.23
8751,1000,117,38,2.52,95.76
