KeySucursal,NombreSucursal,Fecha,DiaSemana,venta_neta,tickets,tipo_evento,nombre_evento
1,KUSI MINIMARKET - Vía de Evitamiento Norte,2023-01-07,7,564.99,41,,
1,KUSI MINIMARKET - Vía de Evitamiento Norte,2023-01-17,3,676.73,46,,
5,KUSI MINIMARKET - San Sebastián,2023-01-19,5,234.6,11,,
1,KUSI MINIMARKET - Vía de Evitamiento Norte,2023-01-21,7,515.15,40,,
5,KUSI MINIMARKET - San Sebastián,2023-01-22,1,187.93,11,,
1,KUSI MINIMARKET - Vía de Evitamiento Norte,2023-01-26,5,777.98,49,,
1,KUSI MINIMARKET - Vía de Evitamiento Norte,2023-01-31,3,574.85,48,,
7,KUSI MINIMARKET - San Roque,2023-02-19,1,131.14,8,Festividad local,Campaña escolar
1,KUSI MINIMARKET - Vía de Evitamiento Norte,2023-02-25,7,477.5,34,Festividad local,Campaña escolar
1,KUSI MINIMARKET - Vía de Evitamiento Norte,2023-02-28,3,580.79,41,Festividad local,Campaña escolar
5,KUSI MINIMARKET - San Sebastián,2023-02-28,3,223.84,13,Festividad local,Campaña escolar
1,KUSI MINIMARKET - Vía de Evitamiento Norte,2023-03-02,5,670.22,48,Festividad local,Campaña escolar
6,KUSI MINIMARKET - Silva Santisteban,2023-03-04,7,212.33,15,Festividad local,Campaña escolar
1,KUSI MINIMARKET - Vía de Evitamiento Norte,2023-03-13,2,594.42,46,Festividad local,Campaña escolar
7,KUSI MINIMARKET - San Roque,2023-03-22,4,238.85,20,,
5,KUSI MINIMARKET - San Sebastián,2023-03-23,5,312.94,23,,
5,KUSI MINIMARKET - San Sebastián,2023-03-27,2,209.94,16,,
5,KUSI MINIMARKET - San Sebastián,2023-03-28,3,311.98,19,,
5,KUSI MINIMARKET - San Sebastián,2023-03-29,4,286.62,22,,
5,KUSI MINIMARKET - San Sebastián,2023-03-30,5,140.84,10,,
5,KUSI MINIMARKET - San Sebastián,2023-04-11,3,268.54,22,,
1,KUSI MINIMARKET - Vía de Evitamiento Norte,2023-04-16,1,760.39,52,,
1,KUSI MINIMARKET - Vía de Evitamiento Norte,2023-04-23,1,873.29,64,,
6,KUSI MINIMARKET - Silva Santisteban,2023-04-26,4,210.61,12,,
6,KUSI MINIMARKET - Silva Santisteban,2023-05-01,2,243.87,15,Feriado nacional,Día del Trabajo
1,KUSI MINIMARKET - Vía de Evitamiento Norte,2023-05-07,1,527.77,48,,
1,KUSI MINIMARKET - Vía de Evitamiento Norte,2023-05-13,7,846.88,59,,
5,KUSI MINIMARKET - San Sebastián,2023-05-15,2,254.09,18,,
5,KUSI MINIMARKET - San Sebastián,2023-05-19,6,347.56,21,,
7,KUSI MINIMARKET - San Roque,2023-05-28,1,316.53,24,,
5,KUSI MINIMARKET - San Sebastián,2023-06-05,2,247.03,21,,
5,KUSI MINIMARKET - San Sebastián,2023-06-06,3,223.57,13,,
5,KUSI MINIMARKET - San Sebastián,2023-06-26,2,207.97,15,,
1,KUSI MINIMARKET - Vía de Evitamiento Norte,2023-07-08,7,745.65,52,,
1,KUSI MINIMARKET - Vía de Evitamiento Norte,2023-07-10,2,712.44,51,,
7,KUSI MINIMARKET - San Roque,2023-07-13,5,274.34,19,,
1,KUSI MINIMARKET - Vía de Evitamiento Norte,2023-07-15,7,728.68,48,,
1,KUSI MINIMARKET - Vía de Evitamiento Norte,2023-07-16,1,673.64,51,,
1,KUSI MINIMARKET - Vía de Evitamiento Norte,2023-07-18,3,627.72,45,,
7,KUSI MINIMARKET - San Roque,2023-07-28,6,292.68,19,Feriado nacional,Fiestas Patrias
1,KUSI MINIMARKET - Vía de Evitamiento Norte,2023-07-30,1,997.33,61,,
6,KUSI MINIMARKET - Silva Santisteban,2023-08-04,6,252.52,17,,
1,KUSI MINIMARKET - Vía de Evitamiento Norte,2023-08-07,2,852.43,56,,
7,KUSI MINIMARKET - San Roque,2023-08-08,3,201.07,15,,
1,KUSI MINIMARKET - Vía de Evitamiento Norte,2023-08-09,4,765.48,52,,
6,KUSI MINIMARKET - Silva Santisteban,2023-08-15,3,235.99,11,,
1,KUSI MINIMARKET - Vía de Evitamiento Norte,2023-08-20,1,619.05,45,,
1,KUSI MINIMARKET - Vía de Evitamiento Norte,2023-08-27,1,887.86,54,,
1,KUSI MINIMARKET - Vía de Evitamiento Norte,2023-09-01,6,555.51,43,,
6,KUSI MINIMARKET - Silva Santisteban,2023-09-02,7,272.72,17,,
1,KUSI MINIMARKET - Vía de Evitamiento Norte,2023-09-03,1,882.07,58,,
1,KUSI MINIMARKET - Vía de Evitamiento Norte,2023-09-07,5,744.47,51,,
6,KUSI MINIMARKET - Silva Santisteban,2023-09-12,3,252.23,17,,
5,KUSI MINIMARKET - San Sebastián,2023-09-16,7,248.35,17,,
1,KUSI MINIMARKET - Vía de Evitamiento Norte,2023-09-20,4,600.8,47,,
6,KUSI MINIMARKET - Silva Santisteban,2023-09-22,6,308.48,21,,
7,KUSI MINIMARKET - San Roque,2023-10-17,3,218.26,19,,
7,KUSI MINIMARKET - San Roque,2023-10-23,2,151.96,13,,
1,KUSI MINIMARKET - Vía de Evitamiento Norte,2023-11-07,3,554.79,47,,
5,KUSI MINIMARKET - San Sebastián,2023-11-13,2,263.91,21,,
1,KUSI MINIMARKET - Vía de Evitamiento Norte,2023-11-16,5,579.77,45,,
5,KUSI MINIMARKET - San Sebastián,2023-11-26,1,311.41,19,,
1,KUSI MINIMARKET - Vía de Evitamiento Norte,2023-11-29,4,629.64,47,,
7,KUSI MINIMARKET - San Roque,2023-12-02,7,373.26,27,,
5,KUSI MINIMARKET - San Sebastián,2023-12-08,6,283.28,17,Feriado nacional,Inmaculada Concepción
1,KUSI MINIMARKET - Vía de Evitamiento Norte,2023-12-15,6,964.93,64,Festividad local,Campaña navideña
5,KUSI MINIMARKET - San Sebastián,2023-12-17,1,258.58,19,Festividad local,Campaña navideña
1,KUSI MINIMARKET - Vía de Evitamiento Norte,2023-12-18,2,911.69,68,Festividad local,Campaña navideña
7,KUSI MINIMARKET - San Roque,2023-12-24,1,345.34,23,Festividad local,Campaña navideña
1,KUSI MINIMARKET - Vía de Evitamiento Norte,2023-12-25,2,977.92,62,Feriado nacional,Navidad
1,KUSI MINIMARKET - Vía de Evitamiento Norte,2023-12-31,1,898.45,60,Festividad local,Fin de año
7,KUSI MINIMARKET - San Roque,2024-01-02,3,154.73,13,,
7,KUSI MINIMARKET - San Roque,2024-01-12,6,157.1,11,,
1,KUSI MINIMARKET - Vía de Evitamiento Norte,2024-01-21,1,620.53,42,,
1,KUSI MINIMARKET - Vía de Evitamiento Norte,2024-01-26,6,743.48,51,,
5,KUSI MINIMARKET - San Sebastián,2024-01-31,4,263.18,17,,
1,KUSI MINIMARKET - Vía de Evitamiento Norte,2024-02-03,7,462.09,33,,
1,KUSI MINIMARKET - Vía de Evitamiento Norte,2024-02-04,1,564.16,39,,
6,KUSI MINIMARKET - Silva Santisteban,2024-02-10,7,204.6,17,Festividad local,Carnaval de Cajamarca
1,KUSI MINIMARKET - Vía de Evitamiento Norte,2024-02-13,3,644.8,41,Festividad local,Carnaval de Cajamarca
5,KUSI MINIMARKET - San Sebastián,2024-02-26,2,245.53,18,Festividad local,Campaña escolar
5,KUSI MINIMARKET - San Sebastián,2024-03-13,4,373.79,20,Festividad local,Campaña escolar
5,KUSI MINIMARKET - San Sebastián,2024-03-16,7,165.45,12,,
1,KUSI MINIMARKET - Vía de Evitamiento Norte,2024-03-16,7,755.34,49,,
7,KUSI MINIMARKET - San Roque,2024-03-23,7,350.85,23,,
6,KUSI MINIMARKET - Silva Santisteban,2024-03-25,2,181.7,19,Festividad local,Semana Santa
6,KUSI MINIMARKET - Silva Santisteban,2024-03-31,1,271.56,17,Festividad local,Semana Santa
1,KUSI MINIMARKET - Vía de Evitamiento Norte,2024-04-01,2,792.14,53,,
1,KUSI MINIMARKET - Vía de Evitamiento Norte,2024-04-03,4,626.84,46,,
6,KUSI MINIMARKET - Silva Santisteban,2024-04-17,4,175.74,14,,
1,KUSI MINIMARKET - Vía de Evitamiento Norte,2024-04-18,5,609.48,45,,
1,KUSI MINIMARKET - Vía de Evitamiento Norte,2024-04-19,6,668.43,47,,
6,KUSI MINIMARKET - Silva Santisteban,2024-04-23,3,211.89,14,,
7,KUSI MINIMARKET - San Roque,2024-04-26,6,400.78,28,,
1,KUSI MINIMARKET - Vía de Evitamiento Norte,2024-05-02,5,545.38,41,,
1,KUSI MINIMARKET - Vía de Evitamiento Norte,2024-05-06,2,837.16,57,,
5,KUSI MINIMARKET - San Sebastián,2024-05-09,5,464.32,26,,
7,KUSI MINIMARKET - San Roque,2024-05-10,6,316.74,25,,
1,KUSI MINIMARKET - Vía de Evitamiento Norte,2024-05-16,5,535.43,43,,
7,KUSI MINIMARKET - San Roque,2024-05-18,7,233.74,15,,
1,KUSI MINIMARKET - Vía de Evitamiento Norte,2024-05-19,1,696.88,51,,
6,KUSI MINIMARKET - Silva Santisteban,2024-05-21,3,267.11,22,,
7,KUSI MINIMARKET - San Roque,2024-05-22,4,292.66,19,,
7,KUSI MINIMARKET - San Roque,2024-05-28,3,235.0,18,,
6,KUSI MINIMARKET - Silva Santisteban,2024-05-29,4,403.09,25,,
6,KUSI MINIMARKET - Silva Santisteban,2024-05-31,6,398.41,26,,
1,KUSI MINIMARKET - Vía de Evitamiento Norte,2024-06-01,7,795.86,54,,
5,KUSI MINIMARKET - San Sebastián,2024-06-04,3,324.09,20,,
1,KUSI MINIMARKET - Vía de Evitamiento Norte,2024-06-05,4,663.12,53,,
5,KUSI MINIMARKET - San Sebastián,2024-06-14,6,250.97,17,,
1,KUSI MINIMARKET - Vía de Evitamiento Norte,2024-06-17,2,789.23,53,,
1,KUSI MINIMARKET - Vía de Evitamiento Norte,2024-06-19,4,664.99,49,,
1,KUSI MINIMARKET - Vía de Evitamiento Norte,2024-06-22,7,674.24,50,,
7,KUSI MINIMARKET - San Roque,2024-06-26,4,122.33,11,,
5,KUSI MINIMARKET - San Sebastián,2024-07-12,6,262.45,20,,
1,KUSI MINIMARKET - Vía de Evitamiento Norte,2024-07-14,1,775.69,56,,
1,KUSI MINIMARKET - Vía de Evitamiento Norte,2024-07-15,2,782.4,50,,
1,KUSI MINIMARKET - Vía de Evitamiento Norte,2024-07-22,2,812.69,47,,
6,KUSI MINIMARKET - Silva Santisteban,2024-07-24,4,268.91,19,,
1,KUSI MINIMARKET - Vía de Evitamiento Norte,2024-08-03,7,580.16,44,,
1,KUSI MINIMARKET - Vía de Evitamiento Norte,2024-08-06,3,756.88,56,,
6,KUSI MINIMARKET - Silva Santisteban,2024-08-09,6,284.95,18,,
7,KUSI MINIMARKET - San Roque,2024-08-18,1,241.93,18,,
5,KUSI MINIMARKET - San Sebastián,2024-08-25,1,142.09,14,,
6,KUSI MINIMARKET - Silva Santisteban,2024-09-02,2,235.97,17,,
1,KUSI MINIMARKET - Vía de Evitamiento Norte,2024-09-07,7,914.6,67,,
7,KUSI MINIMARKET - San Roque,2024-02-15,5,208.31,10,Festividad local,Campaña escolar
6,KUSI MINIMARKET - Silva Santisteban,2024-04-30,3,336.61,19,,
7,KUSI MINIMARKET - San Roque,2024-09-26,5,154.54,10,,
1,KUSI MINIMARKET - Vía de Evitamiento Norte,2024-10-01,3,609.28,42,,
1,KUSI MINIMARKET - Vía de Evitamiento Norte,2024-10-06,1,881.85,60,,
6,KUSI MINIMARKET - Silva Santisteban,2024-10-06,1,214.52,19,,
1,KUSI MINIMARKET - Vía de Evitamiento Norte,2024-10-07,2,489.03,40,,
1,KUSI MINIMARKET - Vía de Evitamiento Norte,2024-10-10,5,399.67,32,,
5,KUSI MINIMARKET - San Sebastián,2024-10-14,2,240.97,24,,
1,KUSI MINIMARKET - Vía de Evitamiento Norte,2024-10-22,3,818.75,53,,
1,KUSI MINIMARKET - Vía de Evitamiento Norte,2024-10-27,1,766.24,56,,
7,KUSI MINIMARKET - San Roque,2024-11-07,5,432.16,26,,
1,KUSI MINIMARKET - Vía de Evitamiento Norte,2024-11-09,7,723.44,50,,
7,KUSI MINIMARKET - San Roque,2024-12-01,1,299.84,18,,
5,KUSI MINIMARKET - San Sebastián,2024-12-07,7,369.82,22,,
7,KUSI MINIMARKET - San Roque,2024-12-09,2,438.63,22,,
5,KUSI MINIMARKET - San Sebastián,2024-12-11,4,323.71,27,,
6,KUSI MINIMARKET - Silva Santisteban,2024-12-13,6,362.75,27,,
6,KUSI MINIMARKET - Silva Santisteban,2024-12-26,5,310.65,22,Festividad local,Fin de año
5,KUSI MINIMARKET - San Sebastián,2024-12-26,5,307.09,19,Festividad local,Fin de año
5,KUSI MINIMARKET - San Sebastián,2025-01-04,7,283.72,22,,
7,KUSI MINIMARKET - San Roque,2025-01-10,6,314.12,19,,
5,KUSI MINIMARKET - San Sebastián,2025-01-11,7,289.76,18,,
1,KUSI MINIMARKET - Vía de Evitamiento Norte,2025-01-12,1,1008.72,61,,
1,KUSI MINIMARKET - Vía de Evitamiento Norte,2025-01-21,3,654.42,46,,
1,KUSI MINIMARKET - Vía de Evitamiento Norte,2025-01-24,6,509.9,44,,
1,KUSI MINIMARKET - Vía de Evitamiento Norte,2025-01-28,3,673.04,45,,
5,KUSI MINIMARKET - San Sebastián,2025-01-31,6,253.99,17,,
1,KUSI MINIMARKET - Vía de Evitamiento Norte,2025-01-31,6,562.04,46,,
1,KUSI MINIMARKET - Vía de Evitamiento Norte,2025-02-01,7,584.85,49,,
1,KUSI MINIMARKET - Vía de Evitamiento Norte,2025-02-08,7,716.44,54,,
1,KUSI MINIMARKET - Vía de Evitamiento Norte,2025-02-18,3,821.0,66,Festividad local,Campaña escolar
5,KUSI MINIMARKET - San Sebastián,2025-02-21,6,310.33,19,Festividad local,Campaña escolar
1,KUSI MINIMARKET - Vía de Evitamiento Norte,2025-02-26,4,588.93,45,Festividad local,Campaña escolar
5,KUSI MINIMARKET - San Sebastián,2025-02-28,6,258.11,19,Festividad local,Campaña escolar
1,KUSI MINIMARKET - Vía de Evitamiento Norte,2025-02-28,6,973.26,62,Festividad local,Campaña escolar
1,KUSI MINIMARKET - Vía de Evitamiento Norte,2025-03-01,7,893.28,62,Festividad local,Campaña escolar
6,KUSI MINIMARKET - Silva Santisteban,2025-03-11,3,214.91,16,Festividad local,Campaña escolar
5,KUSI MINIMARKET - San Sebastián,2025-03-27,5,312.74,21,,
7,KUSI MINIMARKET - San Roque,2025-04-03,5,254.9,17,,
7,KUSI MINIMARKET - San Roque,2025-04-05,7,299.2,21,,
1,KUSI MINIMARKET - Vía de Evitamiento Norte,2025-04-08,3,801.31,63,,
6,KUSI MINIMARKET - Silva Santisteban,2025-04-09,4,336.53,25,,
1,KUSI MINIMARKET - Vía de Evitamiento Norte,2025-04-13,1,934.35,56,Festividad local,Semana Santa
6,KUSI MINIMARKET - Silva Santisteban,2025-04-17,5,301.94,24,Feriado nacional,Jueves/Viernes Santo
1,KUSI MINIMARKET - Vía de Evitamiento Norte,2025-04-23,4,877.83,58,,
1,KUSI MINIMARKET - Vía de Evitamiento Norte,2025-05-02,6,754.4,48,,
6,KUSI MINIMARKET - Silva Santisteban,2025-05-02,6,269.9,17,,
1,KUSI MINIMARKET - Vía de Evitamiento Norte,2025-05-14,4,1018.84,63,,
1,KUSI MINIMARKET - Vía de Evitamiento Norte,2025-05-16,6,956.85,54,,
6,KUSI MINIMARKET - Silva Santisteban,2025-05-24,7,493.39,30,,
5,KUSI MINIMARKET - San Sebastián,2025-05-26,2,230.19,15,,
1,KUSI MINIMARKET - Vía de Evitamiento Norte,2025-06-01,1,897.44,64,,
7,KUSI MINIMARKET - San Roque,2025-06-06,6,214.34,15,,
6,KUSI MINIMARKET - Silva Santisteban,2025-06-13,6,380.33,29,,
5,KUSI MINIMARKET - San Sebastián,2025-06-14,7,334.04,23,,
6,KUSI MINIMARKET - Silva Santisteban,2025-06-22,1,372.06,22,,
1,KUSI MINIMARKET - Vía de Evitamiento Norte,2025-06-24,3,543.46,41,,
7,KUSI MINIMARKET - San Roque,2025-06-26,5,172.01,16,,
7,KUSI MINIMARKET - San Roque,2025-06-28,7,269.32,20,,
1,KUSI MINIMARKET - Vía de Evitamiento Norte,2025-06-28,7,547.35,45,,
1,KUSI MINIMARKET - Vía de Evitamiento Norte,2025-06-30,2,811.71,53,,
5,KUSI MINIMARKET - San Sebastián,2025-07-03,5,395.78,27,,
1,KUSI MINIMARKET - Vía de Evitamiento Norte,2025-07-05,7,950.93,62,,
5,KUSI MINIMARKET - San Sebastián,2025-07-08,3,501.35,34,,
1,KUSI MINIMARKET - Vía de Evitamiento Norte,2025-07-13,1,1024.99,74,,
6,KUSI MINIMARKET - Silva Santisteban,2025-07-19,7,454.23,31,,
1,KUSI MINIMARKET - Vía de Evitamiento Norte,2025-07-28,2,980.33,63,Feriado nacional,Fiestas Patrias
5,KUSI MINIMARKET - San Sebastián,2025-07-28,2,386.1,27,Feriado nacional,Fiestas Patrias
1,KUSI MINIMARKET - Vía de Evitamiento Norte,2025-08-04,2,843.48,56,,
1,KUSI MINIMARKET - Vía de Evitamiento Norte,2025-08-09,7,692.5,52,,
1,KUSI MINIMARKET - Vía de Evitamiento Norte,2025-08-20,4,797.18,54,,
5,KUSI MINIMARKET - San Sebastián,2025-08-21,5,146.64,10,,
7,KUSI MINIMARKET - San Roque,2025-08-28,5,427.36,26,,
2,KUSI MINIMARKET - Hoyos Rubio,2023-01-12,5,339.51,22,,
2,KUSI MINIMARKET - Hoyos Rubio,2023-01-18,4,331.96,24,,
2,KUSI MINIMARKET - Hoyos Rubio,2023-01-21,7,512.52,34,,
2,KUSI MINIMARKET - Hoyos Rubio,2023-01-22,1,399.17,28,,
7,KUSI MINIMARKET - San Roque,2023-02-01,4,160.28,10,,
5,KUSI MINIMARKET - San Sebastián,2023-02-06,2,282.4,17,,
2,KUSI MINIMARKET - Hoyos Rubio,2023-02-06,2,254.73,22,,
2,KUSI MINIMARKET - Hoyos Rubio,2023-02-08,4,471.84,32,,
5,KUSI MINIMARKET - San Sebastián,2023-02-10,6,199.55,14,,
2,KUSI MINIMARKET - Hoyos Rubio,2023-02-18,7,435.3,27,Festividad local,Campaña escolar
2,KUSI MINIMARKET - Hoyos Rubio,2023-02-22,4,347.41,25,Festividad local,Campaña escolar
2,KUSI MINIMARKET - Hoyos Rubio,2023-03-26,1,303.47,21,,
2,KUSI MINIMARKET - Hoyos Rubio,2023-03-29,4,226.44,20,,
2,KUSI MINIMARKET - Hoyos Rubio,2023-03-30,5,520.8,27,,
2,KUSI MINIMARKET - Hoyos Rubio,2023-04-03,2,450.68,30,Festividad local,Semana Santa
2,KUSI MINIMARKET - Hoyos Rubio,2023-04-13,5,421.46,28,,
2,KUSI MINIMARKET - Hoyos Rubio,2023-04-23,1,456.42,30,,
2,KUSI MINIMARKET - Hoyos Rubio,2023-05-16,3,475.4,29,,
2,KUSI MINIMARKET - Hoyos Rubio,2023-05-24,4,304.3,20,,
2,KUSI MINIMARKET - Hoyos Rubio,2023-05-29,2,408.24,30,,
2,KUSI MINIMARKET - Hoyos Rubio,2023-06-07,4,456.07,31,,
2,KUSI MINIMARKET - Hoyos Rubio,2023-06-10,7,410.38,26,,
2,KUSI MINIMARKET - Hoyos Rubio,2023-06-12,2,267.24,21,,
2,KUSI MINIMARKET - Hoyos Rubio,2023-07-18,3,308.29,28,,
2,KUSI MINIMARKET - Hoyos Rubio,2023-07-31,2,347.8,29,,
5,KUSI MINIMARKET - San Sebastián,2023-08-02,4,85.73,7,,
2,KUSI MINIMARKET - Hoyos Rubio,2023-08-13,1,395.19,31,,
2,KUSI MINIMARKET - Hoyos Rubio,2023-09-20,4,312.32,20,,
7,KUSI MINIMARKET - San Roque,2023-09-24,1,264.31,21,,
2,KUSI MINIMARKET - Hoyos Rubio,2023-09-29,6,445.44,31,,
2,KUSI MINIMARKET - Hoyos Rubio,2023-10-12,5,364.76,28,,
6,KUSI MINIMARKET - Silva Santisteban,2023-10-12,5,172.26,12,,
2,KUSI MINIMARKET - Hoyos Rubio,2023-10-14,7,566.32,36,,
5,KUSI MINIMARKET - San Sebastián,2023-10-16,2,237.7,16,,
2,KUSI MINIMARKET - Hoyos Rubio,2023-10-27,6,319.38,21,,
2,KUSI MINIMARKET - Hoyos Rubio,2023-11-12,1,609.15,39,,
5,KUSI MINIMARKET - San Sebastián,2023-12-12,3,341.69,24,,
2,KUSI MINIMARKET - Hoyos Rubio,2023-12-26,3,553.14,36,Festividad local,Fin de año
2,KUSI MINIMARKET - Hoyos Rubio,2024-01-05,6,210.84,15,,
5,KUSI MINIMARKET - San Sebastián,2024-01-06,7,181.82,14,,
2,KUSI MINIMARKET - Hoyos Rubio,2024-01-18,5,383.35,25,,
2,KUSI MINIMARKET - Hoyos Rubio,2024-01-30,3,368.26,27,,
2,KUSI MINIMARKET - Hoyos Rubio,2024-02-15,5,484.09,31,Festividad local,Campaña escolar
2,KUSI MINIMARKET - Hoyos Rubio,2024-02-27,3,243.58,22,Festividad local,Campaña escolar
2,KUSI MINIMARKET - Hoyos Rubio,2024-03-15,6,541.48,35,Festividad local,Campaña escolar
2,KUSI MINIMARKET - Hoyos Rubio,2024-04-06,7,457.88,26,,
6,KUSI MINIMARKET - Silva Santisteban,2024-04-16,3,229.67,15,,
5,KUSI MINIMARKET - San Sebastián,2024-05-18,7,347.39,19,,
5,KUSI MINIMARKET - San Sebastián,2024-05-21,3,228.23,10,,
7,KUSI MINIMARKET - San Roque,2024-06-13,5,329.19,18,,
2,KUSI MINIMARKET - Hoyos Rubio,2024-06-16,1,309.69,22,Festividad local,Día del Padre
2,KUSI MINIMARKET - Hoyos Rubio,2024-06-22,7,336.07,28,,
7,KUSI MINIMARKET - San Roque,2024-07-05,6,188.54,12,,
5,KUSI MINIMARKET - San Sebastián,2024-07-11,5,163.6,13,,
2,KUSI MINIMARKET - Hoyos Rubio,2024-07-20,7,438.35,29,,
2,KUSI MINIMARKET - Hoyos Rubio,2024-07-22,2,620.34,39,,
2,KUSI MINIMARKET - Hoyos Rubio,2024-08-14,4,493.94,35,,
2,KUSI MINIMARKET - Hoyos Rubio,2024-08-22,5,332.26,28,,
2,KUSI MINIMARKET - Hoyos Rubio,2024-08-24,7,399.59,32,,
2,KUSI MINIMARKET - Hoyos Rubio,2024-08-28,4,363.1,28,,
2,KUSI MINIMARKET - Hoyos Rubio,2024-09-15,1,431.92,25,,
5,KUSI MINIMARKET - San Sebastián,2024-09-29,1,173.41,15,,
2,KUSI MINIMARKET - Hoyos Rubio,2024-10-16,4,313.19,25,,
2,KUSI MINIMARKET - Hoyos Rubio,2024-10-25,6,512.71,38,,
6,KUSI MINIMARKET - Silva Santisteban,2024-10-30,4,258.18,18,,
2,KUSI MINIMARKET - Hoyos Rubio,2024-11-07,5,483.98,32,,
2,KUSI MINIMARKET - Hoyos Rubio,2024-11-17,1,488.22,35,,
6,KUSI MINIMARKET - Silva Santisteban,2024-11-27,4,215.88,16,,
2,KUSI MINIMARKET - Hoyos Rubio,2024-12-01,1,587.0,38,,
2,KUSI MINIMARKET - Hoyos Rubio,2024-12-14,7,521.82,39,,
2,KUSI MINIMARKET - Hoyos Rubio,2024-12-20,6,584.0,41,Festividad local,Campaña navideña
2,KUSI MINIMARKET - Hoyos Rubio,2024-12-25,4,616.77,40,Feriado nacional,Navidad
2,KUSI MINIMARKET - Hoyos Rubio,2025-01-08,4,353.83,23,,
5,KUSI MINIMARKET - San Sebastián,2023-03-06,2,231.6,15,Festividad local,Campaña escolar
7,KUSI MINIMARKET - San Roque,2023-04-08,7,338.66,24,Festividad local,Semana Santa
5,KUSI MINIMARKET - San Sebastián,2023-05-11,5,227.16,13,,
1,KUSI MINIMARKET - Vía de Evitamiento Norte,2023-05-12,6,657.25,52,,
7,KUSI MINIMARKET - San Roque,2023-05-27,7,243.54,15,,
7,KUSI MINIMARKET - San Roque,2023-06-02,6,194.22,17,,
6,KUSI MINIMARKET - Silva Santisteban,2023-06-02,6,237.76,12,,
6,KUSI MINIMARKET - Silva Santisteban,2023-06-04,1,148.86,13,,
6,KUSI MINIMARKET - Silva Santisteban,2023-06-09,6,212.13,14,,
7,KUSI MINIMARKET - San Roque,2023-06-17,7,269.72,16,,
7,KUSI MINIMARKET - San Roque,2023-07-04,3,264.36,16,,
5,KUSI MINIMARKET - San Sebastián,2023-07-09,1,209.91,15,,
6,KUSI MINIMARKET - Silva Santisteban,2023-08-27,1,258.35,22,,
7,KUSI MINIMARKET - San Roque,2023-10-07,7,246.0,17,,
5,KUSI MINIMARKET - San Sebastián,2023-10-11,4,208.32,16,,
5,KUSI MINIMARKET - San Sebastián,2023-10-24,3,309.75,21,,
6,KUSI MINIMARKET - Silva Santisteban,2023-11-05,1,304.3,18,,
7,KUSI MINIMARKET - San Roque,2024-01-15,2,244.3,16,,
5,KUSI MINIMARKET - San Sebastián,2024-02-04,1,248.38,18,,
5,KUSI MINIMARKET - San Sebastián,2024-03-01,6,196.63,16,Festividad local,Campaña escolar
1,KUSI MINIMARKET - Vía de Evitamiento Norte,2024-03-07,5,894.6,58,Festividad local,Campaña escolar
6,KUSI MINIMARKET - Silva Santisteban,2024-03-20,4,235.79,15,,
6,KUSI MINIMARKET - Silva Santisteban,2024-05-08,4,361.88,26,,
1,KUSI MINIMARKET - Vía de Evitamiento Norte,2024-05-17,6,747.72,47,,
6,KUSI MINIMARKET - Silva Santisteban,2024-05-26,1,357.05,21,,
1,KUSI MINIMARKET - Vía de Evitamiento Norte,2024-07-01,2,650.98,43,,
6,KUSI MINIMARKET - Silva Santisteban,2024-08-15,5,183.76,14,,
7,KUSI MINIMARKET - San Roque,2024-08-22,5,150.75,12,,
6,KUSI MINIMARKET - Silva Santisteban,2024-08-30,6,368.37,22,Feriado nacional,Santa Rosa de Lima
5,KUSI MINIMARKET - San Sebastián,2023-04-02,1,208.31,15,Festividad local,Semana Santa
6,KUSI MINIMARKET - Silva Santisteban,2023-04-20,5,228.2,17,,
1,KUSI MINIMARKET - Vía de Evitamiento Norte,2024-09-13,6,686.69,44,,
7,KUSI MINIMARKET - San Roque,2024-09-20,6,166.02,16,,
5,KUSI MINIMARKET - San Sebastián,2024-09-21,7,211.04,18,,
5,KUSI MINIMARKET - San Sebastián,2024-10-12,7,324.08,17,,
6,KUSI MINIMARKET - Silva Santisteban,2024-10-23,4,341.53,23,,
1,KUSI MINIMARKET - Vía de Evitamiento Norte,2024-12-05,5,798.45,63,,
7,KUSI MINIMARKET - San Roque,2024-12-05,5,159.87,17,,
7,KUSI MINIMARKET - San Roque,2024-12-31,3,160.18,12,Festividad local,Fin de año
7,KUSI MINIMARKET - San Roque,2025-01-25,7,212.07,17,,
5,KUSI MINIMARKET - San Sebastián,2025-01-29,4,322.04,22,,
5,KUSI MINIMARKET - San Sebastián,2025-02-10,2,241.54,17,,
5,KUSI MINIMARKET - San Sebastián,2025-03-08,7,427.32,25,Festividad local,Campaña escolar
7,KUSI MINIMARKET - San Roque,2025-03-09,1,257.37,18,Festividad local,Campaña escolar
5,KUSI MINIMARKET - San Sebastián,2025-03-18,3,383.13,21,,
7,KUSI MINIMARKET - San Roque,2025-03-25,3,258.12,18,,
7,KUSI MINIMARKET - San Roque,2025-04-11,6,385.14,22,,
1,KUSI MINIMARKET - Vía de Evitamiento Norte,2025-04-16,4,732.09,51,Festividad local,Semana Santa
7,KUSI MINIMARKET - San Roque,2025-04-22,3,315.59,23,,
5,KUSI MINIMARKET - San Sebastián,2025-05-13,3,340.89,23,,
6,KUSI MINIMARKET - Silva Santisteban,2025-06-24,3,266.27,17,,
6,KUSI MINIMARKET - Silva Santisteban,2025-06-29,1,304.89,18,Feriado nacional,San Pedro y San Pablo
6,KUSI MINIMARKET - Silva Santisteban,2025-07-31,5,461.05,28,,
1,KUSI MINIMARKET - Vía de Evitamiento Norte,2025-08-14,5,904.53,63,,
5,KUSI MINIMARKET - San Sebastián,2025-08-17,1,227.18,18,,
6,KUSI MINIMARKET - Silva Santisteban,2025-08-20,4,211.04,16,,
2,KUSI MINIMARKET - Hoyos Rubio,2023-01-06,6,491.87,34,,
6,KUSI MINIMARKET - Silva Santisteban,2023-01-25,4,146.84,13,,
5,KUSI MINIMARKET - San Sebastián,2023-02-03,6,152.05,12,,
7,KUSI MINIMARKET - San Roque,2023-02-03,6,143.02,10,,
7,KUSI MINIMARKET - San Roque,2023-02-21,3,202.89,14,Festividad local,Campaña escolar
2,KUSI MINIMARKET - Hoyos Rubio,2023-03-03,6,359.56,26,Festividad local,Campaña escolar
2,KUSI MINIMARKET - Hoyos Rubio,2023-05-02,3,359.02,29,,
7,KUSI MINIMARKET - San Roque,2023-05-18,5,251.84,17,,
2,KUSI MINIMARKET - Hoyos Rubio,2023-06-08,5,259.76,19,Festividad local,Corpus Christi
2,KUSI MINIMARKET - Hoyos Rubio,2023-06-25,1,371.31,27,,
2,KUSI MINIMARKET - Hoyos Rubio,2023-07-13,5,514.5,33,,
2,KUSI MINIMARKET - Hoyos Rubio,2023-09-04,2,503.16,35,,
2,KUSI MINIMARKET - Hoyos Rubio,2023-09-16,7,380.56,30,,
6,KUSI MINIMARKET - Silva Santisteban,2023-10-16,2,174.23,13,,
2,KUSI MINIMARKET - Hoyos Rubio,2023-12-14,5,401.42,31,,
2,KUSI MINIMARKET - Hoyos Rubio,2023-12-31,1,330.05,29,Festividad local,Fin de año
2,KUSI MINIMARKET - Hoyos Rubio,2024-01-31,4,280.75,20,,
2,KUSI MINIMARKET - Hoyos Rubio,2024-03-06,4,406.86,25,Festividad local,Campaña escolar
5,KUSI MINIMARKET - San Sebastián,2024-04-12,6,266.09,22,,
2,KUSI MINIMARKET - Hoyos Rubio,2024-04-29,2,288.7,23,,
7,KUSI MINIMARKET - San Roque,2024-05-06,2,307.78,18,,
2,KUSI MINIMARKET - Hoyos Rubio,2024-05-10,6,301.45,29,,
5,KUSI MINIMARKET - San Sebastián,2024-07-18,5,233.26,18,,
7,KUSI MINIMARKET - San Roque,2024-08-11,1,272.75,16,,
5,KUSI MINIMARKET - San Sebastián,2024-09-03,3,230.97,16,,
6,KUSI MINIMARKET - Silva Santisteban,2024-10-25,6,99.47,10,,
2,KUSI MINIMARKET - Hoyos Rubio,2024-10-28,2,329.11,22,,
7,KUSI MINIMARKET - San Roque,2024-10-30,4,175.47,13,,
2,KUSI MINIMARKET - Hoyos Rubio,2024-12-10,3,383.73,32,,
5,KUSI MINIMARKET - San Sebastián,2025-01-03,6,175.28,14,,
5,KUSI MINIMARKET - San Sebastián,2025-01-08,4,408.03,26,,
5,KUSI MINIMARKET - San Sebastián,2025-01-18,7,259.94,17,,
2,KUSI MINIMARKET - Hoyos Rubio,2025-02-09,1,339.58,27,,
5,KUSI MINIMARKET - San Sebastián,2025-03-14,6,375.31,23,Festividad local,Campaña escolar
2,KUSI MINIMARKET - Hoyos Rubio,2025-04-01,3,436.76,27,,
7,KUSI MINIMARKET - San Roque,2025-04-10,5,273.16,25,,
2,KUSI MINIMARKET - Hoyos Rubio,2025-04-15,3,491.59,35,Festividad local,Semana Santa
2,KUSI MINIMARKET - Hoyos Rubio,2025-04-23,4,427.5,30,,
2,KUSI MINIMARKET - Hoyos Rubio,2025-04-28,2,446.83,34,,
5,KUSI MINIMARKET - San Sebastián,2025-04-29,3,236.92,15,,
6,KUSI MINIMARKET - Silva Santisteban,2025-05-03,7,392.66,29,,
2,KUSI MINIMARKET - Hoyos Rubio,2025-05-04,1,503.31,34,,
2,KUSI MINIMARKET - Hoyos Rubio,2025-05-26,2,548.21,38,,
5,KUSI MINIMARKET - San Sebastián,2025-06-08,1,295.32,22,,
7,KUSI MINIMARKET - San Roque,2025-06-29,1,323.76,21,Feriado nacional,San Pedro y San Pablo
2,KUSI MINIMARKET - Hoyos Rubio,2025-07-05,7,550.13,40,,
2,KUSI MINIMARKET - Hoyos Rubio,2025-07-15,3,563.21,44,,
2,KUSI MINIMARKET - Hoyos Rubio,2025-07-28,2,323.91,29,Feriado nacional,Fiestas Patrias
2,KUSI MINIMARKET - Hoyos Rubio,2025-07-29,3,481.05,36,Feriado nacional,Fiestas Patrias
2,KUSI MINIMARKET - Hoyos Rubio,2025-08-03,1,441.74,32,,
2,KUSI MINIMARKET - Hoyos Rubio,2025-08-16,7,444.93,35,,
2,KUSI MINIMARKET - Hoyos Rubio,2025-08-27,4,514.06,44,,
2,KUSI MINIMARKET - Hoyos Rubio,2025-08-28,5,321.57,27,,
2,KUSI MINIMARKET - Hoyos Rubio,2025-08-29,6,432.47,32,,
5,KUSI MINIMARKET - San Sebastián,2023-01-04,4,249.36,16,,
3,KUSI MINIMARKET - Amalia Puga,2023-01-17,3,320.23,21,,
3,KUSI MINIMARKET - Amalia Puga,2023-01-24,3,388.08,28,,
3,KUSI MINIMARKET - Amalia Puga,2023-01-26,5,334.33,25,,
3,KUSI MINIMARKET - Amalia Puga,2023-02-20,2,183.07,17,Festividad local,Campaña escolar
3,KUSI MINIMARKET - Amalia Puga,2023-02-24,6,289.55,21,Festividad local,Campaña escolar
3,KUSI MINIMARKET - Amalia Puga,2023-02-25,7,528.34,33,Festividad local,Campaña escolar
3,KUSI MINIMARKET - Amalia Puga,2023-03-05,1,298.14,19,Festividad local,Campaña escolar
3,KUSI MINIMARKET - Amalia Puga,2023-03-11,7,335.99,26,Festividad local,Campaña escolar
3,KUSI MINIMARKET - Amalia Puga,2023-03-25,7,316.91,23,,
3,KUSI MINIMARKET - Amalia Puga,2023-03-31,6,496.04,31,,
3,KUSI MINIMARKET - Amalia Puga,2023-04-06,5,388.18,24,Feriado nacional,Jueves/Viernes Santo
3,KUSI MINIMARKET - Amalia Puga,2023-04-27,5,294.59,27,,
6,KUSI MINIMARKET - Silva Santisteban,2023-05-19,6,228.32,18,,
3,KUSI MINIMARKET - Amalia Puga,2023-05-30,3,496.43,32,,
6,KUSI MINIMARKET - Silva Santisteban,2023-06-01,5,139.09,12,,
3,KUSI MINIMARKET - Amalia Puga,2023-06-04,1,334.92,23,,
3,KUSI MINIMARKET - Amalia Puga,2023-06-25,1,353.7,26,,
3,KUSI MINIMARKET - Amalia Puga,2023-07-18,3,438.41,25,,
3,KUSI MINIMARKET - Amalia Puga,2023-08-17,5,252.31,19,,
3,KUSI MINIMARKET - Amalia Puga,2023-08-30,4,339.94,24,Feriado nacional,Santa Rosa de Lima
3,KUSI MINIMARKET - Amalia Puga,2023-09-02,7,483.92,29,,
3,KUSI MINIMARKET - Amalia Puga,2023-09-03,1,497.83,38,,
3,KUSI MINIMARKET - Amalia Puga,2023-09-06,4,453.91,27,,
3,KUSI MINIMARKET - Amalia Puga,2023-09-09,7,305.61,24,,
3,KUSI MINIMARKET - Amalia Puga,2023-09-17,1,259.15,18,,
3,KUSI MINIMARKET - Amalia Puga,2023-09-22,6,287.41,16,,
6,KUSI MINIMARKET - Silva Santisteban,2023-09-29,6,290.71,20,,
3,KUSI MINIMARKET - Amalia Puga,2023-10-05,5,660.24,39,,
6,KUSI MINIMARKET - Silva Santisteban,2023-10-20,6,381.39,23,,
3,KUSI MINIMARKET - Amalia Puga,2023-10-26,5,540.35,32,,
3,KUSI MINIMARKET - Amalia Puga,2023-11-09,5,509.42,36,,
3,KUSI MINIMARKET - Amalia Puga,2023-11-15,4,369.67,23,,
3,KUSI MINIMARKET - Amalia Puga,2023-11-16,5,423.83,30,,
3,KUSI MINIMARKET - Amalia Puga,2023-11-26,1,172.6,16,,
3,KUSI MINIMARKET - Amalia Puga,2023-12-10,1,409.45,26,,
3,KUSI MINIMARKET - Amalia Puga,2023-12-24,1,476.75,34,Festividad local,Campaña navideña
3,KUSI MINIMARKET - Amalia Puga,2024-01-01,2,466.09,33,Feriado nacional,Año Nuevo
3,KUSI MINIMARKET - Amalia Puga,2024-01-08,2,224.82,14,,
3,KUSI MINIMARKET - Amalia Puga,2024-02-02,6,376.16,25,,
3,KUSI MINIMARKET - Amalia Puga,2024-02-04,1,397.49,29,,
3,KUSI MINIMARKET - Amalia Puga,2024-02-08,5,293.68,22,,
3,KUSI MINIMARKET - Amalia Puga,2024-02-12,2,495.54,32,Festividad local,Carnaval de Cajamarca
3,KUSI MINIMARKET - Amalia Puga,2024-02-20,3,281.36,22,Festividad local,Campaña escolar
3,KUSI MINIMARKET - Amalia Puga,2024-02-24,7,342.17,27,Festividad local,Campaña escolar
3,KUSI MINIMARKET - Amalia Puga,2024-02-29,5,354.01,25,Festividad local,Campaña escolar
7,KUSI MINIMARKET - San Roque,2024-03-02,7,347.52,24,Festividad local,Campaña escolar
3,KUSI MINIMARKET - Amalia Puga,2024-03-04,2,314.51,20,Festividad local,Campaña escolar
3,KUSI MINIMARKET - Amalia Puga,2024-03-15,6,443.15,35,Festividad local,Campaña escolar
3,KUSI MINIMARKET - Amalia Puga,2024-03-28,5,501.25,31,Feriado nacional,Jueves/Viernes Santo
3,KUSI MINIMARKET - Amalia Puga,2024-04-17,4,394.93,28,,
6,KUSI MINIMARKET - Silva Santisteban,2024-04-20,7,236.23,21,,
3,KUSI MINIMARKET - Amalia Puga,2024-05-05,1,412.26,33,,
3,KUSI MINIMARKET - Amalia Puga,2024-05-06,2,449.84,34,,
3,KUSI MINIMARKET - Amalia Puga,2024-06-03,2,230.54,17,,
3,KUSI MINIMARKET - Amalia Puga,2024-06-20,5,298.37,21,,
3,KUSI MINIMARKET - Amalia Puga,2024-06-23,1,311.23,23,,
3,KUSI MINIMARKET - Amalia Puga,2024-06-25,3,447.97,28,,
3,KUSI MINIMARKET - Amalia Puga,2024-07-04,5,402.32,31,,
6,KUSI MINIMARKET - Silva Santisteban,2024-08-12,2,284.29,21,,
6,KUSI MINIMARKET - Silva Santisteban,2024-09-19,5,327.77,21,,
3,KUSI MINIMARKET - Amalia Puga,2024-09-19,5,370.26,31,,
6,KUSI MINIMARKET - Silva Santisteban,2024-10-04,6,207.59,15,,
3,KUSI MINIMARKET - Amalia Puga,2024-10-07,2,461.7,27,,
6,KUSI MINIMARKET - Silva Santisteban,2024-10-09,4,233.09,17,,
3,KUSI MINIMARKET - Amalia Puga,2024-10-14,2,354.59,25,,
3,KUSI MINIMARKET - Amalia Puga,2024-11-20,4,536.79,36,,
3,KUSI MINIMARKET - Amalia Puga,2024-11-22,6,351.16,24,,
3,KUSI MINIMARKET - Amalia Puga,2024-12-08,1,586.75,27,Feriado nacional,Inmaculada Concepción
3,KUSI MINIMARKET - Amalia Puga,2024-12-09,2,456.8,30,,
7,KUSI MINIMARKET - San Roque,2024-12-11,4,316.46,18,,
3,KUSI MINIMARKET - Amalia Puga,2024-12-24,3,476.48,31,Festividad local,Campaña navideña
3,KUSI MINIMARKET - Amalia Puga,2025-01-04,7,461.52,35,,
3,KUSI MINIMARKET - Amalia Puga,2025-01-06,2,255.05,19,,
3,KUSI MINIMARKET - Amalia Puga,2025-02-17,2,375.44,22,Festividad local,Campaña escolar
3,KUSI MINIMARKET - Amalia Puga,2025-02-22,7,342.76,34,Festividad local,Campaña escolar
3,KUSI MINIMARKET - Amalia Puga,2025-03-17,2,447.78,27,,
6,KUSI MINIMARKET - Silva Santisteban,2025-03-27,5,267.3,20,,
3,KUSI MINIMARKET - Amalia Puga,2025-04-07,2,497.92,30,,
3,KUSI MINIMARKET - Amalia Puga,2025-04-08,3,377.18,26,,
3,KUSI MINIMARKET - Amalia Puga,2025-04-22,3,594.55,35,,
3,KUSI MINIMARKET - Amalia Puga,2025-04-25,6,465.59,31,,
3,KUSI MINIMARKET - Amalia Puga,2025-04-26,7,420.27,30,,
3,KUSI MINIMARKET - Amalia Puga,2025-04-27,1,483.7,33,,
3,KUSI MINIMARKET - Amalia Puga,2025-04-29,3,649.12,36,,
3,KUSI MINIMARKET - Amalia Puga,2025-06-17,3,442.91,31,,
3,KUSI MINIMARKET - Amalia Puga,2025-07-16,4,447.34,36,,
3,KUSI MINIMARKET - Amalia Puga,2025-07-24,5,346.72,22,,
3,KUSI MINIMARKET - Amalia Puga,2025-08-19,3,556.37,39,,
5,KUSI MINIMARKET - San Sebastián,2025-08-20,4,236.68,16,,
6,KUSI MINIMARKET - Silva Santisteban,2025-08-24,1,128.8,11,,
3,KUSI MINIMARKET - Amalia Puga,2025-08-31,1,318.4,24,,
4,KUSI MINIMARKET - Del Comercio,2023-01-05,5,187.8,17,,
4,KUSI MINIMARKET - Del Comercio,2023-01-16,2,330.27,18,,
4,KUSI MINIMARKET - Del Comercio,2023-01-28,7,403.55,24,,
4,KUSI MINIMARKET - Del Comercio,2023-02-06,2,276.18,19,,
4,KUSI MINIMARKET - Del Comercio,2023-02-20,2,150.27,15,Festividad local,Campaña escolar
4,KUSI MINIMARKET - Del Comercio,2023-02-24,6,316.11,23,Festividad local,Campaña escolar
4,KUSI MINIMARKET - Del Comercio,2023-03-25,7,281.62,21,,
4,KUSI MINIMARKET - Del Comercio,2023-03-31,6,564.28,30,,
4,KUSI MINIMARKET - Del Comercio,2023-04-20,5,238.96,22,,
4,KUSI MINIMARKET - Del Comercio,2023-05-01,2,283.92,18,Feriado nacional,Día del Trabajo
3,KUSI MINIMARKET - Amalia Puga,2024-06-12,4,173.64,15,,
3,KUSI MINIMARKET - Amalia Puga,2024-07-07,1,305.4,23,,
3,KUSI MINIMARKET - Amalia Puga,2025-08-22,6,365.02,30,,
4,KUSI MINIMARKET - Del Comercio,2023-04-30,1,300.96,18,,
4,KUSI MINIMARKET - Del Comercio,2023-05-26,6,495.78,31,,
4,KUSI MINIMARKET - Del Comercio,2023-06-17,7,387.32,28,,
4,KUSI MINIMARKET - Del Comercio,2023-07-05,4,353.93,23,,
4,KUSI MINIMARKET - Del Comercio,2023-07-21,6,402.32,25,,
7,KUSI MINIMARKET - San Roque,2023-08-10,5,181.95,13,,
4,KUSI MINIMARKET - Del Comercio,2023-08-18,6,365.08,25,,
4,KUSI MINIMARKET - Del Comercio,2023-09-02,7,318.49,23,,
4,KUSI MINIMARKET - Del Comercio,2023-09-07,5,258.27,23,,
4,KUSI MINIMARKET - Del Comercio,2023-09-13,4,194.11,17,,
7,KUSI MINIMARKET - San Roque,2023-09-13,4,206.52,15,,
4,KUSI MINIMARKET - Del Comercio,2023-09-15,6,244.46,13,,
4,KUSI MINIMARKET - Del Comercio,2023-09-17,1,178.91,19,,
4,KUSI MINIMARKET - Del Comercio,2023-09-19,3,291.57,20,,
4,KUSI MINIMARKET - Del Comercio,2023-09-23,7,373.42,23,,
4,KUSI MINIMARKET - Del Comercio,2023-10-06,6,357.89,24,,
4,KUSI MINIMARKET - Del Comercio,2023-11-01,4,443.84,31,Feriado nacional,Todos los Santos
4,KUSI MINIMARKET - Del Comercio,2023-11-04,7,404.8,27,,
4,KUSI MINIMARKET - Del Comercio,2023-11-06,2,273.75,15,,
4,KUSI MINIMARKET - Del Comercio,2024-01-06,7,475.56,24,,
4,KUSI MINIMARKET - Del Comercio,2024-01-07,1,225.41,26,,
4,KUSI MINIMARKET - Del Comercio,2024-01-31,4,457.64,30,,
4,KUSI MINIMARKET - Del Comercio,2024-02-05,2,371.32,26,,
4,KUSI MINIMARKET - Del Comercio,2024-02-06,3,436.2,28,,
4,KUSI MINIMARKET - Del Comercio,2024-03-02,7,381.87,24,Festividad local,Campaña escolar
4,KUSI MINIMARKET - Del Comercio,2024-03-23,7,481.38,23,,
4,KUSI MINIMARKET - Del Comercio,2024-04-28,1,437.16,27,,
4,KUSI MINIMARKET - Del Comercio,2024-05-03,6,401.63,31,,
4,KUSI MINIMARKET - Del Comercio,2024-06-01,7,315.43,21,,
4,KUSI MINIMARKET - Del Comercio,2024-06-08,7,312.95,21,,
4,KUSI MINIMARKET - Del Comercio,2024-06-09,1,313.5,22,,
4,KUSI MINIMARKET - Del Comercio,2024-06-17,2,416.64,30,,
6,KUSI MINIMARKET - Silva Santisteban,2024-07-13,7,151.84,14,,
4,KUSI MINIMARKET - Del Comercio,2024-08-03,7,344.83,23,,
4,KUSI MINIMARKET - Del Comercio,2024-08-18,1,373.49,25,,
4,KUSI MINIMARKET - Del Comercio,2024-08-26,2,342.73,26,,
4,KUSI MINIMARKET - Del Comercio,2024-08-31,7,348.1,26,,
4,KUSI MINIMARKET - Del Comercio,2024-09-08,1,424.18,30,,
4,KUSI MINIMARKET - Del Comercio,2024-10-13,1,312.07,22,,
6,KUSI MINIMARKET - Silva Santisteban,2024-10-14,2,341.97,21,,
4,KUSI MINIMARKET - Del Comercio,2024-11-02,7,277.91,21,,
4,KUSI MINIMARKET - Del Comercio,2024-11-04,2,233.01,21,,
4,KUSI MINIMARKET - Del Comercio,2024-11-10,1,305.85,21,,
7,KUSI MINIMARKET - San Roque,2024-11-10,1,197.52,14,,
4,KUSI MINIMARKET - Del Comercio,2024-11-16,7,290.58,23,,
4,KUSI MINIMARKET - Del Comercio,2024-12-05,5,418.06,21,,
4,KUSI MINIMARKET - Del Comercio,2024-12-14,7,508.67,34,,
4,KUSI MINIMARKET - Del Comercio,2024-12-16,2,459.24,29,Festividad local,Campaña navideña
4,KUSI MINIMARKET - Del Comercio,2025-01-05,1,507.32,25,,
4,KUSI MINIMARKET - Del Comercio,2025-01-12,1,243.51,19,,
4,KUSI MINIMARKET - Del Comercio,2025-01-14,3,368.92,26,,
4,KUSI MINIMARKET - Del Comercio,2025-01-16,5,315.58,23,,
4,KUSI MINIMARKET - Del Comercio,2025-01-18,7,320.98,28,,
4,KUSI MINIMARKET - Del Comercio,2025-01-20,2,362.83,24,,
7,KUSI MINIMARKET - San Roque,2025-01-20,2,184.38,14,,
4,KUSI MINIMARKET - Del Comercio,2025-01-24,6,216.04,24,,
4,KUSI MINIMARKET - Del Comercio,2025-03-24,2,376.8,27,,
4,KUSI MINIMARKET - Del Comercio,2025-03-29,7,454.89,28,,
7,KUSI MINIMARKET - San Roque,2025-03-31,2,174.21,15,,
4,KUSI MINIMARKET - Del Comercio,2025-04-11,6,353.72,24,,
4,KUSI MINIMARKET - Del Comercio,2025-04-25,6,377.49,23,,
4,KUSI MINIMARKET - Del Comercio,2025-05-20,3,379.66,28,,
4,KUSI MINIMARKET - Del Comercio,2025-05-25,1,471.29,35,,
7,KUSI MINIMARKET - San Roque,2025-05-30,6,265.94,20,,
4,KUSI MINIMARKET - Del Comercio,2025-06-18,4,390.54,25,,
6,KUSI MINIMARKET - Silva Santisteban,2025-06-23,2,358.93,20,,
4,KUSI MINIMARKET - Del Comercio,2025-06-29,1,320.01,24,Feriado nacional,San Pedro y San Pablo
4,KUSI MINIMARKET - Del Comercio,2025-07-10,5,600.55,44,,
2,KUSI MINIMARKET - Hoyos Rubio,2025-07-14,2,439.25,34,,
2,KUSI MINIMARKET - Hoyos Rubio,2023-01-03,3,386.13,23,,
5,KUSI MINIMARKET - San Sebastián,2025-04-01,3,222.26,19,,
2,KUSI MINIMARKET - Hoyos Rubio,2025-08-05,3,435.93,30,,
4,KUSI MINIMARKET - Del Comercio,2025-08-11,2,176.4,20,,
3,KUSI MINIMARKET - Amalia Puga,2025-01-21,3,467.17,31,,
4,KUSI MINIMARKET - Del Comercio,2023-03-02,5,383.55,26,Festividad local,Campaña escolar
5,KUSI MINIMARKET - San Sebastián,2024-09-04,4,264.21,20,,
4,KUSI MINIMARKET - Del Comercio,2023-06-15,5,230.7,19,,
5,KUSI MINIMARKET - San Sebastián,2024-12-10,3,290.88,21,,
4,KUSI MINIMARKET - Del Comercio,2025-03-17,2,277.59,22,,
7,KUSI MINIMARKET - San Roque,2024-10-18,6,113.82,9,,
4,KUSI MINIMARKET - Del Comercio,2023-12-17,1,469.13,30,Festividad local,Campaña navideña
7,KUSI MINIMARKET - San Roque,2023-11-10,6,173.14,15,,
4,KUSI MINIMARKET - Del Comercio,2024-10-29,3,344.94,22,,
7,KUSI MINIMARKET - San Roque,2025-02-26,4,282.08,20,Festividad local,Campaña escolar
4,KUSI MINIMARKET - Del Comercio,2025-01-03,6,237.91,17,,
7,KUSI MINIMARKET - San Roque,2023-02-28,3,220.62,13,Festividad local,Campaña escolar
6,KUSI MINIMARKET - Silva Santisteban,2024-05-09,5,282.0,18,,
5,KUSI MINIMARKET - San Sebastián,2023-10-26,5,270.44,22,,
6,KUSI MINIMARKET - Silva Santisteban,2023-12-19,3,171.16,12,Festividad local,Campaña navideña
7,KUSI MINIMARKET - San Roque,2023-05-06,7,279.25,20,,
3,KUSI MINIMARKET - Amalia Puga,2024-07-08,2,407.35,25,,
6,KUSI MINIMARKET - Silva Santisteban,2023-07-21,6,212.92,15,,
7,KUSI MINIMARKET - San Roque,2025-03-21,6,203.53,15,,
2,KUSI MINIMARKET - Hoyos Rubio,2025-03-28,6,347.79,25,,
7,KUSI MINIMARKET - San Roque,2025-04-01,3,250.83,21,,
6,KUSI MINIMARKET - Silva Santisteban,2025-04-19,7,330.47,24,Festividad local,Semana Santa
6,KUSI MINIMARKET - Silva Santisteban,2025-04-25,6,302.39,21,,
2,KUSI MINIMARKET - Hoyos Rubio,2025-05-09,6,580.58,46,,
7,KUSI MINIMARKET - San Roque,2025-05-23,6,206.58,14,,
6,KUSI MINIMARKET - Silva Santisteban,2025-07-28,2,386.25,29,Feriado nacional,Fiestas Patrias
3,KUSI MINIMARKET - Amalia Puga,2023-01-16,2,390.62,22,,
3,KUSI MINIMARKET - Amalia Puga,2023-01-21,7,423.62,26,,
3,KUSI MINIMARKET - Amalia Puga,2023-02-18,7,307.53,26,Festividad local,Campaña escolar
3,KUSI MINIMARKET - Amalia Puga,2023-02-28,3,300.12,20,Festividad local,Campaña escolar
3,KUSI MINIMARKET - Amalia Puga,2023-03-03,6,333.43,24,Festividad local,Campaña escolar
5,KUSI MINIMARKET - San Sebastián,2023-05-05,6,307.8,17,,
5,KUSI MINIMARKET - San Sebastián,2023-06-22,5,345.72,19,,
3,KUSI MINIMARKET - Amalia Puga,2023-07-20,5,370.05,27,,
3,KUSI MINIMARKET - Amalia Puga,2023-07-28,6,320.34,24,Feriado nacional,Fiestas Patrias
3,KUSI MINIMARKET - Amalia Puga,2023-07-30,1,440.41,28,,
3,KUSI MINIMARKET - Amalia Puga,2023-08-25,6,362.94,23,,
7,KUSI MINIMARKET - San Roque,2023-09-20,4,237.4,15,,
3,KUSI MINIMARKET - Amalia Puga,2023-10-28,7,359.99,24,,
3,KUSI MINIMARKET - Amalia Puga,2023-10-30,2,269.95,23,,
7,KUSI MINIMARKET - San Roque,2023-12-31,1,240.63,17,Festividad local,Fin de año
3,KUSI MINIMARKET - Amalia Puga,2024-01-29,2,434.19,28,,
3,KUSI MINIMARKET - Amalia Puga,2024-02-25,1,272.34,17,Festividad local,Campaña escolar
5,KUSI MINIMARKET - San Sebastián,2024-02-29,5,62.92,5,Festividad local,Campaña escolar
5,KUSI MINIMARKET - San Sebastián,2024-05-03,6,247.07,17,,
3,KUSI MINIMARKET - Amalia Puga,2024-08-15,5,353.61,27,,
3,KUSI MINIMARKET - Amalia Puga,2024-09-02,2,437.81,33,,
5,KUSI MINIMARKET - San Sebastián,2024-09-15,1,249.78,20,,
6,KUSI MINIMARKET - Silva Santisteban,2024-09-24,3,94.98,9,,
6,KUSI MINIMARKET - Silva Santisteban,2024-10-24,5,253.02,16,,
3,KUSI MINIMARKET - Amalia Puga,2024-11-27,4,405.45,23,,
3,KUSI MINIMARKET - Amalia Puga,2024-12-01,1,412.39,29,,
3,KUSI MINIMARKET - Amalia Puga,2024-12-15,1,429.2,31,Festividad local,Campaña navideña
6,KUSI MINIMARKET - Silva Santisteban,2025-02-08,7,382.18,24,,
3,KUSI MINIMARKET - Amalia Puga,2025-03-11,3,287.66,21,Festividad local,Campaña escolar
3,KUSI MINIMARKET - Amalia Puga,2025-03-14,6,279.92,19,Festividad local,Campaña escolar
3,KUSI MINIMARKET - Amalia Puga,2025-03-26,4,487.8,32,,
3,KUSI MINIMARKET - Amalia Puga,2025-03-31,2,272.59,23,,
7,KUSI MINIMARKET - San Roque,2025-04-06,1,294.37,21,,
3,KUSI MINIMARKET - Amalia Puga,2025-04-13,1,311.79,24,Festividad local,Semana Santa
3,KUSI MINIMARKET - Amalia Puga,2025-04-17,5,197.74,18,Feriado nacional,Jueves/Viernes Santo
3,KUSI MINIMARKET - Amalia Puga,2025-04-23,4,402.2,31,,
6,KUSI MINIMARKET - Silva Santisteban,2025-05-18,1,370.25,22,,
3,KUSI MINIMARKET - Amalia Puga,2025-05-31,7,326.92,28,,
5,KUSI MINIMARKET - San Sebastián,2025-06-17,3,287.52,22,,
6,KUSI MINIMARKET - Silva Santisteban,2023-01-05,5,175.9,15,,
4,KUSI MINIMARKET - Del Comercio,2023-01-09,2,346.19,21,,
4,KUSI MINIMARKET - Del Comercio,2023-01-21,7,292.66,21,,
4,KUSI MINIMARKET - Del Comercio,2023-04-04,3,298.13,22,Festividad local,Semana Santa
4,KUSI MINIMARKET - Del Comercio,2023-04-10,2,467.36,34,,
4,KUSI MINIMARKET - Del Comercio,2023-04-21,6,463.45,32,,
4,KUSI MINIMARKET - Del Comercio,2023-05-16,3,332.1,27,,
3,KUSI MINIMARKET - Amalia Puga,2025-05-13,3,292.44,25,,
7,KUSI MINIMARKET - San Roque,2023-07-09,1,202.99,17,,
7,KUSI MINIMARKET - San Roque,2023-07-10,2,184.66,12,,
4,KUSI MINIMARKET - Del Comercio,2023-07-11,3,287.76,19,,
4,KUSI MINIMARKET - Del Comercio,2023-07-14,6,489.71,25,,
4,KUSI MINIMARKET - Del Comercio,2023-08-10,5,405.63,24,,
4,KUSI MINIMARKET - Del Comercio,2023-08-15,3,388.46,23,,
4,KUSI MINIMARKET - Del Comercio,2023-08-27,1,302.93,21,,
4,KUSI MINIMARKET - Del Comercio,2024-01-11,5,246.61,17,,
4,KUSI MINIMARKET - Del Comercio,2024-04-27,7,305.95,23,,
4,KUSI MINIMARKET - Del Comercio,2024-05-29,4,301.42,25,,
4,KUSI MINIMARKET - Del Comercio,2024-07-25,5,389.63,24,,
7,KUSI MINIMARKET - San Roque,2024-09-12,5,213.85,17,,
4,KUSI MINIMARKET - Del Comercio,2024-09-26,5,371.44,22,,
7,KUSI MINIMARKET - San Roque,2024-11-12,3,259.01,19,,
5,KUSI MINIMARKET - San Sebastián,2025-03-31,2,266.45,20,,
4,KUSI MINIMARKET - Del Comercio,2025-04-24,5,465.06,36,,
5,KUSI MINIMARKET - San Sebastián,2025-04-26,7,319.25,22,,
4,KUSI MINIMARKET - Del Comercio,2025-07-05,7,381.32,24,,
7,KUSI MINIMARKET - San Roque,2025-08-15,6,210.75,18,,
2,KUSI MINIMARKET - Hoyos Rubio,2024-10-05,7,453.3,26,,
3,KUSI MINIMARKET - Amalia Puga,2023-07-01,7,239.45,16,,
7,KUSI MINIMARKET - San Roque,2025-07-08,3,250.08,14,,
5,KUSI MINIMARKET - San Sebastián,2024-03-06,4,172.64,12,Festividad local,Campaña escolar
6,KUSI MINIMARKET - Silva Santisteban,2025-03-29,7,271.5,20,,
6,KUSI MINIMARKET - Silva Santisteban,2024-12-25,4,336.33,21,Feriado nacional,Navidad
4,KUSI MINIMARKET - Del Comercio,2024-08-23,6,412.59,26,,
2,KUSI MINIMARKET - Hoyos Rubio,2023-10-04,4,285.54,20,,
3,KUSI MINIMARKET - Amalia Puga,2024-02-06,3,296.09,23,,
7,KUSI MINIMARKET - San Roque,2023-11-28,3,303.87,14,,
5,KUSI MINIMARKET - San Sebastián,2024-12-24,3,346.02,24,Festividad local,Campaña navideña
3,KUSI MINIMARKET - Amalia Puga,2023-01-20,6,221.66,16,,
7,KUSI MINIMARKET - San Roque,2024-02-13,3,220.66,15,Festividad local,Carnaval de Cajamarca
5,KUSI MINIMARKET - San Sebastián,2024-08-11,1,139.14,9,,
7,KUSI MINIMARKET - San Roque,2023-01-18,4,123.0,8,,
5,KUSI MINIMARKET - San Sebastián,2024-04-15,2,274.1,16,,
5,KUSI MINIMARKET - San Sebastián,2024-02-27,3,129.88,13,Festividad local,Campaña escolar
5,KUSI MINIMARKET - San Sebastián,2023-03-08,4,259.26,18,Festividad local,Campaña escolar
5,KUSI MINIMARKET - San Sebastián,2024-04-16,3,235.5,22,,
5,KUSI MINIMARKET - San Sebastián,2025-05-30,6,332.39,22,,
5,KUSI MINIMARKET - San Sebastián,2025-07-04,6,508.42,31,,
7,KUSI MINIMARKET - San Roque,2024-12-13,6,440.86,26,,
5,KUSI MINIMARKET - San Sebastián,2023-11-21,3,185.16,13,,
4,KUSI MINIMARKET - Del Comercio,2024-12-27,6,392.92,33,Festividad local,Fin de año
3,KUSI MINIMARKET - Amalia Puga,2023-01-31,3,308.2,18,,
6,KUSI MINIMARKET - Silva Santisteban,2024-05-17,6,200.77,13,,
5,KUSI MINIMARKET - San Sebastián,2024-10-17,5,298.13,18,,
5,KUSI MINIMARKET - San Sebastián,2023-10-09,2,245.94,16,,
7,KUSI MINIMARKET - San Roque,2024-05-29,4,171.0,16,,
6,KUSI MINIMARKET - Silva Santisteban,2023-10-13,6,247.77,16,,
7,KUSI MINIMARKET - San Roque,2023-11-13,2,161.76,14,,
5,KUSI MINIMARKET - San Sebastián,2024-02-24,7,360.75,25,Festividad local,Campaña escolar
3,KUSI MINIMARKET - Amalia Puga,2024-03-31,1,273.21,23,Festividad local,Semana Santa
5,KUSI MINIMARKET - San Sebastián,2025-06-03,3,285.1,17,,
7,KUSI MINIMARKET - San Roque,2025-04-30,4,263.02,20,,
5,KUSI MINIMARKET - San Sebastián,2025-06-26,5,320.77,20,,
4,KUSI MINIMARKET - Del Comercio,2025-08-05,3,343.87,29,,
6,KUSI MINIMARKET - Silva Santisteban,2024-10-11,6,239.07,14,,
7,KUSI MINIMARKET - San Roque,2025-02-04,3,185.48,16,,
5,KUSI MINIMARKET - San Sebastián,2023-12-11,2,201.92,14,,
6,KUSI MINIMARKET - Silva Santisteban,2025-01-03,6,332.64,25,,
5,KUSI MINIMARKET - San Sebastián,2024-03-26,3,338.91,23,Festividad local,Semana Santa
2,KUSI MINIMARKET - Hoyos Rubio,2023-01-10,3,328.79,23,,
5,KUSI MINIMARKET - San Sebastián,2024-09-27,6,167.65,14,,
3,KUSI MINIMARKET - Amalia Puga,2024-08-07,4,464.86,37,,
4,KUSI MINIMARKET - Del Comercio,2023-09-05,3,193.04,20,,
6,KUSI MINIMARKET - Silva Santisteban,2025-03-18,3,294.72,23,,
7,KUSI MINIMARKET - San Roque,2023-12-25,2,269.82,16,Feriado nacional,Navidad
7,KUSI MINIMARKET - San Roque,2025-06-08,1,362.49,21,,
2,KUSI MINIMARKET - Hoyos Rubio,2025-01-01,4,285.61,19,Feriado nacional,Año Nuevo
7,KUSI MINIMARKET - San Roque,2023-04-05,4,223.9,15,Festividad local,Semana Santa
6,KUSI MINIMARKET - Silva Santisteban,2024-05-01,4,306.33,22,Feriado nacional,Día del Trabajo
1,KUSI MINIMARKET - Vía de Evitamiento Norte,2024-02-28,4,730.91,43,Festividad local,Campaña escolar
3,KUSI MINIMARKET - Amalia Puga,2025-04-05,7,439.57,27,,
6,KUSI MINIMARKET - Silva Santisteban,2025-06-21,7,308.27,22,,
2,KUSI MINIMARKET - Hoyos Rubio,2024-02-09,6,257.5,19,,
5,KUSI MINIMARKET - San Sebastián,2025-07-11,6,281.22,26,,
7,KUSI MINIMARKET - San Roque,2024-10-23,4,201.91,14,,
7,KUSI MINIMARKET - San Roque,2024-12-16,2,186.91,15,Festividad local,Campaña navideña
5,KUSI MINIMARKET - San Sebastián,2023-09-02,7,282.99,16,,
4,KUSI MINIMARKET - Del Comercio,2023-08-29,3,311.14,23,,
3,KUSI MINIMARKET - Amalia Puga,2024-07-25,5,440.82,29,,
6,KUSI MINIMARKET - Silva Santisteban,2023-07-23,1,202.67,16,,
6,KUSI MINIMARKET - Silva Santisteban,2024-06-29,7,348.73,22,Feriado nacional,San Pedro y San Pablo
7,KUSI MINIMARKET - San Roque,2025-06-18,4,290.95,22,,
3,KUSI MINIMARKET - Amalia Puga,2024-07-13,7,377.35,26,,
7,KUSI MINIMARKET - San Roque,2025-08-14,5,435.85,29,,
5,KUSI MINIMARKET - San Sebastián,2023-09-18,2,163.84,16,,
6,KUSI MINIMARKET - Silva Santisteban,2023-08-09,4,229.1,15,,
3,KUSI MINIMARKET - Amalia Puga,2023-03-23,5,352.77,23,,
6,KUSI MINIMARKET - Silva Santisteban,2025-07-30,4,299.24,23,,
7,KUSI MINIMARKET - San Roque,2025-04-04,6,205.54,16,,
7,KUSI MINIMARKET - San Roque,2023-12-03,1,160.68,15,,
7,KUSI MINIMARKET - San Roque,2024-07-24,4,141.06,13,,
7,KUSI MINIMARKET - San Roque,2023-02-14,3,119.34,13,Festividad local,Día del Amor y la Amistad
2,KUSI MINIMARKET - Hoyos Rubio,2025-02-16,1,246.15,18,Festividad local,Campaña escolar
5,KUSI MINIMARKET - San Sebastián,2024-06-10,2,142.32,11,,
6,KUSI MINIMARKET - Silva Santisteban,2025-02-04,3,200.93,15,,
7,KUSI MINIMARKET - San Roque,2023-06-18,1,80.12,7,Festividad local,Día del Padre
7,KUSI MINIMARKET - San Roque,2024-07-17,4,275.12,22,,
7,KUSI MINIMARKET - San Roque,2024-03-10,1,199.68,15,Festividad local,Campaña escolar
7,KUSI MINIMARKET - San Roque,2023-03-08,4,118.55,9,Festividad local,Campaña escolar
3,KUSI MINIMARKET - Amalia Puga,2023-06-07,4,326.91,23,,
5,KUSI MINIMARKET - San Sebastián,2023-08-26,7,207.48,13,,
6,KUSI MINIMARKET - Silva Santisteban,2023-07-24,2,221.44,18,,
4,KUSI MINIMARKET - Del Comercio,2024-01-27,7,304.26,20,,
7,KUSI MINIMARKET - San Roque,2023-12-19,3,249.61,20,Festividad local,Campaña navideña
4,KUSI MINIMARKET - Del Comercio,2024-06-18,3,243.95,17,,
5,KUSI MINIMARKET - San Sebastián,2024-09-09,2,292.43,19,,
5,KUSI MINIMARKET - San Sebastián,2025-04-14,2,219.65,13,Festividad local,Semana Santa
7,KUSI MINIMARKET - San Roque,2023-05-23,3,164.62,12,,
5,KUSI MINIMARKET - San Sebastián,2025-05-09,6,300.93,19,,
7,KUSI MINIMARKET - San Roque,2025-05-13,3,271.27,22,,
7,KUSI MINIMARKET - San Roque,2025-08-18,2,276.24,14,,
3,KUSI MINIMARKET - Amalia Puga,2025-07-22,3,296.22,19,,
4,KUSI MINIMARKET - Del Comercio,2024-09-11,4,320.55,23,,
6,KUSI MINIMARKET - Silva Santisteban,2023-05-07,1,140.67,14,,
7,KUSI MINIMARKET - San Roque,2024-09-27,6,174.03,13,,
5,KUSI MINIMARKET - San Sebastián,2024-04-04,5,171.79,18,,
6,KUSI MINIMARKET - Silva Santisteban,2023-05-11,5,188.73,14,,
4,KUSI MINIMARKET - Del Comercio,2023-04-06,5,219.19,15,Feriado nacional,Jueves/Viernes Santo
6,KUSI MINIMARKET - Silva Santisteban,2025-08-15,6,363.77,23,,
7,KUSI MINIMARKET - San Roque,2024-03-19,3,169.31,12,,
7,KUSI MINIMARKET - San Roque,2023-02-06,2,132.05,11,,
6,KUSI MINIMARKET - Silva Santisteban,2024-02-07,4,139.59,10,,
6,KUSI MINIMARKET - Silva Santisteban,2023-07-15,7,246.28,18,,
7,KUSI MINIMARKET - San Roque,2023-02-20,2,224.69,14,Festividad local,Campaña escolar
5,KUSI MINIMARKET - San Sebastián,2024-07-01,2,275.08,13,,
7,KUSI MINIMARKET - San Roque,2024-06-10,2,239.52,17,,
6,KUSI MINIMARKET - Silva Santisteban,2025-02-26,4,293.22,17,Festividad local,Campaña escolar
4,KUSI MINIMARKET - Del Comercio,2024-03-07,5,372.49,22,Festividad local,Campaña escolar
5,KUSI MINIMARKET - San Sebastián,2024-08-20,3,219.75,16,,
7,KUSI MINIMARKET - San Roque,2023-07-12,4,316.66,20,,
4,KUSI MINIMARKET - Del Comercio,2025-01-02,5,423.39,21,,
6,KUSI MINIMARKET - Silva Santisteban,2023-02-06,2,313.52,21,,
5,KUSI MINIMARKET - San Sebastián,2023-08-29,3,156.78,16,,
6,KUSI MINIMARKET - Silva Santisteban,2025-08-30,7,247.3,20,Feriado nacional,Santa Rosa de Lima
3,KUSI MINIMARKET - Amalia Puga,2023-05-13,7,238.89,15,,
5,KUSI MINIMARKET - San Sebastián,2024-06-09,1,198.28,12,,
7,KUSI MINIMARKET - San Roque,2024-09-13,6,127.23,12,,
7,KUSI MINIMARKET - San Roque,2023-04-25,3,190.13,16,,
7,KUSI MINIMARKET - San Roque,2024-09-22,1,237.91,17,,
7,KUSI MINIMARKET - San Roque,2023-08-07,2,62.43,3,,
5,KUSI MINIMARKET - San Sebastián,2023-01-05,5,236.89,19,,
1,KUSI MINIMARKET - Vía de Evitamiento Norte,2023-01-09,2,720.14,45,,
1,KUSI MINIMARKET - Vía de Evitamiento Norte,2023-01-12,5,589.67,44,,
1,KUSI MINIMARKET - Vía de Evitamiento Norte,2023-01-14,7,665.17,48,,
7,KUSI MINIMARKET - San Roque,2023-01-15,1,154.31,10,,
6,KUSI MINIMARKET - Silva Santisteban,2023-01-16,2,103.08,9,,
7,KUSI MINIMARKET - San Roque,2023-01-25,4,190.29,14,,
5,KUSI MINIMARKET - San Sebastián,2023-01-26,5,254.77,19,,
5,KUSI MINIMARKET - San Sebastián,2023-02-09,5,220.59,14,,
1,KUSI MINIMARKET - Vía de Evitamiento Norte,2023-02-10,6,693.5,47,,
1,KUSI MINIMARKET - Vía de Evitamiento Norte,2023-02-18,7,562.79,40,Festividad local,Campaña escolar
7,KUSI MINIMARKET - San Roque,2023-02-26,1,117.96,9,Festividad local,Campaña escolar
5,KUSI MINIMARKET - San Sebastián,2023-02-27,2,205.22,15,Festividad local,Campaña escolar
1,KUSI MINIMARKET - Vía de Evitamiento Norte,2023-03-03,6,749.04,53,Festividad local,Campaña escolar
1,KUSI MINIMARKET - Vía de Evitamiento Norte,2023-03-04,7,664.87,41,Festividad local,Campaña escolar
5,KUSI MINIMARKET - San Sebastián,2023-03-11,7,202.04,19,Festividad local,Campaña escolar
1,KUSI MINIMARKET - Vía de Evitamiento Norte,2023-03-14,3,485.98,34,Festividad local,Campaña escolar
7,KUSI MINIMARKET - San Roque,2023-03-23,5,153.63,14,,
7,KUSI MINIMARKET - San Roque,2023-03-24,6,269.02,16,,
5,KUSI MINIMARKET - San Sebastián,2023-03-24,6,220.42,15,,
1,KUSI MINIMARKET - Vía de Evitamiento Norte,2023-03-28,3,681.67,50,,
1,KUSI MINIMARKET - Vía de Evitamiento Norte,2023-04-01,7,936.52,61,,
6,KUSI MINIMARKET - Silva Santisteban,2023-04-13,5,283.39,19,,
1,KUSI MINIMARKET - Vía de Evitamiento Norte,2023-04-20,5,730.06,49,,
1,KUSI MINIMARKET - Vía de Evitamiento Norte,2023-04-21,6,927.57,67,,
7,KUSI MINIMARKET - San Roque,2023-04-22,7,355.19,21,,
1,KUSI MINIMARKET - Vía de Evitamiento Norte,2023-05-01,2,611.3,51,Feriado nacional,Día del Trabajo
5,KUSI MINIMARKET - San Sebastián,2023-05-03,4,323.16,20,,
1,KUSI MINIMARKET - Vía de Evitamiento Norte,2023-05-05,6,822.19,53,,
1,KUSI MINIMARKET - Vía de Evitamiento Norte,2023-05-08,2,517.42,43,,
6,KUSI MINIMARKET - Silva Santisteban,2023-05-09,3,202.0,12,,
5,KUSI MINIMARKET - San Sebastián,2023-05-12,6,390.79,25,,
5,KUSI MINIMARKET - San Sebastián,2023-05-22,2,200.63,17,,
6,KUSI MINIMARKET - Silva Santisteban,2023-05-23,3,308.18,18,,
1,KUSI MINIMARKET - Vía de Evitamiento Norte,2023-05-24,4,848.6,56,,
6,KUSI MINIMARKET - Silva Santisteban,2023-05-29,2,245.85,21,,
1,KUSI MINIMARKET - Vía de Evitamiento Norte,2023-06-01,5,865.47,57,,
1,KUSI MINIMARKET - Vía de Evitamiento Norte,2023-06-02,6,673.92,46,,
1,KUSI MINIMARKET - Vía de Evitamiento Norte,2023-06-09,6,893.12,59,,
1,KUSI MINIMARKET - Vía de Evitamiento Norte,2023-06-10,7,624.52,52,,
1,KUSI MINIMARKET - Vía de Evitamiento Norte,2023-06-12,2,529.99,44,,
1,KUSI MINIMARKET - Vía de Evitamiento Norte,2023-06-15,5,772.04,59,,
1,KUSI MINIMARKET - Vía de Evitamiento Norte,2023-06-16,6,550.12,42,,
1,KUSI MINIMARKET - Vía de Evitamiento Norte,2023-06-19,2,711.89,43,,
1,KUSI MINIMARKET - Vía de Evitamiento Norte,2023-06-25,1,614.95,43,,
7,KUSI MINIMARKET - San Roque,2023-06-30,6,375.9,20,,
6,KUSI MINIMARKET - Silva Santisteban,2023-06-30,6,331.49,25,,
1,KUSI MINIMARKET - Vía de Evitamiento Norte,2023-07-02,1,753.74,45,,
5,KUSI MINIMARKET - San Sebastián,2023-07-07,6,307.32,22,,
6,KUSI MINIMARKET - Silva Santisteban,2023-07-12,4,289.68,21,,
6,KUSI MINIMARKET - Silva Santisteban,2023-07-14,6,184.67,14,,
6,KUSI MINIMARKET - Silva Santisteban,2023-07-18,3,288.6,20,,
1,KUSI MINIMARKET - Vía de Evitamiento Norte,2023-07-22,7,790.87,56,,
1,KUSI MINIMARKET - Vía de Evitamiento Norte,2023-07-28,6,664.63,49,Feriado nacional,Fiestas Patrias
1,KUSI MINIMARKET - Vía de Evitamiento Norte,2023-08-01,3,529.03,42,,
7,KUSI MINIMARKET - San Roque,2023-08-06,1,168.92,9,,
1,KUSI MINIMARKET - Vía de Evitamiento Norte,2023-08-08,3,804.48,55,,
1,KUSI MINIMARKET - Vía de Evitamiento Norte,2023-08-10,5,783.74,67,,
5,KUSI MINIMARKET - San Sebastián,2023-08-13,1,250.11,20,,
1,KUSI MINIMARKET - Vía de Evitamiento Norte,2023-08-17,5,730.67,53,,
1,KUSI MINIMARKET - Vía de Evitamiento Norte,2023-08-18,6,774.63,51,,
5,KUSI MINIMARKET - San Sebastián,2023-08-19,7,405.02,22,,
1,KUSI MINIMARKET - Vía de Evitamiento Norte,2023-08-31,5,686.98,52,,
1,KUSI MINIMARKET - Vía de Evitamiento Norte,2023-09-12,3,1101.28,68,,
1,KUSI MINIMARKET - Vía de Evitamiento Norte,2023-09-16,7,712.18,54,,
7,KUSI MINIMARKET - San Roque,2023-09-17,1,193.43,15,,
6,KUSI MINIMARKET - Silva Santisteban,2023-09-27,4,239.18,20,,
1,KUSI MINIMARKET - Vía de Evitamiento Norte,2023-09-27,4,565.85,42,,
5,KUSI MINIMARKET - San Sebastián,2023-10-01,1,266.14,20,,
1,KUSI MINIMARKET - Vía de Evitamiento Norte,2023-10-04,4,684.74,47,,
1,KUSI MINIMARKET - Vía de Evitamiento Norte,2023-10-11,4,757.13,50,,
1,KUSI MINIMARKET - Vía de Evitamiento Norte,2023-10-19,5,771.82,57,,
1,KUSI MINIMARKET - Vía de Evitamiento Norte,2023-11-01,4,719.52,44,Feriado nacional,Todos los Santos
5,KUSI MINIMARKET - San Sebastián,2023-11-07,3,208.97,14,,
5,KUSI MINIMARKET - San Sebastián,2023-11-10,6,382.52,25,,
1,KUSI MINIMARKET - Vía de Evitamiento Norte,2023-11-11,7,811.18,56,,
1,KUSI MINIMARKET - Vía de Evitamiento Norte,2023-11-25,7,744.28,52,,
1,KUSI MINIMARKET - Vía de Evitamiento Norte,2023-11-26,1,697.78,46,,
1,KUSI MINIMARKET - Vía de Evitamiento Norte,2023-11-27,2,635.8,45,,
1,KUSI MINIMARKET - Vía de Evitamiento Norte,2023-11-30,5,714.96,49,,
6,KUSI MINIMARKET - Silva Santisteban,2023-12-01,6,312.98,20,,
1,KUSI MINIMARKET - Vía de Evitamiento Norte,2023-12-06,4,771.87,58,,
7,KUSI MINIMARKET - San Roque,2023-12-11,2,262.69,19,,
1,KUSI MINIMARKET - Vía de Evitamiento Norte,2023-12-14,5,914.58,65,,
1,KUSI MINIMARKET - Vía de Evitamiento Norte,2023-12-19,3,782.57,59,Festividad local,Campaña navideña
7,KUSI MINIMARKET - San Roque,2023-12-26,3,212.08,18,Festividad local,Fin de año
6,KUSI MINIMARKET - Silva Santisteban,2024-01-13,7,217.05,18,,
1,KUSI MINIMARKET - Vía de Evitamiento Norte,2024-01-14,1,747.43,52,,
1,KUSI MINIMARKET - Vía de Evitamiento Norte,2024-01-16,3,504.51,38,,
1,KUSI MINIMARKET - Vía de Evitamiento Norte,2024-01-18,5,719.36,48,,
6,KUSI MINIMARKET - Silva Santisteban,2024-01-20,7,294.56,20,,
6,KUSI MINIMARKET - Silva Santisteban,2024-01-23,3,137.09,13,,
6,KUSI MINIMARKET - Silva Santisteban,2024-01-24,4,293.5,17,,
7,KUSI MINIMARKET - San Roque,2024-02-03,7,242.09,15,,
7,KUSI MINIMARKET - San Roque,2024-02-04,1,187.51,11,,
1,KUSI MINIMARKET - Vía de Evitamiento Norte,2024-02-05,2,744.35,47,,
1,KUSI MINIMARKET - Vía de Evitamiento Norte,2024-02-07,4,559.8,45,,
5,KUSI MINIMARKET - San Sebastián,2024-02-09,6,156.22,12,,
1,KUSI MINIMARKET - Vía de Evitamiento Norte,2024-02-18,1,644.12,47,Festividad local,Campaña escolar
6,KUSI MINIMARKET - Silva Santisteban,2024-02-23,6,151.2,14,Festividad local,Campaña escolar
6,KUSI MINIMARKET - Silva Santisteban,2024-02-29,5,247.97,19,Festividad local,Campaña escolar
1,KUSI MINIMARKET - Vía de Evitamiento Norte,2024-03-04,2,649.49,55,Festividad local,Campaña escolar
6,KUSI MINIMARKET - Silva Santisteban,2024-03-05,3,298.54,23,Festividad local,Campaña escolar
5,KUSI MINIMARKET - San Sebastián,2024-03-12,3,206.61,14,Festividad local,Campaña escolar
1,KUSI MINIMARKET - Vía de Evitamiento Norte,2024-03-28,5,877.73,51,Feriado nacional,Jueves/Viernes Santo
1,KUSI MINIMARKET - Vía de Evitamiento Norte,2024-04-04,5,658.9,46,,
7,KUSI MINIMARKET - San Roque,2024-04-10,4,230.86,18,,
5,KUSI MINIMARKET - San Sebastián,2024-04-14,1,151.23,15,,
1,KUSI MINIMARKET - Vía de Evitamiento Norte,2024-04-15,2,661.28,46,,
5,KUSI MINIMARKET - San Sebastián,2024-04-20,7,179.71,12,,
1,KUSI MINIMARKET - Vía de Evitamiento Norte,2024-04-24,4,580.76,37,,
1,KUSI MINIMARKET - Vía de Evitamiento Norte,2024-05-01,4,680.07,47,Feriado nacional,Día del Trabajo
1,KUSI MINIMARKET - Vía de Evitamiento Norte,2024-05-04,7,942.1,64,,
1,KUSI MINIMARKET - Vía de Evitamiento Norte,2024-05-05,1,677.27,51,,
6,KUSI MINIMARKET - Silva Santisteban,2024-05-06,2,193.86,14,,
6,KUSI MINIMARKET - Silva Santisteban,2024-05-11,7,288.43,22,,
5,KUSI MINIMARKET - San Sebastián,2024-05-24,6,288.56,24,,
1,KUSI MINIMARKET - Vía de Evitamiento Norte,2024-05-28,3,767.16,56,,
5,KUSI MINIMARKET - San Sebastián,2024-06-15,7,379.42,24,,
1,KUSI MINIMARKET - Vía de Evitamiento Norte,2024-06-20,5,663.01,49,,
5,KUSI MINIMARKET - San Sebastián,2024-06-21,6,250.49,20,,
1,KUSI MINIMARKET - Vía de Evitamiento Norte,2024-06-27,5,708.17,55,,
7,KUSI MINIMARKET - San Roque,2024-07-12,6,254.67,16,,
5,KUSI MINIMARKET - San Sebastián,2024-07-28,1,262.56,19,Feriado nacional,Fiestas Patrias
1,KUSI MINIMARKET - Vía de Evitamiento Norte,2024-07-29,2,909.34,52,Feriado nacional,Fiestas Patrias
1,KUSI MINIMARKET - Vía de Evitamiento Norte,2024-08-13,3,826.65,53,,
5,KUSI MINIMARKET - San Sebastián,2024-08-28,4,153.96,13,,
6,KUSI MINIMARKET - Silva Santisteban,2024-09-01,1,319.35,25,,
1,KUSI MINIMARKET - Vía de Evitamiento Norte,2024-09-06,6,591.24,41,,
1,KUSI MINIMARKET - Vía de Evitamiento Norte,2023-07-12,4,643.63,42,,
6,KUSI MINIMARKET - Silva Santisteban,2023-08-08,3,197.24,14,,
1,KUSI MINIMARKET - Vía de Evitamiento Norte,2024-04-12,6,645.13,47,,
6,KUSI MINIMARKET - Silva Santisteban,2024-07-04,5,201.07,18,,
1,KUSI MINIMARKET - Vía de Evitamiento Norte,2024-09-11,4,714.25,47,,
5,KUSI MINIMARKET - San Sebastián,2024-09-12,5,360.85,22,,
7,KUSI MINIMARKET - San Roque,2024-09-16,2,242.67,14,,
6,KUSI MINIMARKET - Silva Santisteban,2024-09-17,3,261.97,23,,
5,KUSI MINIMARKET - San Sebastián,2024-09-18,4,216.33,15,,
1,KUSI MINIMARKET - Vía de Evitamiento Norte,2024-09-19,5,940.31,56,,
1,KUSI MINIMARKET - Vía de Evitamiento Norte,2024-09-21,7,530.67,40,,
1,KUSI MINIMARKET - Vía de Evitamiento Norte,2024-09-22,1,897.42,66,,
1,KUSI MINIMARKET - Vía de Evitamiento Norte,2024-09-26,5,936.53,63,,
6,KUSI MINIMARKET - Silva Santisteban,2024-09-29,1,255.82,19,,
1,KUSI MINIMARKET - Vía de Evitamiento Norte,2024-09-29,1,650.42,40,,
5,KUSI MINIMARKET - San Sebastián,2024-10-03,5,196.17,19,,
5,KUSI MINIMARKET - San Sebastián,2024-10-07,2,297.67,17,,
1,KUSI MINIMARKET - Vía de Evitamiento Norte,2024-10-12,7,594.69,42,,
1,KUSI MINIMARKET - Vía de Evitamiento Norte,2024-10-15,3,723.86,60,,
5,KUSI MINIMARKET - San Sebastián,2024-10-18,6,344.61,24,,
1,KUSI MINIMARKET - Vía de Evitamiento Norte,2024-10-19,7,859.01,57,,
1,KUSI MINIMARKET - Vía de Evitamiento Norte,2024-10-20,1,761.21,53,,
1,KUSI MINIMARKET - Vía de Evitamiento Norte,2024-10-21,2,708.29,52,,
1,KUSI MINIMARKET - Vía de Evitamiento Norte,2024-11-07,5,770.33,53,,
5,KUSI MINIMARKET - San Sebastián,2024-11-07,5,425.78,23,,
6,KUSI MINIMARKET - Silva Santisteban,2024-11-10,1,212.42,20,,
6,KUSI MINIMARKET - Silva Santisteban,2024-11-13,4,244.81,18,,
7,KUSI MINIMARKET - San Roque,2024-11-14,5,378.36,27,,
1,KUSI MINIMARKET - Vía de Evitamiento Norte,2024-11-16,7,649.12,50,,
7,KUSI MINIMARKET - San Roque,2024-11-16,7,239.16,20,,
1,KUSI MINIMARKET - Vía de Evitamiento Norte,2024-11-18,2,565.78,49,,
1,KUSI MINIMARKET - Vía de Evitamiento Norte,2024-11-19,3,988.69,60,,
1,KUSI MINIMARKET - Vía de Evitamiento Norte,2024-11-22,6,756.05,54,,
1,KUSI MINIMARKET - Vía de Evitamiento Norte,2024-11-28,5,770.03,47,,
7,KUSI MINIMARKET - San Roque,2024-11-30,7,249.94,18,,
5,KUSI MINIMARKET - San Sebastián,2024-12-01,1,343.87,27,,
1,KUSI MINIMARKET - Vía de Evitamiento Norte,2024-12-04,4,922.47,69,,
5,KUSI MINIMARKET - San Sebastián,2024-12-08,1,388.3,26,Feriado nacional,Inmaculada Concepción
1,KUSI MINIMARKET - Vía de Evitamiento Norte,2024-12-11,4,855.42,60,,
1,KUSI MINIMARKET - Vía de Evitamiento Norte,2024-12-16,2,913.16,72,Festividad local,Campaña navideña
6,KUSI MINIMARKET - Silva Santisteban,2024-12-16,2,317.69,27,Festividad local,Campaña navideña
1,KUSI MINIMARKET - Vía de Evitamiento Norte,2024-12-22,1,933.49,64,Festividad local,Campaña navideña
1,KUSI MINIMARKET - Vía de Evitamiento Norte,2024-12-24,3,853.29,57,Festividad local,Campaña navideña
1,KUSI MINIMARKET - Vía de Evitamiento Norte,2024-12-29,1,928.6,67,Festividad local,Fin de año
1,KUSI MINIMARKET - Vía de Evitamiento Norte,2025-01-03,6,696.96,49,,
1,KUSI MINIMARKET - Vía de Evitamiento Norte,2025-01-08,4,798.7,52,,
5,KUSI MINIMARKET - San Sebastián,2025-01-10,6,288.14,19,,
1,KUSI MINIMARKET - Vía de Evitamiento Norte,2025-01-16,5,733.89,55,,
1,KUSI MINIMARKET - Vía de Evitamiento Norte,2025-01-17,6,726.32,54,,
1,KUSI MINIMARKET - Vía de Evitamiento Norte,2025-01-26,1,635.04,45,,
5,KUSI MINIMARKET - San Sebastián,2025-01-26,1,104.86,12,,
1,KUSI MINIMARKET - Vía de Evitamiento Norte,2025-02-03,2,934.91,61,,
5,KUSI MINIMARKET - San Sebastián,2025-02-05,4,377.46,25,,
1,KUSI MINIMARKET - Vía de Evitamiento Norte,2025-02-05,4,750.93,57,,
1,KUSI MINIMARKET - Vía de Evitamiento Norte,2025-02-10,2,1051.56,71,,
7,KUSI MINIMARKET - San Roque,2025-02-11,3,276.02,13,,
6,KUSI MINIMARKET - Silva Santisteban,2025-02-13,5,292.55,21,,
5,KUSI MINIMARKET - San Sebastián,2025-02-13,5,283.98,20,,
7,KUSI MINIMARKET - San Roque,2025-02-24,2,236.2,15,Festividad local,Campaña escolar
7,KUSI MINIMARKET - San Roque,2025-03-05,4,246.72,17,Festividad local,Campaña escolar
7,KUSI MINIMARKET - San Roque,2025-03-07,6,231.47,16,Festividad local,Campaña escolar
5,KUSI MINIMARKET - San Sebastián,2025-03-15,7,283.68,21,Festividad local,Campaña escolar
1,KUSI MINIMARKET - Vía de Evitamiento Norte,2025-03-16,1,940.58,66,,
6,KUSI MINIMARKET - Silva Santisteban,2025-03-21,6,331.34,23,,
1,KUSI MINIMARKET - Vía de Evitamiento Norte,2025-03-25,3,759.13,49,,
7,KUSI MINIMARKET - San Roque,2025-03-26,4,104.16,10,,
1,KUSI MINIMARKET - Vía de Evitamiento Norte,2025-03-31,2,958.83,59,,
1,KUSI MINIMARKET - Vía de Evitamiento Norte,2025-04-04,6,823.1,63,,
5,KUSI MINIMARKET - San Sebastián,2025-04-11,6,232.1,20,,
6,KUSI MINIMARKET - Silva Santisteban,2025-04-27,1,369.52,26,,
7,KUSI MINIMARKET - San Roque,2025-05-05,2,166.56,15,,
6,KUSI MINIMARKET - Silva Santisteban,2025-05-07,4,267.18,22,,
1,KUSI MINIMARKET - Vía de Evitamiento Norte,2025-05-10,7,646.58,50,,
7,KUSI MINIMARKET - San Roque,2025-05-19,2,208.88,18,,
6,KUSI MINIMARKET - Silva Santisteban,2025-05-21,4,331.68,21,,
5,KUSI MINIMARKET - San Sebastián,2025-05-27,3,335.37,27,,
7,KUSI MINIMARKET - San Roque,2025-06-04,4,282.56,18,,
1,KUSI MINIMARKET - Vía de Evitamiento Norte,2025-06-08,1,797.06,54,,
6,KUSI MINIMARKET - Silva Santisteban,2025-06-14,7,361.37,28,,
1,KUSI MINIMARKET - Vía de Evitamiento Norte,2025-06-15,1,765.82,57,Festividad local,Día del Padre
7,KUSI MINIMARKET - San Roque,2025-06-15,1,290.27,21,Festividad local,Día del Padre
1,KUSI MINIMARKET - Vía de Evitamiento Norte,2025-07-04,6,936.1,65,,
6,KUSI MINIMARKET - Silva Santisteban,2025-07-06,1,325.97,26,,
7,KUSI MINIMARKET - San Roque,2025-07-13,1,260.19,18,,
5,KUSI MINIMARKET - San Sebastián,2025-07-15,3,197.2,19,,
1,KUSI MINIMARKET - Vía de Evitamiento Norte,2025-07-17,5,495.46,42,,
6,KUSI MINIMARKET - Silva Santisteban,2025-07-20,1,306.18,20,,
1,KUSI MINIMARKET - Vía de Evitamiento Norte,2025-07-21,2,936.76,68,,
1,KUSI MINIMARKET - Vía de Evitamiento Norte,2025-07-23,4,1026.7,72,,
1,KUSI MINIMARKET - Vía de Evitamiento Norte,2025-07-29,3,917.06,72,Feriado nacional,Fiestas Patrias
1,KUSI MINIMARKET - Vía de Evitamiento Norte,2025-08-05,3,650.43,50,,
1,KUSI MINIMARKET - Vía de Evitamiento Norte,2025-08-06,4,775.09,57,,
1,KUSI MINIMARKET - Vía de Evitamiento Norte,2025-08-07,5,669.92,50,,
6,KUSI MINIMARKET - Silva Santisteban,2025-08-09,7,484.86,27,,
1,KUSI MINIMARKET - Vía de Evitamiento Norte,2025-08-21,5,862.54,59,,
2,KUSI MINIMARKET - Hoyos Rubio,2023-01-24,3,332.85,25,,
2,KUSI MINIMARKET - Hoyos Rubio,2023-01-27,6,471.43,33,,
2,KUSI MINIMARKET - Hoyos Rubio,2023-02-01,4,281.25,22,,
2,KUSI MINIMARKET - Hoyos Rubio,2023-02-04,7,247.37,19,,
7,KUSI MINIMARKET - San Roque,2023-02-24,6,178.43,12,Festividad local,Campaña escolar
2,KUSI MINIMARKET - Hoyos Rubio,2023-03-02,5,463.04,32,Festividad local,Campaña escolar
2,KUSI MINIMARKET - Hoyos Rubio,2023-03-07,3,319.91,23,Festividad local,Campaña escolar
2,KUSI MINIMARKET - Hoyos Rubio,2023-03-14,3,512.39,31,Festividad local,Campaña escolar
2,KUSI MINIMARKET - Hoyos Rubio,2023-03-17,6,499.09,33,,
6,KUSI MINIMARKET - Silva Santisteban,2023-03-29,4,210.08,11,,
2,KUSI MINIMARKET - Hoyos Rubio,2023-04-08,7,180.82,18,Festividad local,Semana Santa
2,KUSI MINIMARKET - Hoyos Rubio,2023-04-20,5,382.69,28,,
2,KUSI MINIMARKET - Hoyos Rubio,2023-05-18,5,413.14,31,,
2,KUSI MINIMARKET - Hoyos Rubio,2023-05-20,7,606.59,34,,
2,KUSI MINIMARKET - Hoyos Rubio,2023-05-23,3,569.86,30,,
5,KUSI MINIMARKET - San Sebastián,2023-05-30,3,205.54,16,,
5,KUSI MINIMARKET - San Sebastián,2023-06-09,6,386.13,25,,
5,KUSI MINIMARKET - San Sebastián,2023-06-12,2,257.41,18,,
5,KUSI MINIMARKET - San Sebastián,2023-06-13,3,222.2,15,,
5,KUSI MINIMARKET - San Sebastián,2023-06-27,3,192.42,13,,
2,KUSI MINIMARKET - Hoyos Rubio,2023-07-04,3,291.36,28,,
2,KUSI MINIMARKET - Hoyos Rubio,2023-07-05,4,391.0,25,,
2,KUSI MINIMARKET - Hoyos Rubio,2023-07-11,3,394.9,29,,
2,KUSI MINIMARKET - Hoyos Rubio,2023-08-01,3,362.05,27,,
2,KUSI MINIMARKET - Hoyos Rubio,2023-08-02,4,375.65,24,,
2,KUSI MINIMARKET - Hoyos Rubio,2023-08-05,7,506.29,32,,
2,KUSI MINIMARKET - Hoyos Rubio,2023-08-10,5,398.36,25,,
2,KUSI MINIMARKET - Hoyos Rubio,2023-10-07,7,469.55,33,,
2,KUSI MINIMARKET - Hoyos Rubio,2023-10-10,3,395.76,31,,
2,KUSI MINIMARKET - Hoyos Rubio,2023-10-11,4,403.27,35,,
2,KUSI MINIMARKET - Hoyos Rubio,2023-10-13,6,402.57,31,,
2,KUSI MINIMARKET - Hoyos Rubio,2023-10-15,1,310.93,25,,
2,KUSI MINIMARKET - Hoyos Rubio,2023-10-21,7,375.32,24,,
2,KUSI MINIMARKET - Hoyos Rubio,2023-10-23,2,452.4,32,,
2,KUSI MINIMARKET - Hoyos Rubio,2023-10-31,3,308.35,23,,
2,KUSI MINIMARKET - Hoyos Rubio,2023-11-05,1,589.88,33,,
2,KUSI MINIMARKET - Hoyos Rubio,2023-11-10,6,339.62,22,,
2,KUSI MINIMARKET - Hoyos Rubio,2023-12-01,6,433.39,37,,
2,KUSI MINIMARKET - Hoyos Rubio,2023-12-03,1,533.51,39,,
2,KUSI MINIMARKET - Hoyos Rubio,2023-12-19,3,379.16,25,Festividad local,Campaña navideña
6,KUSI MINIMARKET - Silva Santisteban,2023-12-26,3,347.29,20,Festividad local,Fin de año
2,KUSI MINIMARKET - Hoyos Rubio,2024-01-11,5,330.31,22,,
2,KUSI MINIMARKET - Hoyos Rubio,2024-01-22,2,275.5,23,,
5,KUSI MINIMARKET - San Sebastián,2024-01-23,3,188.96,11,,
2,KUSI MINIMARKET - Hoyos Rubio,2024-01-28,1,279.37,21,,
7,KUSI MINIMARKET - San Roque,2024-02-02,6,158.7,15,,
2,KUSI MINIMARKET - Hoyos Rubio,2024-02-03,7,500.33,34,,
2,KUSI MINIMARKET - Hoyos Rubio,2024-02-08,5,309.4,21,,
6,KUSI MINIMARKET - Silva Santisteban,2024-02-11,1,322.56,23,Festividad local,Carnaval de Cajamarca
6,KUSI MINIMARKET - Silva Santisteban,2024-03-10,1,408.89,32,Festividad local,Campaña escolar
6,KUSI MINIMARKET - Silva Santisteban,2024-04-07,1,190.86,16,,
6,KUSI MINIMARKET - Silva Santisteban,2024-04-10,4,324.86,18,,
7,KUSI MINIMARKET - San Roque,2024-04-18,5,245.53,15,,
2,KUSI MINIMARKET - Hoyos Rubio,2024-04-21,1,370.11,28,,
6,KUSI MINIMARKET - Silva Santisteban,2024-05-04,7,201.15,13,,
2,KUSI MINIMARKET - Hoyos Rubio,2024-05-12,1,517.51,33,Festividad local,Día de la Madre
7,KUSI MINIMARKET - San Roque,2024-05-19,1,312.88,18,,
2,KUSI MINIMARKET - Hoyos Rubio,2024-07-14,1,628.34,38,,
2,KUSI MINIMARKET - Hoyos Rubio,2024-07-18,5,434.15,31,,
2,KUSI MINIMARKET - Hoyos Rubio,2024-08-21,4,658.16,44,,
2,KUSI MINIMARKET - Hoyos Rubio,2024-08-26,2,370.48,26,,
2,KUSI MINIMARKET - Hoyos Rubio,2024-08-29,5,445.38,28,,
7,KUSI MINIMARKET - San Roque,2024-09-19,5,235.88,16,,
2,KUSI MINIMARKET - Hoyos Rubio,2024-09-19,5,482.3,31,,
2,KUSI MINIMARKET - Hoyos Rubio,2024-10-09,4,428.22,29,,
2,KUSI MINIMARKET - Hoyos Rubio,2024-10-10,5,429.85,31,,
2,KUSI MINIMARKET - Hoyos Rubio,2024-10-17,5,401.87,38,,
2,KUSI MINIMARKET - Hoyos Rubio,2024-10-20,1,362.73,23,,
2,KUSI MINIMARKET - Hoyos Rubio,2024-11-05,3,438.42,29,,
2,KUSI MINIMARKET - Hoyos Rubio,2024-11-12,3,391.25,26,,
5,KUSI MINIMARKET - San Sebastián,2024-11-13,4,244.22,14,,
2,KUSI MINIMARKET - Hoyos Rubio,2024-11-26,3,287.6,21,,
7,KUSI MINIMARKET - San Roque,2024-12-06,6,226.98,22,,
7,KUSI MINIMARKET - San Roque,2024-12-12,5,265.72,25,,
2,KUSI MINIMARKET - Hoyos Rubio,2024-12-13,6,499.89,35,,
2,KUSI MINIMARKET - Hoyos Rubio,2024-12-19,5,465.25,34,Festividad local,Campaña navideña
2,KUSI MINIMARKET - Hoyos Rubio,2025-01-24,6,361.52,31,,
6,KUSI MINIMARKET - Silva Santisteban,2025-01-27,2,335.63,19,,
2,KUSI MINIMARKET - Hoyos Rubio,2025-01-29,4,405.33,25,,
6,KUSI MINIMARKET - Silva Santisteban,2023-01-15,1,193.19,12,,
5,KUSI MINIMARKET - San Sebastián,2023-01-16,2,222.03,15,,
5,KUSI MINIMARKET - San Sebastián,2023-03-04,7,184.9,13,Festividad local,Campaña escolar
6,KUSI MINIMARKET - Silva Santisteban,2023-03-12,1,274.88,16,Festividad local,Campaña escolar
5,KUSI MINIMARKET - San Sebastián,2023-03-13,2,224.05,11,Festividad local,Campaña escolar
6,KUSI MINIMARKET - Silva Santisteban,2023-04-07,6,312.68,22,Feriado nacional,Jueves/Viernes Santo
7,KUSI MINIMARKET - San Roque,2023-04-13,5,356.95,20,,
6,KUSI MINIMARKET - Silva Santisteban,2023-04-18,3,247.21,16,,
7,KUSI MINIMARKET - San Roque,2023-04-21,6,215.68,15,,
6,KUSI MINIMARKET - Silva Santisteban,2023-05-04,5,224.5,17,,
6,KUSI MINIMARKET - Silva Santisteban,2023-05-25,5,308.81,17,,
7,KUSI MINIMARKET - San Roque,2023-05-31,4,274.66,20,,
5,KUSI MINIMARKET - San Sebastián,2023-06-01,5,243.06,22,,
6,KUSI MINIMARKET - Silva Santisteban,2023-06-21,4,312.34,21,,
5,KUSI MINIMARKET - San Sebastián,2023-06-25,1,205.69,15,,
6,KUSI MINIMARKET - Silva Santisteban,2023-07-04,3,282.72,16,,
6,KUSI MINIMARKET - Silva Santisteban,2023-07-08,7,268.43,19,,
6,KUSI MINIMARKET - Silva Santisteban,2023-07-11,3,475.2,28,,
7,KUSI MINIMARKET - San Roque,2023-08-19,7,261.33,18,,
5,KUSI MINIMARKET - San Sebastián,2023-08-25,6,281.07,19,,
6,KUSI MINIMARKET - Silva Santisteban,2023-09-03,1,198.08,15,,
5,KUSI MINIMARKET - San Sebastián,2023-09-10,1,246.26,18,,
5,KUSI MINIMARKET - San Sebastián,2023-09-22,6,233.9,19,,
7,KUSI MINIMARKET - San Roque,2023-11-12,1,332.78,21,,
6,KUSI MINIMARKET - Silva Santisteban,2023-11-18,7,127.68,10,,
7,KUSI MINIMARKET - San Roque,2023-11-22,4,282.41,24,,
5,KUSI MINIMARKET - San Sebastián,2023-11-23,5,245.73,18,,
7,KUSI MINIMARKET - San Roque,2023-12-10,1,257.55,18,,
6,KUSI MINIMARKET - Silva Santisteban,2023-12-15,6,287.34,22,Festividad local,Campaña navideña
7,KUSI MINIMARKET - San Roque,2023-12-15,6,305.29,21,Festividad local,Campaña navideña
6,KUSI MINIMARKET - Silva Santisteban,2023-12-16,7,475.49,31,Festividad local,Campaña navideña
6,KUSI MINIMARKET - Silva Santisteban,2023-12-27,4,313.49,21,Festividad local,Fin de año
6,KUSI MINIMARKET - Silva Santisteban,2024-01-21,1,248.27,16,,
5,KUSI MINIMARKET - San Sebastián,2024-01-30,3,200.79,18,,
1,KUSI MINIMARKET - Vía de Evitamiento Norte,2024-02-17,7,701.47,50,Festividad local,Campaña escolar
7,KUSI MINIMARKET - San Roque,2024-02-25,1,227.07,16,Festividad local,Campaña escolar
1,KUSI MINIMARKET - Vía de Evitamiento Norte,2024-03-20,4,535.01,44,,
6,KUSI MINIMARKET - Silva Santisteban,2024-03-22,6,352.84,20,,
1,KUSI MINIMARKET - Vía de Evitamiento Norte,2024-03-23,7,619.67,44,,
1,KUSI MINIMARKET - Vía de Evitamiento Norte,2024-04-02,3,489.94,36,,
5,KUSI MINIMARKET - San Sebastián,2024-04-06,7,265.43,20,,
7,KUSI MINIMARKET - San Roque,2024-04-28,1,223.18,13,,
5,KUSI MINIMARKET - San Sebastián,2024-04-28,1,340.63,21,,
6,KUSI MINIMARKET - Silva Santisteban,2024-05-02,5,201.6,14,,
1,KUSI MINIMARKET - Vía de Evitamiento Norte,2024-05-03,6,702.64,52,,
1,KUSI MINIMARKET - Vía de Evitamiento Norte,2024-05-20,2,863.13,56,,
1,KUSI MINIMARKET - Vía de Evitamiento Norte,2024-06-12,4,660.69,49,,
1,KUSI MINIMARKET - Vía de Evitamiento Norte,2024-06-13,5,743.67,45,,
5,KUSI MINIMARKET - San Sebastián,2024-06-25,3,280.69,19,,
6,KUSI MINIMARKET - Silva Santisteban,2024-07-28,1,343.3,25,Feriado nacional,Fiestas Patrias
6,KUSI MINIMARKET - Silva Santisteban,2024-08-16,6,370.32,25,,
6,KUSI MINIMARKET - Silva Santisteban,2024-09-03,3,282.86,18,,
7,KUSI MINIMARKET - San Roque,2024-09-06,6,259.02,19,,
6,KUSI MINIMARKET - Silva Santisteban,2023-07-29,7,272.21,19,Feriado nacional,Fiestas Patrias
7,KUSI MINIMARKET - San Roque,2024-11-04,2,407.88,24,,
6,KUSI MINIMARKET - Silva Santisteban,2024-11-18,2,287.77,16,,
6,KUSI MINIMARKET - Silva Santisteban,2024-11-24,1,273.14,17,,
6,KUSI MINIMARKET - Silva Santisteban,2024-12-06,6,349.66,24,,
7,KUSI MINIMARKET - San Roque,2024-12-10,3,216.8,14,,
7,KUSI MINIMARKET - San Roque,2024-12-26,5,280.92,16,Festividad local,Fin de año
7,KUSI MINIMARKET - San Roque,2024-12-27,6,330.93,24,Festividad local,Fin de año
5,KUSI MINIMARKET - San Sebastián,2025-01-14,3,225.55,11,,
1,KUSI MINIMARKET - Vía de Evitamiento Norte,2025-01-19,1,880.8,57,,
6,KUSI MINIMARKET - Silva Santisteban,2025-01-21,3,246.99,23,,
7,KUSI MINIMARKET - San Roque,2025-02-09,1,223.83,15,,
6,KUSI MINIMARKET - Silva Santisteban,2025-02-09,1,221.64,16,,
5,KUSI MINIMARKET - San Sebastián,2025-02-17,2,404.16,25,Festividad local,Campaña escolar
5,KUSI MINIMARKET - San Sebastián,2025-04-06,1,223.22,14,,
1,KUSI MINIMARKET - Vía de Evitamiento Norte,2025-04-15,3,627.09,51,Festividad local,Semana Santa
6,KUSI MINIMARKET - Silva Santisteban,2025-04-21,2,231.65,17,,
5,KUSI MINIMARKET - San Sebastián,2025-04-21,2,196.47,16,,
5,KUSI MINIMARKET - San Sebastián,2025-04-23,4,294.66,19,,
6,KUSI MINIMARKET - Silva Santisteban,2025-04-24,5,271.43,17,,
7,KUSI MINIMARKET - San Roque,2025-05-31,7,327.94,24,,
5,KUSI MINIMARKET - San Sebastián,2025-06-05,5,353.24,24,,
7,KUSI MINIMARKET - San Roque,2025-06-11,4,277.26,17,,
7,KUSI MINIMARKET - San Roque,2025-07-01,3,181.46,15,,
7,KUSI MINIMARKET - San Roque,2025-07-07,2,295.29,20,,
6,KUSI MINIMARKET - Silva Santisteban,2025-07-09,4,346.75,27,,
5,KUSI MINIMARKET - San Sebastián,2025-07-10,5,279.19,23,,
5,KUSI MINIMARKET - San Sebastián,2025-07-19,7,200.3,19,,
7,KUSI MINIMARKET - San Roque,2025-07-22,3,225.15,18,,
5,KUSI MINIMARKET - San Sebastián,2025-07-25,6,161.15,16,,
5,KUSI MINIMARKET - San Sebastián,2025-08-05,3,232.12,19,,
7,KUSI MINIMARKET - San Roque,2025-08-13,4,132.27,8,,
6,KUSI MINIMARKET - Silva Santisteban,2025-08-29,6,284.09,25,,
1,KUSI MINIMARKET - Vía de Evitamiento Norte,2025-08-30,7,807.11,59,Feriado nacional,Santa Rosa de Lima
2,KUSI MINIMARKET - Hoyos Rubio,2023-01-13,6,433.0,29,,
2,KUSI MINIMARKET - Hoyos Rubio,2023-02-23,5,431.57,26,Festividad local,Campaña escolar
6,KUSI MINIMARKET - Silva Santisteban,2023-03-06,2,341.23,22,Festividad local,Campaña escolar
6,KUSI MINIMARKET - Silva Santisteban,2023-03-18,7,286.75,14,,
2,KUSI MINIMARKET - Hoyos Rubio,2023-04-02,1,603.18,42,Festividad local,Semana Santa
2,KUSI MINIMARKET - Hoyos Rubio,2023-04-09,1,372.21,27,Festividad local,Semana Santa
6,KUSI MINIMARKET - Silva Santisteban,2023-04-15,7,327.74,24,,
7,KUSI MINIMARKET - San Roque,2023-04-29,7,272.98,19,,
2,KUSI MINIMARKET - Hoyos Rubio,2023-06-11,1,314.49,20,,
5,KUSI MINIMARKET - San Sebastián,2023-07-03,2,216.47,18,,
2,KUSI MINIMARKET - Hoyos Rubio,2023-07-09,1,552.5,33,,
2,KUSI MINIMARKET - Hoyos Rubio,2023-07-24,2,414.43,33,,
2,KUSI MINIMARKET - Hoyos Rubio,2023-08-23,4,362.92,25,,
2,KUSI MINIMARKET - Hoyos Rubio,2023-10-25,4,458.19,27,,
2,KUSI MINIMARKET - Hoyos Rubio,2023-11-07,3,460.8,33,,
6,KUSI MINIMARKET - Silva Santisteban,2023-12-14,5,438.84,28,,
2,KUSI MINIMARKET - Hoyos Rubio,2023-12-25,2,423.35,28,Feriado nacional,Navidad
6,KUSI MINIMARKET - Silva Santisteban,2024-01-06,7,328.93,26,,
2,KUSI MINIMARKET - Hoyos Rubio,2024-01-07,1,416.22,31,,
2,KUSI MINIMARKET - Hoyos Rubio,2024-01-17,4,191.25,13,,
6,KUSI MINIMARKET - Silva Santisteban,2024-01-18,5,218.72,15,,
2,KUSI MINIMARKET - Hoyos Rubio,2024-01-24,4,490.92,30,,
2,KUSI MINIMARKET - Hoyos Rubio,2024-02-26,2,298.89,20,Festividad local,Campaña escolar
2,KUSI MINIMARKET - Hoyos Rubio,2024-02-28,4,320.98,22,Festividad local,Campaña escolar
7,KUSI MINIMARKET - San Roque,2024-06-29,7,217.33,16,Feriado nacional,San Pedro y San Pablo
5,KUSI MINIMARKET - San Sebastián,2024-10-26,7,308.89,19,,
5,KUSI MINIMARKET - San Sebastián,2024-11-06,4,171.03,17,,
2,KUSI MINIMARKET - Hoyos Rubio,2024-11-08,6,355.73,26,,
5,KUSI MINIMARKET - San Sebastián,2024-11-20,4,275.6,24,,
5,KUSI MINIMARKET - San Sebastián,2024-11-30,7,234.76,21,,
2,KUSI MINIMARKET - Hoyos Rubio,2024-12-03,3,642.9,46,,
5,KUSI MINIMARKET - San Sebastián,2024-12-09,2,210.68,22,,
6,KUSI MINIMARKET - Silva Santisteban,2025-01-24,6,128.76,14,,
2,KUSI MINIMARKET - Hoyos Rubio,2025-02-05,4,296.75,22,,
2,KUSI MINIMARKET - Hoyos Rubio,2025-02-06,5,525.3,35,,
7,KUSI MINIMARKET - San Roque,2025-02-14,6,288.92,16,Festividad local,Día del Amor y la Amistad
2,KUSI MINIMARKET - Hoyos Rubio,2025-02-22,7,381.88,31,Festividad local,Campaña escolar
2,KUSI MINIMARKET - Hoyos Rubio,2025-02-28,6,264.92,24,Festividad local,Campaña escolar
2,KUSI MINIMARKET - Hoyos Rubio,2025-03-03,2,466.28,31,Festividad local,Campaña escolar
2,KUSI MINIMARKET - Hoyos Rubio,2025-03-05,4,475.69,30,Festividad local,Campaña escolar
2,KUSI MINIMARKET - Hoyos Rubio,2025-03-08,7,411.55,34,Festividad local,Campaña escolar
2,KUSI MINIMARKET - Hoyos Rubio,2025-03-12,4,358.37,32,Festividad local,Campaña escolar
2,KUSI MINIMARKET - Hoyos Rubio,2025-03-21,6,345.33,29,,
5,KUSI MINIMARKET - San Sebastián,2025-03-24,2,275.55,23,,
5,KUSI MINIMARKET - San Sebastián,2025-04-04,6,272.6,19,,
2,KUSI MINIMARKET - Hoyos Rubio,2025-04-07,2,475.54,37,,
2,KUSI MINIMARKET - Hoyos Rubio,2025-04-10,5,414.44,32,,
7,KUSI MINIMARKET - San Roque,2025-04-17,5,223.53,11,Feriado nacional,Jueves/Viernes Santo
2,KUSI MINIMARKET - Hoyos Rubio,2025-04-18,6,492.97,30,Feriado nacional,Jueves/Viernes Santo
2,KUSI MINIMARKET - Hoyos Rubio,2025-04-30,4,528.47,42,,
2,KUSI MINIMARKET - Hoyos Rubio,2025-05-01,5,447.39,30,Feriado nacional,Día del Trabajo
2,KUSI MINIMARKET - Hoyos Rubio,2025-05-08,5,627.46,46,,
2,KUSI MINIMARKET - Hoyos Rubio,2025-05-13,3,459.82,34,,
6,KUSI MINIMARKET - Silva Santisteban,2025-05-13,3,247.95,15,,
2,KUSI MINIMARKET - Hoyos Rubio,2025-05-21,4,492.68,33,,
2,KUSI MINIMARKET - Hoyos Rubio,2025-06-21,7,434.75,32,,
2,KUSI MINIMARKET - Hoyos Rubio,2025-07-01,3,686.08,47,,
2,KUSI MINIMARKET - Hoyos Rubio,2025-07-08,3,436.24,29,,
2,KUSI MINIMARKET - Hoyos Rubio,2025-07-11,6,525.84,36,,
5,KUSI MINIMARKET - San Sebastián,2025-07-20,1,270.65,19,,
5,KUSI MINIMARKET - San Sebastián,2025-08-02,7,287.29,20,,
2,KUSI MINIMARKET - Hoyos Rubio,2025-08-06,4,475.49,28,,
2,KUSI MINIMARKET - Hoyos Rubio,2025-08-08,6,581.51,41,,
2,KUSI MINIMARKET - Hoyos Rubio,2025-08-15,6,555.06,39,,
2,KUSI MINIMARKET - Hoyos Rubio,2025-08-20,4,545.81,35,,
3,KUSI MINIMARKET - Amalia Puga,2023-01-02,2,265.04,17,,
3,KUSI MINIMARKET - Amalia Puga,2023-01-07,7,285.75,19,,
3,KUSI MINIMARKET - Amalia Puga,2023-01-10,3,388.7,25,,
3,KUSI MINIMARKET - Amalia Puga,2023-01-29,1,255.74,19,,
3,KUSI MINIMARKET - Amalia Puga,2023-02-12,1,461.0,27,,
3,KUSI MINIMARKET - Amalia Puga,2023-02-14,3,340.03,21,Festividad local,Día del Amor y la Amistad
6,KUSI MINIMARKET - Silva Santisteban,2023-02-19,1,253.34,20,Festividad local,Campaña escolar
3,KUSI MINIMARKET - Amalia Puga,2023-03-21,3,323.57,23,,
3,KUSI MINIMARKET - Amalia Puga,2023-04-04,3,224.28,16,Festividad local,Semana Santa
6,KUSI MINIMARKET - Silva Santisteban,2023-04-17,2,280.16,22,,
3,KUSI MINIMARKET - Amalia Puga,2023-04-24,2,377.77,32,,
3,KUSI MINIMARKET - Amalia Puga,2023-05-11,5,317.32,26,,
3,KUSI MINIMARKET - Amalia Puga,2023-05-17,4,399.73,33,,
3,KUSI MINIMARKET - Amalia Puga,2023-05-23,3,368.29,21,,
3,KUSI MINIMARKET - Amalia Puga,2023-05-27,7,534.87,36,,
6,KUSI MINIMARKET - Silva Santisteban,2023-05-28,1,225.81,17,,
3,KUSI MINIMARKET - Amalia Puga,2023-06-03,7,454.58,28,,
3,KUSI MINIMARKET - Amalia Puga,2023-06-06,3,203.84,16,,
7,KUSI MINIMARKET - San Roque,2023-06-16,6,148.56,12,,
3,KUSI MINIMARKET - Amalia Puga,2023-06-20,3,325.19,23,,
3,KUSI MINIMARKET - Amalia Puga,2023-06-23,6,271.54,18,,
3,KUSI MINIMARKET - Amalia Puga,2023-07-06,5,354.74,29,,
3,KUSI MINIMARKET - Amalia Puga,2023-07-13,5,475.93,35,,
3,KUSI MINIMARKET - Amalia Puga,2023-07-14,6,524.85,28,,
3,KUSI MINIMARKET - Amalia Puga,2023-07-22,7,451.05,37,,
3,KUSI MINIMARKET - Amalia Puga,2023-07-24,2,468.71,37,,
3,KUSI MINIMARKET - Amalia Puga,2023-09-18,2,457.71,26,,
3,KUSI MINIMARKET - Amalia Puga,2023-09-19,3,323.1,23,,
3,KUSI MINIMARKET - Amalia Puga,2023-09-23,7,286.81,22,,
3,KUSI MINIMARKET - Amalia Puga,2023-10-09,2,313.36,25,,
3,KUSI MINIMARKET - Amalia Puga,2023-10-12,5,382.27,27,,
3,KUSI MINIMARKET - Amalia Puga,2023-10-14,7,478.35,29,,
3,KUSI MINIMARKET - Amalia Puga,2023-10-15,1,164.59,11,,
3,KUSI MINIMARKET - Amalia Puga,2023-11-02,5,517.86,34,,
3,KUSI MINIMARKET - Amalia Puga,2023-11-11,7,372.61,22,,
3,KUSI MINIMARKET - Amalia Puga,2023-11-25,7,376.48,24,,
6,KUSI MINIMARKET - Silva Santisteban,2023-11-28,3,173.38,14,,
3,KUSI MINIMARKET - Amalia Puga,2023-12-06,4,266.15,21,,
3,KUSI MINIMARKET - Amalia Puga,2023-12-23,7,448.17,31,Festividad local,Campaña navideña
3,KUSI MINIMARKET - Amalia Puga,2024-02-18,1,286.59,21,Festividad local,Campaña escolar
3,KUSI MINIMARKET - Amalia Puga,2024-02-21,4,499.22,27,Festividad local,Campaña escolar
3,KUSI MINIMARKET - Amalia Puga,2024-03-02,7,560.86,33,Festividad local,Campaña escolar
7,KUSI MINIMARKET - San Roque,2024-03-03,1,98.18,9,Festividad local,Campaña escolar
3,KUSI MINIMARKET - Amalia Puga,2024-03-14,5,375.99,23,Festividad local,Campaña escolar
3,KUSI MINIMARKET - Amalia Puga,2024-03-16,7,415.97,27,,
6,KUSI MINIMARKET - Silva Santisteban,2024-03-29,6,123.93,10,Feriado nacional,Jueves/Viernes Santo
6,KUSI MINIMARKET - Silva Santisteban,2024-04-15,2,215.09,20,,
3,KUSI MINIMARKET - Amalia Puga,2024-04-21,1,398.27,27,,
3,KUSI MINIMARKET - Amalia Puga,2024-04-29,2,287.73,23,,
3,KUSI MINIMARKET - Amalia Puga,2024-05-08,4,429.07,24,,
3,KUSI MINIMARKET - Amalia Puga,2024-05-14,3,493.38,31,,
3,KUSI MINIMARKET - Amalia Puga,2024-05-16,5,496.07,33,,
3,KUSI MINIMARKET - Amalia Puga,2024-05-25,7,446.39,29,,
3,KUSI MINIMARKET - Amalia Puga,2024-06-02,1,272.56,21,,
3,KUSI MINIMARKET - Amalia Puga,2024-06-11,3,421.26,32,,
6,KUSI MINIMARKET - Silva Santisteban,2024-06-21,6,259.27,21,,
3,KUSI MINIMARKET - Amalia Puga,2024-06-28,6,448.02,29,,
3,KUSI MINIMARKET - Amalia Puga,2024-07-26,6,321.27,23,,
3,KUSI MINIMARKET - Amalia Puga,2024-08-06,3,383.62,22,,
3,KUSI MINIMARKET - Amalia Puga,2024-08-16,6,491.32,35,,
3,KUSI MINIMARKET - Amalia Puga,2024-08-17,7,401.59,32,,
3,KUSI MINIMARKET - Amalia Puga,2024-08-21,4,386.09,26,,
3,KUSI MINIMARKET - Amalia Puga,2024-08-26,2,227.31,20,,
3,KUSI MINIMARKET - Amalia Puga,2024-09-06,6,477.97,36,,
3,KUSI MINIMARKET - Amalia Puga,2024-09-08,1,356.34,25,,
5,KUSI MINIMARKET - San Sebastián,2024-09-13,6,361.35,21,,
3,KUSI MINIMARKET - Amalia Puga,2024-09-14,7,431.49,27,,
3,KUSI MINIMARKET - Amalia Puga,2024-09-21,7,475.29,35,,
6,KUSI MINIMARKET - Silva Santisteban,2024-09-26,5,160.21,13,,
3,KUSI MINIMARKET - Amalia Puga,2024-09-30,2,405.77,29,,
3,KUSI MINIMARKET - Amalia Puga,2024-10-02,4,408.41,36,,
3,KUSI MINIMARKET - Amalia Puga,2024-10-19,7,271.19,20,,
3,KUSI MINIMARKET - Amalia Puga,2024-10-21,2,379.57,24,,
3,KUSI MINIMARKET - Amalia Puga,2024-10-29,3,254.98,19,,
3,KUSI MINIMARKET - Amalia Puga,2024-11-05,3,453.26,33,,
3,KUSI MINIMARKET - Amalia Puga,2024-11-17,1,257.58,23,,
3,KUSI MINIMARKET - Amalia Puga,2024-11-21,5,388.88,28,,
6,KUSI MINIMARKET - Silva Santisteban,2024-11-28,5,280.91,18,,
3,KUSI MINIMARKET - Amalia Puga,2024-11-28,5,423.41,29,,
3,KUSI MINIMARKET - Amalia Puga,2024-12-04,4,643.34,42,,
3,KUSI MINIMARKET - Amalia Puga,2024-12-12,5,432.47,29,,
3,KUSI MINIMARKET - Amalia Puga,2024-12-19,5,509.56,32,Festividad local,Campaña navideña
3,KUSI MINIMARKET - Amalia Puga,2025-01-01,4,254.09,23,Feriado nacional,Año Nuevo
3,KUSI MINIMARKET - Amalia Puga,2025-01-08,4,416.58,30,,
5,KUSI MINIMARKET - San Sebastián,2025-01-09,5,357.71,30,,
3,KUSI MINIMARKET - Amalia Puga,2025-01-09,5,442.14,30,,
3,KUSI MINIMARKET - Amalia Puga,2025-01-10,6,484.01,30,,
3,KUSI MINIMARKET - Amalia Puga,2025-01-15,4,429.14,27,,
3,KUSI MINIMARKET - Amalia Puga,2025-01-20,2,494.51,30,,
3,KUSI MINIMARKET - Amalia Puga,2025-01-25,7,564.81,34,,
3,KUSI MINIMARKET - Amalia Puga,2025-02-01,7,386.46,37,,
3,KUSI MINIMARKET - Amalia Puga,2025-02-16,1,476.2,35,Festividad local,Campaña escolar
3,KUSI MINIMARKET - Amalia Puga,2025-02-18,3,539.64,33,Festividad local,Campaña escolar
3,KUSI MINIMARKET - Amalia Puga,2025-03-05,4,572.06,39,Festividad local,Campaña escolar
6,KUSI MINIMARKET - Silva Santisteban,2025-04-16,4,268.09,15,Festividad local,Semana Santa
3,KUSI MINIMARKET - Amalia Puga,2025-04-20,1,357.94,27,Festividad local,Semana Santa
3,KUSI MINIMARKET - Amalia Puga,2025-05-01,5,372.66,32,Feriado nacional,Día del Trabajo
3,KUSI MINIMARKET - Amalia Puga,2025-05-04,1,657.43,40,,
3,KUSI MINIMARKET - Amalia Puga,2025-05-06,3,389.5,25,,
3,KUSI MINIMARKET - Amalia Puga,2025-05-22,5,386.27,32,,
3,KUSI MINIMARKET - Amalia Puga,2025-06-08,1,392.58,27,,
5,KUSI MINIMARKET - San Sebastián,2025-06-12,5,169.55,14,,
3,KUSI MINIMARKET - Amalia Puga,2025-06-18,4,328.04,25,,
3,KUSI MINIMARKET - Amalia Puga,2025-06-24,3,414.51,28,,
3,KUSI MINIMARKET - Amalia Puga,2025-06-29,1,519.03,39,Feriado nacional,San Pedro y San Pablo
3,KUSI MINIMARKET - Amalia Puga,2025-07-04,6,392.92,25,,
3,KUSI MINIMARKET - Amalia Puga,2025-07-18,6,324.75,26,,
3,KUSI MINIMARKET - Amalia Puga,2025-07-30,4,676.24,41,,
3,KUSI MINIMARKET - Amalia Puga,2025-08-04,2,407.25,27,,
3,KUSI MINIMARKET - Amalia Puga,2025-08-18,2,424.8,32,,
3,KUSI MINIMARKET - Amalia Puga,2025-08-28,5,575.4,39,,
7,KUSI MINIMARKET - San Roque,2025-08-29,6,271.55,18,,
7,KUSI MINIMARKET - San Roque,2023-01-07,7,170.09,11,,
4,KUSI MINIMARKET - Del Comercio,2023-01-14,7,260.83,19,,
7,KUSI MINIMARKET - San Roque,2023-01-17,3,258.6,21,,
4,KUSI MINIMARKET - Del Comercio,2023-02-16,5,235.21,14,Festividad local,Campaña escolar
4,KUSI MINIMARKET - Del Comercio,2023-02-25,7,286.66,20,Festividad local,Campaña escolar
4,KUSI MINIMARKET - Del Comercio,2023-02-27,2,199.12,17,Festividad local,Campaña escolar
4,KUSI MINIMARKET - Del Comercio,2023-03-24,6,344.24,27,,
6,KUSI MINIMARKET - Silva Santisteban,2023-04-10,2,224.5,16,,
4,KUSI MINIMARKET - Del Comercio,2023-04-12,4,304.29,19,,
4,KUSI MINIMARKET - Del Comercio,2023-04-15,7,229.44,19,,
4,KUSI MINIMARKET - Del Comercio,2023-06-05,2,511.93,31,,
3,KUSI MINIMARKET - Amalia Puga,2023-04-23,1,435.18,26,,
3,KUSI MINIMARKET - Amalia Puga,2024-11-08,6,311.27,22,,
4,KUSI MINIMARKET - Del Comercio,2023-04-22,7,268.15,18,,
4,KUSI MINIMARKET - Del Comercio,2023-06-19,2,441.87,27,,
7,KUSI MINIMARKET - San Roque,2023-06-26,2,227.13,19,,
4,KUSI MINIMARKET - Del Comercio,2023-07-28,6,293.77,21,Feriado nacional,Fiestas Patrias
4,KUSI MINIMARKET - Del Comercio,2023-08-11,6,322.34,20,,
7,KUSI MINIMARKET - San Roque,2023-08-12,7,190.39,12,,
4,KUSI MINIMARKET - Del Comercio,2023-08-16,4,343.41,25,,
4,KUSI MINIMARKET - Del Comercio,2023-08-19,7,336.87,24,,
4,KUSI MINIMARKET - Del Comercio,2023-08-28,2,444.41,31,,
4,KUSI MINIMARKET - Del Comercio,2023-09-03,1,462.02,24,,
4,KUSI MINIMARKET - Del Comercio,2023-09-16,7,263.24,23,,
4,KUSI MINIMARKET - Del Comercio,2023-09-30,7,254.87,21,,
4,KUSI MINIMARKET - Del Comercio,2023-10-11,4,442.47,30,,
4,KUSI MINIMARKET - Del Comercio,2023-10-25,4,505.0,33,,
4,KUSI MINIMARKET - Del Comercio,2023-11-20,2,498.44,31,,
4,KUSI MINIMARKET - Del Comercio,2023-11-24,6,247.05,19,,
4,KUSI MINIMARKET - Del Comercio,2023-12-15,6,390.82,33,Festividad local,Campaña navideña
4,KUSI MINIMARKET - Del Comercio,2023-12-16,7,474.48,35,Festividad local,Campaña navideña
4,KUSI MINIMARKET - Del Comercio,2024-01-08,2,455.68,29,,
4,KUSI MINIMARKET - Del Comercio,2024-01-15,2,272.3,21,,
4,KUSI MINIMARKET - Del Comercio,2024-02-08,5,325.23,24,,
4,KUSI MINIMARKET - Del Comercio,2024-02-15,5,376.23,25,Festividad local,Campaña escolar
4,KUSI MINIMARKET - Del Comercio,2024-02-22,5,207.93,20,Festividad local,Campaña escolar
4,KUSI MINIMARKET - Del Comercio,2024-02-25,1,324.52,26,Festividad local,Campaña escolar
4,KUSI MINIMARKET - Del Comercio,2024-04-11,5,361.36,28,,
4,KUSI MINIMARKET - Del Comercio,2024-04-26,6,236.98,16,,
4,KUSI MINIMARKET - Del Comercio,2024-05-07,3,563.41,36,,
4,KUSI MINIMARKET - Del Comercio,2024-05-09,5,352.18,29,,
4,KUSI MINIMARKET - Del Comercio,2024-05-10,6,323.79,23,,
4,KUSI MINIMARKET - Del Comercio,2024-05-13,2,357.29,24,,
4,KUSI MINIMARKET - Del Comercio,2024-05-16,5,570.23,33,,
4,KUSI MINIMARKET - Del Comercio,2024-06-04,3,390.49,27,,
4,KUSI MINIMARKET - Del Comercio,2024-06-06,5,271.91,24,,
4,KUSI MINIMARKET - Del Comercio,2024-06-14,6,444.99,31,,
4,KUSI MINIMARKET - Del Comercio,2024-06-15,7,412.79,35,,
5,KUSI MINIMARKET - San Sebastián,2024-06-23,1,135.13,9,,
4,KUSI MINIMARKET - Del Comercio,2024-07-01,2,362.75,27,,
4,KUSI MINIMARKET - Del Comercio,2024-07-06,7,217.87,17,,
4,KUSI MINIMARKET - Del Comercio,2024-07-10,4,191.43,17,,
7,KUSI MINIMARKET - San Roque,2024-07-13,7,270.7,18,,
4,KUSI MINIMARKET - Del Comercio,2024-07-20,7,418.82,26,,
5,KUSI MINIMARKET - San Sebastián,2024-07-22,2,213.96,18,,
4,KUSI MINIMARKET - Del Comercio,2024-07-28,1,366.49,24,Feriado nacional,Fiestas Patrias
7,KUSI MINIMARKET - San Roque,2024-08-12,2,160.81,13,,
4,KUSI MINIMARKET - Del Comercio,2024-08-13,3,327.85,23,,
6,KUSI MINIMARKET - Silva Santisteban,2024-08-20,3,202.32,17,,
7,KUSI MINIMARKET - San Roque,2024-08-30,6,266.45,18,Feriado nacional,Santa Rosa de Lima
4,KUSI MINIMARKET - Del Comercio,2024-09-01,1,245.34,15,,
4,KUSI MINIMARKET - Del Comercio,2024-09-20,6,355.48,29,,
4,KUSI MINIMARKET - Del Comercio,2024-10-30,4,277.24,18,,
4,KUSI MINIMARKET - Del Comercio,2024-10-31,5,291.24,24,,
4,KUSI MINIMARKET - Del Comercio,2024-11-03,1,394.07,28,,
4,KUSI MINIMARKET - Del Comercio,2024-11-08,6,414.29,29,,
4,KUSI MINIMARKET - Del Comercio,2024-11-26,3,289.67,20,,
4,KUSI MINIMARKET - Del Comercio,2024-11-27,4,311.39,25,,
4,KUSI MINIMARKET - Del Comercio,2024-12-09,2,425.41,30,,
4,KUSI MINIMARKET - Del Comercio,2024-12-17,3,282.59,24,Festividad local,Campaña navideña
4,KUSI MINIMARKET - Del Comercio,2024-12-26,5,355.67,28,Festividad local,Fin de año
4,KUSI MINIMARKET - Del Comercio,2025-01-06,2,333.57,22,,
4,KUSI MINIMARKET - Del Comercio,2025-01-13,2,405.85,29,,
4,KUSI MINIMARKET - Del Comercio,2025-02-27,5,246.25,19,Festividad local,Campaña escolar
4,KUSI MINIMARKET - Del Comercio,2025-03-07,6,457.69,30,Festividad local,Campaña escolar
4,KUSI MINIMARKET - Del Comercio,2025-03-14,6,400.54,31,Festividad local,Campaña escolar
4,KUSI MINIMARKET - Del Comercio,2025-04-02,4,247.04,17,,
6,KUSI MINIMARKET - Silva Santisteban,2025-04-07,2,215.79,18,,
4,KUSI MINIMARKET - Del Comercio,2025-04-13,1,340.15,28,Festividad local,Semana Santa
4,KUSI MINIMARKET - Del Comercio,2025-04-23,4,299.61,21,,
4,KUSI MINIMARKET - Del Comercio,2025-05-02,6,411.93,36,,
4,KUSI MINIMARKET - Del Comercio,2025-05-12,2,500.83,30,,
4,KUSI MINIMARKET - Del Comercio,2025-05-18,1,361.54,28,,
4,KUSI MINIMARKET - Del Comercio,2025-05-22,5,385.77,27,,
4,KUSI MINIMARKET - Del Comercio,2025-05-24,7,551.81,38,,
4,KUSI MINIMARKET - Del Comercio,2025-05-31,7,555.2,35,,
4,KUSI MINIMARKET - Del Comercio,2025-06-02,2,235.8,25,,
4,KUSI MINIMARKET - Del Comercio,2025-07-01,3,352.17,21,,
4,KUSI MINIMARKET - Del Comercio,2025-07-04,6,438.94,34,,
4,KUSI MINIMARKET - Del Comercio,2025-07-09,4,514.97,34,,
4,KUSI MINIMARKET - Del Comercio,2025-07-13,1,450.87,27,,
4,KUSI MINIMARKET - Del Comercio,2025-07-19,7,357.14,29,,
5,KUSI MINIMARKET - San Sebastián,2025-07-26,7,335.96,24,,
7,KUSI MINIMARKET - San Roque,2025-08-08,6,261.25,15,,
4,KUSI MINIMARKET - Del Comercio,2025-08-19,3,351.27,22,,
4,KUSI MINIMARKET - Del Comercio,2025-08-29,6,325.78,22,,
4,KUSI MINIMARKET - Del Comercio,2025-08-30,7,428.44,30,Feriado nacional,Santa Rosa de Lima
7,KUSI MINIMARKET - San Roque,2025-04-20,1,211.5,14,Festividad local,Semana Santa
5,KUSI MINIMARKET - San Sebastián,2023-10-28,7,266.44,23,,
7,KUSI MINIMARKET - San Roque,2023-09-28,5,66.76,6,,
1,KUSI MINIMARKET - Vía de Evitamiento Norte,2023-09-24,1,686.87,46,,
3,KUSI MINIMARKET - Amalia Puga,2024-05-24,6,306.88,25,,
5,KUSI MINIMARKET - San Sebastián,2025-05-29,5,255.22,19,,
7,KUSI MINIMARKET - San Roque,2023-05-16,3,195.75,13,,
5,KUSI MINIMARKET - San Sebastián,2024-08-03,7,152.0,15,,
4,KUSI MINIMARKET - Del Comercio,2023-12-01,6,464.42,28,,
4,KUSI MINIMARKET - Del Comercio,2025-01-15,4,269.92,20,,
2,KUSI MINIMARKET - Hoyos Rubio,2025-01-11,7,260.42,21,,
3,KUSI MINIMARKET - Amalia Puga,2024-10-11,6,296.93,22,,
4,KUSI MINIMARKET - Del Comercio,2025-03-01,7,430.01,31,Festividad local,Campaña escolar
3,KUSI MINIMARKET - Amalia Puga,2025-07-03,5,357.66,27,,
2,KUSI MINIMARKET - Hoyos Rubio,2025-03-19,4,374.73,27,,
6,KUSI MINIMARKET - Silva Santisteban,2024-10-20,1,395.4,27,,
3,KUSI MINIMARKET - Amalia Puga,2025-05-19,2,468.18,33,,
3,KUSI MINIMARKET - Amalia Puga,2024-12-10,3,387.68,28,,
4,KUSI MINIMARKET - Del Comercio,2024-10-21,2,359.34,22,,
7,KUSI MINIMARKET - San Roque,2023-04-04,3,199.39,13,Festividad local,Semana Santa
6,KUSI MINIMARKET - Silva Santisteban,2024-04-04,5,213.03,22,,
2,KUSI MINIMARKET - Hoyos Rubio,2024-05-21,3,398.53,23,,
3,KUSI MINIMARKET - Amalia Puga,2025-01-31,6,330.24,21,,
5,KUSI MINIMARKET - San Sebastián,2024-01-03,4,332.94,20,,
6,KUSI MINIMARKET - Silva Santisteban,2024-11-21,5,218.27,16,,
4,KUSI MINIMARKET - Del Comercio,2025-04-30,4,406.28,33,,
2,KUSI MINIMARKET - Hoyos Rubio,2025-04-03,5,406.33,31,,
6,KUSI MINIMARKET - Silva Santisteban,2025-04-11,6,278.55,19,,
7,KUSI MINIMARKET - San Roque,2025-04-18,6,211.51,16,Feriado nacional,Jueves/Viernes Santo
6,KUSI MINIMARKET - Silva Santisteban,2025-04-22,3,344.76,20,,
2,KUSI MINIMARKET - Hoyos Rubio,2025-05-03,7,348.22,23,,
2,KUSI MINIMARKET - Hoyos Rubio,2025-05-05,2,563.44,41,,
7,KUSI MINIMARKET - San Roque,2025-05-11,1,346.86,21,Festividad local,Día de la Madre
2,KUSI MINIMARKET - Hoyos Rubio,2025-05-30,6,421.79,32,,
2,KUSI MINIMARKET - Hoyos Rubio,2025-06-02,2,303.36,26,,
6,KUSI MINIMARKET - Silva Santisteban,2025-06-10,3,232.03,19,,
2,KUSI MINIMARKET - Hoyos Rubio,2025-06-17,3,690.55,43,,
2,KUSI MINIMARKET - Hoyos Rubio,2025-06-19,5,583.66,39,Festividad local,Corpus Christi
5,KUSI MINIMARKET - San Sebastián,2025-08-07,5,269.23,24,,
3,KUSI MINIMARKET - Amalia Puga,2023-01-13,6,300.47,16,,
3,KUSI MINIMARKET - Amalia Puga,2023-03-16,5,237.19,19,,
3,KUSI MINIMARKET - Amalia Puga,2023-03-24,6,273.34,19,,
3,KUSI MINIMARKET - Amalia Puga,2023-05-01,2,309.49,23,Feriado nacional,Día del Trabajo
6,KUSI MINIMARKET - Silva Santisteban,2023-05-17,4,200.61,12,,
3,KUSI MINIMARKET - Amalia Puga,2023-07-07,6,358.49,29,,
3,KUSI MINIMARKET - Amalia Puga,2023-08-27,1,328.9,28,,
3,KUSI MINIMARKET - Amalia Puga,2023-09-29,6,351.58,28,,
3,KUSI MINIMARKET - Amalia Puga,2023-11-19,1,250.52,19,,
3,KUSI MINIMARKET - Amalia Puga,2024-01-11,5,415.75,28,,
5,KUSI MINIMARKET - San Sebastián,2024-01-15,2,259.61,19,,
3,KUSI MINIMARKET - Amalia Puga,2024-01-25,5,363.99,27,,
6,KUSI MINIMARKET - Silva Santisteban,2024-06-02,1,236.02,16,,
3,KUSI MINIMARKET - Amalia Puga,2024-06-21,6,309.87,20,,
3,KUSI MINIMARKET - Amalia Puga,2024-07-03,4,271.28,20,,
3,KUSI MINIMARKET - Amalia Puga,2024-10-03,5,405.73,30,,
3,KUSI MINIMARKET - Amalia Puga,2024-12-18,4,329.58,28,Festividad local,Campaña navideña
3,KUSI MINIMARKET - Amalia Puga,2025-01-24,6,299.34,15,,
3,KUSI MINIMARKET - Amalia Puga,2025-01-26,1,407.89,25,,
5,KUSI MINIMARKET - San Sebastián,2025-02-14,6,196.01,17,Festividad local,Día del Amor y la Amistad
3,KUSI MINIMARKET - Amalia Puga,2025-02-19,4,385.66,26,Festividad local,Campaña escolar
6,KUSI MINIMARKET - Silva Santisteban,2025-05-19,2,422.68,23,,
7,KUSI MINIMARKET - San Roque,2025-08-17,1,207.03,16,,
6,KUSI MINIMARKET - Silva Santisteban,2023-02-18,7,252.72,23,Festividad local,Campaña escolar
4,KUSI MINIMARKET - Del Comercio,2023-03-09,5,293.53,15,Festividad local,Campaña escolar
4,KUSI MINIMARKET - Del Comercio,2023-03-14,3,406.51,27,Festividad local,Campaña escolar
4,KUSI MINIMARKET - Del Comercio,2023-03-19,1,359.67,27,,
7,KUSI MINIMARKET - San Roque,2023-04-23,1,177.18,13,,
6,KUSI MINIMARKET - Silva Santisteban,2024-02-01,5,314.04,24,,
3,KUSI MINIMARKET - Amalia Puga,2025-03-22,7,430.89,24,,
4,KUSI MINIMARKET - Del Comercio,2023-06-14,4,413.27,35,,
4,KUSI MINIMARKET - Del Comercio,2023-07-16,1,426.63,31,,
7,KUSI MINIMARKET - San Roque,2023-08-17,5,171.35,13,,
4,KUSI MINIMARKET - Del Comercio,2023-09-12,3,273.45,19,,
4,KUSI MINIMARKET - Del Comercio,2024-01-05,6,275.37,19,,
4,KUSI MINIMARKET - Del Comercio,2024-01-26,6,295.46,19,,
4,KUSI MINIMARKET - Del Comercio,2024-01-29,2,237.69,15,,
7,KUSI MINIMARKET - San Roque,2024-02-09,6,398.37,23,,
4,KUSI MINIMARKET - Del Comercio,2024-02-10,7,347.12,23,Festividad local,Carnaval de Cajamarca
4,KUSI MINIMARKET - Del Comercio,2024-02-16,6,303.26,14,Festividad local,Campaña escolar
4,KUSI MINIMARKET - Del Comercio,2024-03-08,6,353.94,26,Festividad local,Campaña escolar
4,KUSI MINIMARKET - Del Comercio,2024-03-17,1,389.65,25,,
4,KUSI MINIMARKET - Del Comercio,2024-03-28,5,314.75,23,Feriado nacional,Jueves/Viernes Santo
7,KUSI MINIMARKET - San Roque,2024-04-06,7,275.24,22,,
7,KUSI MINIMARKET - San Roque,2024-04-30,3,310.13,19,,
4,KUSI MINIMARKET - Del Comercio,2024-05-06,2,424.0,29,,
6,KUSI MINIMARKET - Silva Santisteban,2024-06-08,7,202.09,14,,
6,KUSI MINIMARKET - Silva Santisteban,2024-08-21,4,272.99,14,,
4,KUSI MINIMARKET - Del Comercio,2024-09-03,3,305.01,23,,
4,KUSI MINIMARKET - Del Comercio,2024-09-17,3,314.31,20,,
7,KUSI MINIMARKET - San Roque,2024-09-29,1,231.08,14,,
6,KUSI MINIMARKET - Silva Santisteban,2023-06-12,2,114.34,9,,
5,KUSI MINIMARKET - San Sebastián,2025-08-25,2,358.05,24,,
7,KUSI MINIMARKET - San Roque,2023-01-29,1,181.1,10,,
4,KUSI MINIMARKET - Del Comercio,2024-04-02,3,315.3,19,,
4,KUSI MINIMARKET - Del Comercio,2024-10-25,6,489.46,29,,
7,KUSI MINIMARKET - San Roque,2024-11-21,5,185.3,10,,
4,KUSI MINIMARKET - Del Comercio,2024-12-12,5,476.04,37,,
4,KUSI MINIMARKET - Del Comercio,2025-01-29,4,234.56,19,,
4,KUSI MINIMARKET - Del Comercio,2025-02-01,7,412.66,31,,
4,KUSI MINIMARKET - Del Comercio,2025-02-04,3,394.25,25,,
4,KUSI MINIMARKET - Del Comercio,2025-02-08,7,377.24,23,,
7,KUSI MINIMARKET - San Roque,2025-03-03,2,371.25,23,Festividad local,Campaña escolar
7,KUSI MINIMARKET - San Roque,2025-04-26,7,192.18,18,,
4,KUSI MINIMARKET - Del Comercio,2025-05-19,2,556.61,39,,
4,KUSI MINIMARKET - Del Comercio,2025-07-23,4,452.33,29,,
4,KUSI MINIMARKET - Del Comercio,2025-08-16,7,592.07,37,,
7,KUSI MINIMARKET - San Roque,2023-09-21,5,143.79,11,,
6,KUSI MINIMARKET - Silva Santisteban,2023-05-26,6,251.59,17,,
5,KUSI MINIMARKET - San Sebastián,2024-12-23,2,262.15,19,Festividad local,Campaña navideña
6,KUSI MINIMARKET - Silva Santisteban,2024-11-15,6,217.22,18,,
7,KUSI MINIMARKET - San Roque,2024-09-25,4,218.02,13,,
7,KUSI MINIMARKET - San Roque,2024-12-03,3,232.9,19,,
6,KUSI MINIMARKET - Silva Santisteban,2023-11-29,4,249.19,21,,
7,KUSI MINIMARKET - San Roque,2023-07-24,2,297.14,18,,
5,KUSI MINIMARKET - San Sebastián,2023-09-06,4,175.69,13,,
3,KUSI MINIMARKET - Amalia Puga,2024-02-01,5,282.48,19,,
6,KUSI MINIMARKET - Silva Santisteban,2023-10-02,2,234.09,18,,
6,KUSI MINIMARKET - Silva Santisteban,2025-06-06,6,262.25,17,,
7,KUSI MINIMARKET - San Roque,2025-06-17,3,214.28,15,,
7,KUSI MINIMARKET - San Roque,2024-08-20,3,156.81,11,,
2,KUSI MINIMARKET - Hoyos Rubio,2025-02-21,6,536.09,34,Festividad local,Campaña escolar
7,KUSI MINIMARKET - San Roque,2024-09-23,2,143.26,13,,
6,KUSI MINIMARKET - Silva Santisteban,2023-10-01,1,370.99,22,,
6,KUSI MINIMARKET - Silva Santisteban,2024-07-10,4,224.78,16,,
3,KUSI MINIMARKET - Amalia Puga,2024-01-02,3,310.32,20,,
7,KUSI MINIMARKET - San Roque,2023-12-14,5,272.15,16,,
5,KUSI MINIMARKET - San Sebastián,2024-10-23,4,357.75,21,,
7,KUSI MINIMARKET - San Roque,2024-07-30,3,206.06,14,,
5,KUSI MINIMARKET - San Sebastián,2024-08-08,5,223.92,13,,
5,KUSI MINIMARKET - San Sebastián,2024-09-16,2,308.55,17,,
6,KUSI MINIMARKET - Silva Santisteban,2023-09-06,4,299.92,20,,
2,KUSI MINIMARKET - Hoyos Rubio,2023-08-12,7,331.83,23,,
6,KUSI MINIMARKET - Silva Santisteban,2023-05-13,7,198.8,16,,
5,KUSI MINIMARKET - San Sebastián,2023-06-11,1,174.79,16,,
3,KUSI MINIMARKET - Amalia Puga,2024-12-17,3,321.88,28,Festividad local,Campaña navideña
5,KUSI MINIMARKET - San Sebastián,2025-02-12,4,314.63,20,,
3,KUSI MINIMARKET - Amalia Puga,2024-04-30,3,348.5,25,,
7,KUSI MINIMARKET - San Roque,2024-07-08,2,159.93,12,,
7,KUSI MINIMARKET - San Roque,2025-08-05,3,208.78,17,,
5,KUSI MINIMARKET - San Sebastián,2024-03-18,2,159.49,12,,
5,KUSI MINIMARKET - San Sebastián,2025-07-13,1,355.02,26,,
7,KUSI MINIMARKET - San Roque,2023-03-14,3,254.68,13,Festividad local,Campaña escolar
5,KUSI MINIMARKET - San Sebastián,2023-11-12,1,250.43,15,,
1,KUSI MINIMARKET - Vía de Evitamiento Norte,2025-02-04,3,667.01,51,,
5,KUSI MINIMARKET - San Sebastián,2023-01-27,6,285.26,19,,
5,KUSI MINIMARKET - San Sebastián,2023-04-21,6,198.95,18,,
4,KUSI MINIMARKET - Del Comercio,2024-03-05,3,344.29,27,Festividad local,Campaña escolar
6,KUSI MINIMARKET - Silva Santisteban,2023-05-02,3,285.55,20,,
7,KUSI MINIMARKET - San Roque,2023-08-13,1,201.38,16,,
5,KUSI MINIMARKET - San Sebastián,2023-09-01,6,298.52,18,,
6,KUSI MINIMARKET - Silva Santisteban,2024-06-03,2,156.25,17,,
7,KUSI MINIMARKET - San Roque,2024-03-05,3,253.65,19,Festividad local,Campaña escolar
6,KUSI MINIMARKET - Silva Santisteban,2024-09-08,1,164.0,13,,
5,KUSI MINIMARKET - San Sebastián,2025-01-06,2,231.88,18,,
6,KUSI MINIMARKET - Silva Santisteban,2025-07-23,4,367.61,23,,
7,KUSI MINIMARKET - San Roque,2025-08-16,7,204.44,12,,
3,KUSI MINIMARKET - Amalia Puga,2024-05-31,6,161.2,15,,
6,KUSI MINIMARKET - Silva Santisteban,2024-10-03,5,163.0,12,,
7,KUSI MINIMARKET - San Roque,2023-10-22,1,185.7,14,,
7,KUSI MINIMARKET - San Roque,2025-03-10,2,195.34,16,Festividad local,Campaña escolar
5,KUSI MINIMARKET - San Sebastián,2023-01-24,3,326.16,18,,
7,KUSI MINIMARKET - San Roque,2025-04-23,4,309.31,20,,
3,KUSI MINIMARKET - Amalia Puga,2025-02-07,6,465.36,35,,
6,KUSI MINIMARKET - Silva Santisteban,2025-05-27,3,323.56,22,,
6,KUSI MINIMARKET - Silva Santisteban,2025-06-04,4,258.03,18,,
7,KUSI MINIMARKET - San Roque,2024-02-07,4,216.87,11,,
7,KUSI MINIMARKET - San Roque,2024-11-02,7,176.18,15,,
5,KUSI MINIMARKET - San Sebastián,2023-09-17,1,191.68,14,,
5,KUSI MINIMARKET - San Sebastián,2024-08-16,6,187.62,10,,
3,KUSI MINIMARKET - Amalia Puga,2024-10-13,1,182.88,14,,
2,KUSI MINIMARKET - Hoyos Rubio,2025-05-25,1,561.04,39,,
4,KUSI MINIMARKET - Del Comercio,2025-05-21,4,230.79,23,,
6,KUSI MINIMARKET - Silva Santisteban,2023-11-25,7,279.97,22,,
4,KUSI MINIMARKET - Del Comercio,2024-12-28,7,249.01,21,Festividad local,Fin de año
5,KUSI MINIMARKET - San Sebastián,2023-12-10,1,320.82,22,,
2,KUSI MINIMARKET - Hoyos Rubio,2023-03-20,2,342.45,22,,
5,KUSI MINIMARKET - San Sebastián,2023-06-18,1,55.27,6,Festividad local,Día del Padre
6,KUSI MINIMARKET - Silva Santisteban,2025-02-12,4,210.37,15,,
6,KUSI MINIMARKET - Silva Santisteban,2023-06-11,1,190.97,13,,
6,KUSI MINIMARKET - Silva Santisteban,2024-12-31,3,420.61,23,Festividad local,Fin de año
6,KUSI MINIMARKET - Silva Santisteban,2023-03-19,1,266.63,20,,
5,KUSI MINIMARKET - San Sebastián,2023-04-16,1,210.6,15,,
5,KUSI MINIMARKET - San Sebastián,2025-05-21,4,220.91,19,,
1,KUSI MINIMARKET - Vía de Evitamiento Norte,2025-04-28,2,702.64,41,,
6,KUSI MINIMARKET - Silva Santisteban,2023-01-23,2,85.06,7,,
6,KUSI MINIMARKET - Silva Santisteban,2023-10-29,1,171.57,12,,
7,KUSI MINIMARKET - San Roque,2025-02-18,3,311.53,21,Festividad local,Campaña escolar
7,KUSI MINIMARKET - San Roque,2024-06-12,4,79.31,6,,
7,KUSI MINIMARKET - San Roque,2023-06-13,3,147.95,14,,
3,KUSI MINIMARKET - Amalia Puga,2023-09-30,7,326.03,24,,
5,KUSI MINIMARKET - San Sebastián,2024-12-16,2,321.96,20,Festividad local,Campaña navideña
2,KUSI MINIMARKET - Hoyos Rubio,2024-10-24,5,217.67,16,,
7,KUSI MINIMARKET - San Roque,2025-03-18,3,119.07,9,,
7,KUSI MINIMARKET - San Roque,2023-06-29,5,130.52,11,Feriado nacional,San Pedro y San Pablo
2,KUSI MINIMARKET - Hoyos Rubio,2023-04-14,6,300.4,26,,
6,KUSI MINIMARKET - Silva Santisteban,2024-12-02,2,230.64,17,,
4,KUSI MINIMARKET - Del Comercio,2023-10-18,4,331.79,24,,
6,KUSI MINIMARKET - Silva Santisteban,2025-01-07,3,221.79,18,,
4,KUSI MINIMARKET - Del Comercio,2025-08-25,2,493.08,35,,
7,KUSI MINIMARKET - San Roque,2023-01-14,7,241.34,15,,
5,KUSI MINIMARKET - San Sebastián,2024-04-19,6,86.19,9,,
6,KUSI MINIMARKET - Silva Santisteban,2023-04-09,1,200.71,13,Festividad local,Semana Santa
7,KUSI MINIMARKET - San Roque,2023-07-01,7,203.07,15,,
3,KUSI MINIMARKET - Amalia Puga,2023-10-22,1,344.39,23,,
7,KUSI MINIMARKET - San Roque,2023-05-03,4,168.74,12,,
7,KUSI MINIMARKET - San Roque,2024-10-31,5,254.53,17,,
5,KUSI MINIMARKET - San Sebastián,2025-01-05,1,111.88,10,,
7,KUSI MINIMARKET - San Roque,2023-10-27,6,139.19,11,,
4,KUSI MINIMARKET - Del Comercio,2025-03-20,5,322.39,21,,
5,KUSI MINIMARKET - San Sebastián,2025-02-03,2,197.03,14,,
7,KUSI MINIMARKET - San Roque,2024-05-24,6,263.43,16,,
6,KUSI MINIMARKET - Silva Santisteban,2024-05-12,1,301.42,21,Festividad local,Día de la Madre
5,KUSI MINIMARKET - San Sebastián,2024-07-07,1,204.61,16,,
2,KUSI MINIMARKET - Hoyos Rubio,2023-04-22,7,313.35,26,,
3,KUSI MINIMARKET - Amalia Puga,2023-01-19,5,220.85,16,,
5,KUSI MINIMARKET - San Sebastián,2023-09-04,2,213.98,13,,
7,KUSI MINIMARKET - San Roque,2025-01-28,3,237.71,14,,
7,KUSI MINIMARKET - San Roque,2024-05-11,7,195.68,15,,
7,KUSI MINIMARKET - San Roque,2024-04-22,2,260.87,23,,
7,KUSI MINIMARKET - San Roque,2024-09-03,3,61.95,8,,
7,KUSI MINIMARKET - San Roque,2025-06-13,6,228.65,13,,
3,KUSI MINIMARKET - Amalia Puga,2023-06-12,2,246.86,14,,
7,KUSI MINIMARKET - San Roque,2024-12-25,4,178.24,14,Feriado nacional,Navidad
2,KUSI MINIMARKET - Hoyos Rubio,2023-08-08,3,252.9,23,,
5,KUSI MINIMARKET - San Sebastián,2024-01-19,6,189.77,14,,
7,KUSI MINIMARKET - San Roque,2023-04-02,1,236.44,14,Festividad local,Semana Santa
7,KUSI MINIMARKET - San Roque,2023-09-18,2,184.07,11,,
6,KUSI MINIMARKET - Silva Santisteban,2023-10-19,5,156.57,12,,
7,KUSI MINIMARKET - San Roque,2024-03-30,7,202.62,15,Festividad local,Semana Santa
5,KUSI MINIMARKET - San Sebastián,2024-11-18,2,335.59,20,,
7,KUSI MINIMARKET - San Roque,2024-01-22,2,315.72,21,,
5,KUSI MINIMARKET - San Sebastián,2023-09-27,4,160.0,11,,
4,KUSI MINIMARKET - Del Comercio,2023-11-13,2,246.4,18,,
7,KUSI MINIMARKET - San Roque,2025-02-08,7,170.3,12,,
6,KUSI MINIMARKET - Silva Santisteban,2024-08-03,7,308.54,21,,
7,KUSI MINIMARKET - San Roque,2024-07-20,7,141.4,12,,
3,KUSI MINIMARKET - Amalia Puga,2023-09-10,1,329.71,21,,
7,KUSI MINIMARKET - San Roque,2024-12-08,1,291.8,16,Feriado nacional,Inmaculada Concepción
6,KUSI MINIMARKET - Silva Santisteban,2023-10-05,5,195.82,13,,
7,KUSI MINIMARKET - San Roque,2023-10-15,1,264.54,21,,
6,KUSI MINIMARKET - Silva Santisteban,2023-11-14,3,233.21,20,,
7,KUSI MINIMARKET - San Roque,2024-08-03,7,162.0,10,,
6,KUSI MINIMARKET - Silva Santisteban,2024-06-16,1,295.65,18,Festividad local,Día del Padre
6,KUSI MINIMARKET - Silva Santisteban,2024-10-08,3,129.24,11,Feriado nacional,Combate de Angamos
3,KUSI MINIMARKET - Amalia Puga,2023-04-28,6,210.62,15,,
7,KUSI MINIMARKET - San Roque,2025-06-27,6,105.69,11,,
5,KUSI MINIMARKET - San Sebastián,2024-11-12,3,216.81,19,,
6,KUSI MINIMARKET - Silva Santisteban,2023-01-02,2,218.92,14,,
5,KUSI MINIMARKET - San Sebastián,2023-01-10,3,293.32,21,,
1,KUSI MINIMARKET - Vía de Evitamiento Norte,2023-01-11,4,486.64,36,,
5,KUSI MINIMARKET - San Sebastián,2023-01-12,5,67.79,7,,
5,KUSI MINIMARKET - San Sebastián,2023-01-20,6,235.89,15,,
6,KUSI MINIMARKET - Silva Santisteban,2023-01-20,6,320.94,19,,
1,KUSI MINIMARKET - Vía de Evitamiento Norte,2023-01-22,1,419.33,32,,
1,KUSI MINIMARKET - Vía de Evitamiento Norte,2023-01-29,1,706.45,45,,
5,KUSI MINIMARKET - San Sebastián,2023-01-29,1,363.99,24,,
1,KUSI MINIMARKET - Vía de Evitamiento Norte,2023-01-30,2,404.06,34,,
1,KUSI MINIMARKET - Vía de Evitamiento Norte,2023-02-07,3,720.27,46,,
7,KUSI MINIMARKET - San Roque,2023-02-09,5,220.68,14,,
7,KUSI MINIMARKET - San Roque,2023-02-17,6,251.71,18,Festividad local,Campaña escolar
6,KUSI MINIMARKET - Silva Santisteban,2023-02-23,5,184.8,15,Festividad local,Campaña escolar
5,KUSI MINIMARKET - San Sebastián,2023-03-01,4,278.74,22,Festividad local,Campaña escolar
6,KUSI MINIMARKET - Silva Santisteban,2023-03-01,4,297.79,19,Festividad local,Campaña escolar
6,KUSI MINIMARKET - Silva Santisteban,2023-03-10,6,342.98,24,Festividad local,Campaña escolar
7,KUSI MINIMARKET - San Roque,2023-03-13,2,169.35,13,Festividad local,Campaña escolar
5,KUSI MINIMARKET - San Sebastián,2023-03-26,1,240.65,18,,
6,KUSI MINIMARKET - Silva Santisteban,2023-04-03,2,244.07,18,Festividad local,Semana Santa
1,KUSI MINIMARKET - Vía de Evitamiento Norte,2023-04-06,5,638.34,51,Feriado nacional,Jueves/Viernes Santo
1,KUSI MINIMARKET - Vía de Evitamiento Norte,2023-04-12,4,515.04,38,,
1,KUSI MINIMARKET - Vía de Evitamiento Norte,2023-04-13,5,736.79,51,,
1,KUSI MINIMARKET - Vía de Evitamiento Norte,2023-04-28,6,734.46,55,,
5,KUSI MINIMARKET - San Sebastián,2023-04-29,7,186.36,21,,
1,KUSI MINIMARKET - Vía de Evitamiento Norte,2023-05-03,4,747.99,46,,
5,KUSI MINIMARKET - San Sebastián,2023-05-07,1,286.2,23,,
1,KUSI MINIMARKET - Vía de Evitamiento Norte,2023-05-21,1,755.69,53,,
6,KUSI MINIMARKET - Silva Santisteban,2023-05-22,2,215.86,14,,
7,KUSI MINIMARKET - San Roque,2023-05-26,6,332.61,20,,
5,KUSI MINIMARKET - San Sebastián,2023-06-02,6,181.1,19,,
1,KUSI MINIMARKET - Vía de Evitamiento Norte,2023-06-08,5,610.01,41,Festividad local,Corpus Christi
1,KUSI MINIMARKET - Vía de Evitamiento Norte,2023-06-14,4,720.72,51,,
1,KUSI MINIMARKET - Vía de Evitamiento Norte,2023-06-18,1,515.04,39,Festividad local,Día del Padre
6,KUSI MINIMARKET - Silva Santisteban,2023-06-23,6,390.75,18,,
1,KUSI MINIMARKET - Vía de Evitamiento Norte,2023-07-01,7,606.2,45,,
1,KUSI MINIMARKET - Vía de Evitamiento Norte,2023-07-05,4,670.96,44,,
1,KUSI MINIMARKET - Vía de Evitamiento Norte,2023-07-07,6,966.08,68,,
7,KUSI MINIMARKET - San Roque,2023-07-15,7,236.67,17,,
6,KUSI MINIMARKET - Silva Santisteban,2023-07-22,7,476.14,30,,
6,KUSI MINIMARKET - Silva Santisteban,2023-08-02,4,304.16,22,,
1,KUSI MINIMARKET - Vía de Evitamiento Norte,2023-08-05,7,798.47,50,,
1,KUSI MINIMARKET - Vía de Evitamiento Norte,2023-08-11,6,730.65,44,,
5,KUSI MINIMARKET - San Sebastián,2023-08-15,3,286.4,23,,
1,KUSI MINIMARKET - Vía de Evitamiento Norte,2023-08-16,4,735.78,57,,
1,KUSI MINIMARKET - Vía de Evitamiento Norte,2023-09-06,4,552.8,39,,
7,KUSI MINIMARKET - San Roque,2023-09-09,7,231.82,14,,
6,KUSI MINIMARKET - Silva Santisteban,2023-09-13,4,324.92,22,,
1,KUSI MINIMARKET - Vía de Evitamiento Norte,2023-09-19,3,672.41,51,,
7,KUSI MINIMARKET - San Roque,2023-09-19,3,183.76,15,,
6,KUSI MINIMARKET - Silva Santisteban,2023-09-25,2,179.3,14,,
1,KUSI MINIMARKET - Vía de Evitamiento Norte,2023-09-29,6,541.9,36,,
6,KUSI MINIMARKET - Silva Santisteban,2023-10-03,3,287.53,21,,
5,KUSI MINIMARKET - San Sebastián,2023-10-07,7,300.72,20,,
1,KUSI MINIMARKET - Vía de Evitamiento Norte,2023-10-14,7,729.08,46,,
1,KUSI MINIMARKET - Vía de Evitamiento Norte,2023-10-15,1,576.47,38,,
7,KUSI MINIMARKET - San Roque,2023-10-19,5,226.37,15,,
1,KUSI MINIMARKET - Vía de Evitamiento Norte,2023-10-20,6,738.67,52,,
1,KUSI MINIMARKET - Vía de Evitamiento Norte,2023-10-25,4,707.33,50,,
1,KUSI MINIMARKET - Vía de Evitamiento Norte,2023-10-26,5,794.23,59,,
7,KUSI MINIMARKET - San Roque,2023-11-09,5,262.37,22,,
1,KUSI MINIMARKET - Vía de Evitamiento Norte,2023-11-17,6,751.54,54,,
7,KUSI MINIMARKET - San Roque,2023-11-19,1,398.19,26,,
1,KUSI MINIMARKET - Vía de Evitamiento Norte,2023-11-19,1,593.6,43,,
6,KUSI MINIMARKET - Silva Santisteban,2023-11-19,1,296.84,25,,
1,KUSI MINIMARKET - Vía de Evitamiento Norte,2023-11-23,5,901.18,63,,
1,KUSI MINIMARKET - Vía de Evitamiento Norte,2023-11-24,6,606.61,41,,
7,KUSI MINIMARKET - San Roque,2023-11-26,1,230.23,12,,
1,KUSI MINIMARKET - Vía de Evitamiento Norte,2023-12-02,7,854.05,59,,
6,KUSI MINIMARKET - Silva Santisteban,2023-12-08,6,156.9,12,Feriado nacional,Inmaculada Concepción
1,KUSI MINIMARKET - Vía de Evitamiento Norte,2023-12-11,2,707.07,51,,
5,KUSI MINIMARKET - San Sebastián,2023-12-20,4,371.4,28,Festividad local,Campaña navideña
1,KUSI MINIMARKET - Vía de Evitamiento Norte,2024-01-07,1,581.49,38,,
6,KUSI MINIMARKET - Silva Santisteban,2024-01-09,3,249.74,19,,
7,KUSI MINIMARKET - San Roque,2024-01-16,3,252.96,13,,
1,KUSI MINIMARKET - Vía de Evitamiento Norte,2024-01-17,4,889.52,56,,
5,KUSI MINIMARKET - San Sebastián,2024-01-18,5,290.41,16,,
1,KUSI MINIMARKET - Vía de Evitamiento Norte,2024-01-23,3,420.31,33,,
7,KUSI MINIMARKET - San Roque,2024-02-01,5,277.32,20,,
5,KUSI MINIMARKET - San Sebastián,2024-02-08,5,211.8,14,,
6,KUSI MINIMARKET - Silva Santisteban,2024-02-09,6,377.31,21,,
7,KUSI MINIMARKET - San Roque,2024-02-14,4,168.14,13,Festividad local,Día del Amor y la Amistad
1,KUSI MINIMARKET - Vía de Evitamiento Norte,2024-02-14,4,678.13,49,Festividad local,Día del Amor y la Amistad
5,KUSI MINIMARKET - San Sebastián,2024-02-22,5,206.42,13,Festividad local,Campaña escolar
6,KUSI MINIMARKET - Silva Santisteban,2024-02-25,1,206.06,14,Festividad local,Campaña escolar
1,KUSI MINIMARKET - Vía de Evitamiento Norte,2024-03-02,7,623.76,45,Festividad local,Campaña escolar
5,KUSI MINIMARKET - San Sebastián,2024-03-11,2,243.46,19,Festividad local,Campaña escolar
1,KUSI MINIMARKET - Vía de Evitamiento Norte,2024-03-13,4,571.09,44,Festividad local,Campaña escolar
5,KUSI MINIMARKET - San Sebastián,2024-03-14,5,321.03,21,Festividad local,Campaña escolar
1,KUSI MINIMARKET - Vía de Evitamiento Norte,2024-03-17,1,752.04,51,,
1,KUSI MINIMARKET - Vía de Evitamiento Norte,2024-03-24,1,748.45,53,Festividad local,Semana Santa
1,KUSI MINIMARKET - Vía de Evitamiento Norte,2024-03-25,2,570.98,47,Festividad local,Semana Santa
1,KUSI MINIMARKET - Vía de Evitamiento Norte,2024-03-29,6,863.85,69,Feriado nacional,Jueves/Viernes Santo
1,KUSI MINIMARKET - Vía de Evitamiento Norte,2024-04-06,7,892.76,50,,
1,KUSI MINIMARKET - Vía de Evitamiento Norte,2024-04-21,1,577.82,47,,
1,KUSI MINIMARKET - Vía de Evitamiento Norte,2024-04-30,3,635.02,46,,
1,KUSI MINIMARKET - Vía de Evitamiento Norte,2024-05-09,5,796.1,57,,
5,KUSI MINIMARKET - San Sebastián,2024-05-10,6,292.07,23,,
1,KUSI MINIMARKET - Vía de Evitamiento Norte,2024-05-22,4,722.7,54,,
1,KUSI MINIMARKET - Vía de Evitamiento Norte,2024-06-18,3,671.27,44,,
5,KUSI MINIMARKET - San Sebastián,2024-06-22,7,437.48,27,,
5,KUSI MINIMARKET - San Sebastián,2024-06-24,2,412.25,24,,
1,KUSI MINIMARKET - Vía de Evitamiento Norte,2024-06-29,7,782.06,53,Feriado nacional,San Pedro y San Pablo
6,KUSI MINIMARKET - Silva Santisteban,2024-07-02,3,231.43,17,,
1,KUSI MINIMARKET - Vía de Evitamiento Norte,2024-07-10,4,621.09,47,,
5,KUSI MINIMARKET - San Sebastián,2024-07-21,1,249.3,19,,
1,KUSI MINIMARKET - Vía de Evitamiento Norte,2024-07-21,1,545.55,41,,
1,KUSI MINIMARKET - Vía de Evitamiento Norte,2024-07-28,1,796.76,62,Feriado nacional,Fiestas Patrias
1,KUSI MINIMARKET - Vía de Evitamiento Norte,2024-08-05,2,878.03,56,,
5,KUSI MINIMARKET - San Sebastián,2024-08-09,6,351.79,18,,
7,KUSI MINIMARKET - San Roque,2024-08-13,3,220.24,15,,
1,KUSI MINIMARKET - Vía de Evitamiento Norte,2024-08-29,5,839.46,59,,
1,KUSI MINIMARKET - Vía de Evitamiento Norte,2024-08-30,6,825.58,60,Feriado nacional,Santa Rosa de Lima
5,KUSI MINIMARKET - San Sebastián,2024-08-30,6,286.46,23,Feriado nacional,Santa Rosa de Lima
5,KUSI MINIMARKET - San Sebastián,2024-09-08,1,241.84,16,,
7,KUSI MINIMARKET - San Roque,2024-05-07,3,199.67,15,,
1,KUSI MINIMARKET - Vía de Evitamiento Norte,2024-09-05,5,908.3,57,,
1,KUSI MINIMARKET - Vía de Evitamiento Norte,2024-09-20,6,696.48,48,,
5,KUSI MINIMARKET - San Sebastián,2024-09-23,2,406.36,22,,
1,KUSI MINIMARKET - Vía de Evitamiento Norte,2024-09-27,6,553.86,43,,
1,KUSI MINIMARKET - Vía de Evitamiento Norte,2024-10-03,5,779.03,54,,
1,KUSI MINIMARKET - Vía de Evitamiento Norte,2024-10-11,6,732.62,48,,
1,KUSI MINIMARKET - Vía de Evitamiento Norte,2024-10-13,1,921.69,61,,
6,KUSI MINIMARKET - Silva Santisteban,2024-10-17,5,249.11,18,,
5,KUSI MINIMARKET - San Sebastián,2024-10-21,2,239.65,18,,
1,KUSI MINIMARKET - Vía de Evitamiento Norte,2024-10-28,2,662.14,52,,
1,KUSI MINIMARKET - Vía de Evitamiento Norte,2024-10-30,4,761.77,55,,
1,KUSI MINIMARKET - Vía de Evitamiento Norte,2024-10-31,5,867.64,54,,
1,KUSI MINIMARKET - Vía de Evitamiento Norte,2024-11-02,7,868.98,61,,
1,KUSI MINIMARKET - Vía de Evitamiento Norte,2024-11-10,1,807.29,54,,
7,KUSI MINIMARKET - San Roque,2024-11-18,2,208.49,14,,
1,KUSI MINIMARKET - Vía de Evitamiento Norte,2024-11-21,5,570.31,43,,
1,KUSI MINIMARKET - Vía de Evitamiento Norte,2024-11-29,6,873.08,53,,
1,KUSI MINIMARKET - Vía de Evitamiento Norte,2024-12-07,7,1050.74,72,,
1,KUSI MINIMARKET - Vía de Evitamiento Norte,2024-12-12,5,895.1,62,,
5,KUSI MINIMARKET - San Sebastián,2024-12-20,6,505.45,31,Festividad local,Campaña navideña
7,KUSI MINIMARKET - San Roque,2024-12-21,7,329.55,22,Festividad local,Campaña navideña
1,KUSI MINIMARKET - Vía de Evitamiento Norte,2024-12-25,4,744.71,48,Feriado nacional,Navidad
7,KUSI MINIMARKET - San Roque,2025-01-05,1,259.45,17,,
1,KUSI MINIMARKET - Vía de Evitamiento Norte,2025-01-18,7,735.69,47,,
1,KUSI MINIMARKET - Vía de Evitamiento Norte,2025-01-29,4,938.77,65,,
7,KUSI MINIMARKET - San Roque,2025-02-17,2,283.2,15,Festividad local,Campaña escolar
6,KUSI MINIMARKET - Silva Santisteban,2025-02-17,2,279.33,21,Festividad local,Campaña escolar
1,KUSI MINIMARKET - Vía de Evitamiento Norte,2025-02-23,1,718.96,53,Festividad local,Campaña escolar
1,KUSI MINIMARKET - Vía de Evitamiento Norte,2025-03-14,6,632.61,54,Festividad local,Campaña escolar
1,KUSI MINIMARKET - Vía de Evitamiento Norte,2025-03-15,7,813.68,61,Festividad local,Campaña escolar
5,KUSI MINIMARKET - San Sebastián,2025-03-19,4,190.0,14,,
1,KUSI MINIMARKET - Vía de Evitamiento Norte,2025-03-23,1,896.33,55,,
6,KUSI MINIMARKET - Silva Santisteban,2025-03-31,2,352.87,24,,
5,KUSI MINIMARKET - San Sebastián,2025-04-03,5,192.3,14,,
1,KUSI MINIMARKET - Vía de Evitamiento Norte,2025-04-06,1,580.26,48,,
5,KUSI MINIMARKET - San Sebastián,2025-04-09,4,194.25,18,,
1,KUSI MINIMARKET - Vía de Evitamiento Norte,2025-04-09,4,807.85,65,,
1,KUSI MINIMARKET - Vía de Evitamiento Norte,2025-04-11,6,810.06,64,,
1,KUSI MINIMARKET - Vía de Evitamiento Norte,2025-04-21,2,1090.78,65,,
6,KUSI MINIMARKET - Silva Santisteban,2025-04-30,4,284.38,19,,
1,KUSI MINIMARKET - Vía de Evitamiento Norte,2025-05-04,1,728.44,61,,
1,KUSI MINIMARKET - Vía de Evitamiento Norte,2025-05-05,2,942.25,59,,
6,KUSI MINIMARKET - Silva Santisteban,2025-05-10,7,459.27,31,,
1,KUSI MINIMARKET - Vía de Evitamiento Norte,2025-05-11,1,879.36,67,Festividad local,Día de la Madre
1,KUSI MINIMARKET - Vía de Evitamiento Norte,2025-05-12,2,1029.23,64,,
1,KUSI MINIMARKET - Vía de Evitamiento Norte,2025-05-13,3,855.7,60,,
7,KUSI MINIMARKET - San Roque,2025-05-16,6,256.02,21,,
1,KUSI MINIMARKET - Vía de Evitamiento Norte,2025-05-21,4,1018.64,67,,
6,KUSI MINIMARKET - Silva Santisteban,2025-05-23,6,384.09,27,,
1,KUSI MINIMARKET - Vía de Evitamiento Norte,2025-05-30,6,971.87,70,,
1,KUSI MINIMARKET - Vía de Evitamiento Norte,2025-06-04,4,702.05,53,,
1,KUSI MINIMARKET - Vía de Evitamiento Norte,2025-06-11,4,765.33,51,,
1,KUSI MINIMARKET - Vía de Evitamiento Norte,2025-06-13,6,980.25,63,,
6,KUSI MINIMARKET - Silva Santisteban,2025-06-16,2,152.61,13,,
1,KUSI MINIMARKET - Vía de Evitamiento Norte,2025-06-17,3,774.64,58,,
1,KUSI MINIMARKET - Vía de Evitamiento Norte,2025-06-20,6,706.3,52,,
1,KUSI MINIMARKET - Vía de Evitamiento Norte,2025-06-22,1,849.47,56,,
1,KUSI MINIMARKET - Vía de Evitamiento Norte,2025-06-23,2,673.62,47,,
7,KUSI MINIMARKET - San Roque,2025-06-30,2,302.11,25,,
1,KUSI MINIMARKET - Vía de Evitamiento Norte,2025-07-02,4,1122.72,78,,
1,KUSI MINIMARKET - Vía de Evitamiento Norte,2025-07-03,5,766.47,59,,
5,KUSI MINIMARKET - San Sebastián,2025-07-06,1,367.64,27,,
6,KUSI MINIMARKET - Silva Santisteban,2025-07-07,2,224.62,18,,
5,KUSI MINIMARKET - San Sebastián,2025-07-16,4,358.92,23,,
5,KUSI MINIMARKET - San Sebastián,2025-07-17,5,444.28,26,,
1,KUSI MINIMARKET - Vía de Evitamiento Norte,2025-07-19,7,1125.04,81,,
1,KUSI MINIMARKET - Vía de Evitamiento Norte,2025-07-22,3,812.61,55,,
1,KUSI MINIMARKET - Vía de Evitamiento Norte,2025-07-24,5,816.93,61,,
5,KUSI MINIMARKET - San Sebastián,2025-08-01,6,382.91,26,,
7,KUSI MINIMARKET - San Roque,2025-08-02,7,237.79,21,,
1,KUSI MINIMARKET - Vía de Evitamiento Norte,2025-08-08,6,923.84,59,,
1,KUSI MINIMARKET - Vía de Evitamiento Norte,2025-08-10,1,955.71,63,,
1,KUSI MINIMARKET - Vía de Evitamiento Norte,2025-08-12,3,630.67,48,,
6,KUSI MINIMARKET - Silva Santisteban,2025-08-14,5,224.54,16,,
1,KUSI MINIMARKET - Vía de Evitamiento Norte,2025-08-15,6,927.99,60,,
1,KUSI MINIMARKET - Vía de Evitamiento Norte,2025-08-19,3,735.42,51,,
6,KUSI MINIMARKET - Silva Santisteban,2025-08-23,7,377.35,27,,
1,KUSI MINIMARKET - Vía de Evitamiento Norte,2025-08-25,2,943.95,59,,
1,KUSI MINIMARKET - Vía de Evitamiento Norte,2025-08-26,3,986.89,64,,
6,KUSI MINIMARKET - Silva Santisteban,2023-01-01,1,251.27,15,Feriado nacional,Año Nuevo
6,KUSI MINIMARKET - Silva Santisteban,2023-01-10,3,247.35,19,,
5,KUSI MINIMARKET - San Sebastián,2023-01-25,4,278.9,17,,
2,KUSI MINIMARKET - Hoyos Rubio,2023-01-28,7,386.84,26,,
5,KUSI MINIMARKET - San Sebastián,2023-02-05,1,211.25,13,,
2,KUSI MINIMARKET - Hoyos Rubio,2023-03-01,4,279.66,20,Festividad local,Campaña escolar
2,KUSI MINIMARKET - Hoyos Rubio,2023-03-06,2,329.63,21,Festividad local,Campaña escolar
2,KUSI MINIMARKET - Hoyos Rubio,2023-03-19,1,580.48,33,,
5,KUSI MINIMARKET - San Sebastián,2023-03-21,3,336.42,20,,
2,KUSI MINIMARKET - Hoyos Rubio,2023-04-17,2,283.72,23,,
6,KUSI MINIMARKET - Silva Santisteban,2023-05-06,7,327.3,21,,
2,KUSI MINIMARKET - Hoyos Rubio,2023-05-09,3,385.16,29,,
2,KUSI MINIMARKET - Hoyos Rubio,2023-05-11,5,404.99,30,,
2,KUSI MINIMARKET - Hoyos Rubio,2023-05-14,1,502.51,39,Festividad local,Día de la Madre
2,KUSI MINIMARKET - Hoyos Rubio,2023-05-17,4,586.29,41,,
2,KUSI MINIMARKET - Hoyos Rubio,2023-05-19,6,463.65,31,,
2,KUSI MINIMARKET - Hoyos Rubio,2023-06-14,4,293.75,21,,
2,KUSI MINIMARKET - Hoyos Rubio,2023-06-30,6,483.17,34,,
5,KUSI MINIMARKET - San Sebastián,2023-07-02,1,214.11,15,,
2,KUSI MINIMARKET - Hoyos Rubio,2023-07-06,5,461.45,31,,
6,KUSI MINIMARKET - Silva Santisteban,2023-07-17,2,334.69,25,,
2,KUSI MINIMARKET - Hoyos Rubio,2023-07-26,4,374.54,27,,
2,KUSI MINIMARKET - Hoyos Rubio,2023-07-29,7,316.01,24,Feriado nacional,Fiestas Patrias
2,KUSI MINIMARKET - Hoyos Rubio,2023-07-30,1,273.94,23,,
2,KUSI MINIMARKET - Hoyos Rubio,2023-08-14,2,330.21,26,,
2,KUSI MINIMARKET - Hoyos Rubio,2023-08-19,7,266.39,19,,
2,KUSI MINIMARKET - Hoyos Rubio,2023-08-24,5,269.88,22,,
2,KUSI MINIMARKET - Hoyos Rubio,2023-08-30,4,329.15,23,Feriado nacional,Santa Rosa de Lima
2,KUSI MINIMARKET - Hoyos Rubio,2023-09-14,5,393.59,34,,
2,KUSI MINIMARKET - Hoyos Rubio,2023-09-22,6,325.82,25,,
7,KUSI MINIMARKET - San Roque,2023-09-26,3,207.23,15,,
7,KUSI MINIMARKET - San Roque,2023-09-27,4,268.03,17,,
2,KUSI MINIMARKET - Hoyos Rubio,2023-09-28,5,391.38,28,,
2,KUSI MINIMARKET - Hoyos Rubio,2023-10-02,2,309.3,22,,
7,KUSI MINIMARKET - San Roque,2023-10-11,4,212.9,18,,
2,KUSI MINIMARKET - Hoyos Rubio,2023-10-16,2,422.96,36,,
6,KUSI MINIMARKET - Silva Santisteban,2023-10-21,7,272.44,22,,
6,KUSI MINIMARKET - Silva Santisteban,2023-10-22,1,356.99,21,,
2,KUSI MINIMARKET - Hoyos Rubio,2023-11-16,5,444.05,33,,
2,KUSI MINIMARKET - Hoyos Rubio,2023-11-19,1,326.55,26,,
2,KUSI MINIMARKET - Hoyos Rubio,2023-11-20,2,506.96,30,,
2,KUSI MINIMARKET - Hoyos Rubio,2023-11-21,3,296.35,21,,
6,KUSI MINIMARKET - Silva Santisteban,2023-11-23,5,169.5,12,,
2,KUSI MINIMARKET - Hoyos Rubio,2023-12-05,3,352.47,26,,
2,KUSI MINIMARKET - Hoyos Rubio,2023-12-11,2,364.99,27,,
2,KUSI MINIMARKET - Hoyos Rubio,2023-12-24,1,642.17,41,Festividad local,Campaña navideña
6,KUSI MINIMARKET - Silva Santisteban,2024-01-01,2,235.99,18,Feriado nacional,Año Nuevo
2,KUSI MINIMARKET - Hoyos Rubio,2024-01-09,3,366.14,26,,
2,KUSI MINIMARKET - Hoyos Rubio,2024-01-15,2,322.29,27,,
5,KUSI MINIMARKET - San Sebastián,2024-02-12,2,309.14,20,Festividad local,Carnaval de Cajamarca
2,KUSI MINIMARKET - Hoyos Rubio,2024-02-24,7,260.8,22,Festividad local,Campaña escolar
2,KUSI MINIMARKET - Hoyos Rubio,2024-03-05,3,446.44,30,Festividad local,Campaña escolar
2,KUSI MINIMARKET - Hoyos Rubio,2024-03-11,2,493.0,34,Festividad local,Campaña escolar
2,KUSI MINIMARKET - Hoyos Rubio,2024-03-12,3,435.36,35,Festividad local,Campaña escolar
5,KUSI MINIMARKET - San Sebastián,2024-04-01,2,202.62,13,,
2,KUSI MINIMARKET - Hoyos Rubio,2024-04-07,1,402.23,27,,
2,KUSI MINIMARKET - Hoyos Rubio,2024-05-08,4,252.34,22,,
2,KUSI MINIMARKET - Hoyos Rubio,2024-05-11,7,418.69,26,,
2,KUSI MINIMARKET - Hoyos Rubio,2024-05-17,6,428.33,31,,
5,KUSI MINIMARKET - San Sebastián,2024-06-01,7,211.96,20,,
2,KUSI MINIMARKET - Hoyos Rubio,2024-06-07,6,479.63,36,,
2,KUSI MINIMARKET - Hoyos Rubio,2024-06-30,1,373.07,32,,
2,KUSI MINIMARKET - Hoyos Rubio,2024-07-09,3,489.39,31,,
2,KUSI MINIMARKET - Hoyos Rubio,2024-09-06,6,332.33,24,,
2,KUSI MINIMARKET - Hoyos Rubio,2024-09-13,6,427.9,26,,
2,KUSI MINIMARKET - Hoyos Rubio,2024-09-16,2,220.39,21,,
2,KUSI MINIMARKET - Hoyos Rubio,2024-09-24,3,450.96,33,,
2,KUSI MINIMARKET - Hoyos Rubio,2024-09-28,7,365.35,26,,
2,KUSI MINIMARKET - Hoyos Rubio,2024-10-02,4,444.52,28,,
2,KUSI MINIMARKET - Hoyos Rubio,2024-10-04,6,510.14,34,,
2,KUSI MINIMARKET - Hoyos Rubio,2024-10-21,2,321.32,26,,
2,KUSI MINIMARKET - Hoyos Rubio,2024-10-23,4,310.7,23,,
2,KUSI MINIMARKET - Hoyos Rubio,2024-10-29,3,304.73,22,,
2,KUSI MINIMARKET - Hoyos Rubio,2024-11-03,1,511.37,41,,
7,KUSI MINIMARKET - San Roque,2024-11-03,1,211.86,18,,
2,KUSI MINIMARKET - Hoyos Rubio,2024-11-16,7,427.17,28,,
2,KUSI MINIMARKET - Hoyos Rubio,2024-11-18,2,253.34,20,,
2,KUSI MINIMARKET - Hoyos Rubio,2024-11-22,6,335.77,26,,
2,KUSI MINIMARKET - Hoyos Rubio,2024-12-30,2,499.73,42,Festividad local,Fin de año
2,KUSI MINIMARKET - Hoyos Rubio,2025-01-02,5,437.25,30,,
2,KUSI MINIMARKET - Hoyos Rubio,2025-01-13,2,527.53,35,,
5,KUSI MINIMARKET - San Sebastián,2025-01-15,4,448.58,26,,
5,KUSI MINIMARKET - San Sebastián,2025-01-16,5,294.33,20,,
5,KUSI MINIMARKET - San Sebastián,2023-01-01,1,235.27,13,Feriado nacional,Año Nuevo
7,KUSI MINIMARKET - San Roque,2023-01-01,1,198.18,15,Feriado nacional,Año Nuevo
6,KUSI MINIMARKET - Silva Santisteban,2023-01-19,5,168.09,13,,
6,KUSI MINIMARKET - Silva Santisteban,2023-02-03,6,272.52,13,,
5,KUSI MINIMARKET - San Sebastián,2023-02-12,1,134.92,11,,
7,KUSI MINIMARKET - San Roque,2023-03-31,6,254.83,13,,
7,KUSI MINIMARKET - San Roque,2023-04-10,2,117.78,10,,
5,KUSI MINIMARKET - San Sebastián,2023-04-20,5,177.1,11,,
1,KUSI MINIMARKET - Vía de Evitamiento Norte,2023-04-27,5,631.02,46,,
7,KUSI MINIMARKET - San Roque,2023-06-24,7,280.54,17,,
5,KUSI MINIMARKET - San Sebastián,2023-07-29,7,151.59,9,Feriado nacional,Fiestas Patrias
5,KUSI MINIMARKET - San Sebastián,2023-08-06,1,267.43,16,,
5,KUSI MINIMARKET - San Sebastián,2023-08-17,5,217.36,16,,
6,KUSI MINIMARKET - Silva Santisteban,2023-08-22,3,194.81,15,,
6,KUSI MINIMARKET - Silva Santisteban,2023-08-29,3,281.62,18,,
7,KUSI MINIMARKET - San Roque,2023-09-11,2,204.4,14,,
5,KUSI MINIMARKET - San Sebastián,2023-09-19,3,271.47,16,,
1,KUSI MINIMARKET - Vía de Evitamiento Norte,2023-09-23,7,727.7,50,,
7,KUSI MINIMARKET - San Roque,2023-09-30,7,155.31,10,,
1,KUSI MINIMARKET - Vía de Evitamiento Norte,2023-10-05,5,652.19,48,,
5,KUSI MINIMARKET - San Sebastián,2023-10-14,7,223.61,20,,
5,KUSI MINIMARKET - San Sebastián,2023-10-25,4,149.35,10,,
6,KUSI MINIMARKET - Silva Santisteban,2023-10-30,2,323.49,22,,
1,KUSI MINIMARKET - Vía de Evitamiento Norte,2023-11-05,1,699.21,62,,
5,KUSI MINIMARKET - San Sebastián,2023-12-23,7,307.9,22,Festividad local,Campaña navideña
5,KUSI MINIMARKET - San Sebastián,2023-12-27,4,342.36,28,Festividad local,Fin de año
7,KUSI MINIMARKET - San Roque,2024-01-03,4,238.7,18,,
6,KUSI MINIMARKET - Silva Santisteban,2024-01-04,5,214.85,16,,
5,KUSI MINIMARKET - San Sebastián,2024-01-07,1,181.37,16,,
7,KUSI MINIMARKET - San Roque,2024-01-08,2,134.91,10,,
7,KUSI MINIMARKET - San Roque,2024-01-25,5,141.49,10,,
7,KUSI MINIMARKET - San Roque,2024-03-14,5,234.9,19,Festividad local,Campaña escolar
7,KUSI MINIMARKET - San Roque,2024-04-12,6,109.81,10,,
6,KUSI MINIMARKET - Silva Santisteban,2024-04-27,7,169.92,12,,
1,KUSI MINIMARKET - Vía de Evitamiento Norte,2024-04-28,1,843.43,54,,
5,KUSI MINIMARKET - San Sebastián,2024-04-29,2,162.92,13,,
6,KUSI MINIMARKET - Silva Santisteban,2024-05-10,6,130.75,13,,
6,KUSI MINIMARKET - Silva Santisteban,2024-05-15,4,213.57,15,,
5,KUSI MINIMARKET - San Sebastián,2024-05-22,4,297.72,21,,
6,KUSI MINIMARKET - Silva Santisteban,2024-06-15,7,161.0,12,,
7,KUSI MINIMARKET - San Roque,2024-07-09,3,236.3,17,,
1,KUSI MINIMARKET - Vía de Evitamiento Norte,2024-08-28,4,393.97,32,,
7,KUSI MINIMARKET - San Roque,2024-03-29,6,222.41,18,Feriado nacional,Jueves/Viernes Santo
7,KUSI MINIMARKET - San Roque,2024-09-24,3,110.94,12,,
5,KUSI MINIMARKET - San Sebastián,2024-09-28,7,344.9,26,,
5,KUSI MINIMARKET - San Sebastián,2024-10-01,3,248.14,19,,
6,KUSI MINIMARKET - Silva Santisteban,2024-10-07,2,360.31,23,,
1,KUSI MINIMARKET - Vía de Evitamiento Norte,2024-11-12,3,509.38,40,,
1,KUSI MINIMARKET - Vía de Evitamiento Norte,2024-11-14,5,691.5,56,,
5,KUSI MINIMARKET - San Sebastián,2024-11-21,5,319.26,23,,
5,KUSI MINIMARKET - San Sebastián,2024-12-13,6,208.64,18,,
6,KUSI MINIMARKET - Silva Santisteban,2024-12-14,7,266.65,18,,
6,KUSI MINIMARKET - Silva Santisteban,2024-12-15,1,400.12,30,Festividad local,Campaña navideña
1,KUSI MINIMARKET - Vía de Evitamiento Norte,2024-12-20,6,793.67,59,Festividad local,Campaña navideña
5,KUSI MINIMARKET - San Sebastián,2024-12-21,7,309.48,24,Festividad local,Campaña navideña
5,KUSI MINIMARKET - San Sebastián,2025-01-27,2,235.97,18,,
7,KUSI MINIMARKET - San Roque,2025-02-15,7,231.26,14,Festividad local,Campaña escolar
5,KUSI MINIMARKET - San Sebastián,2025-02-23,1,287.54,25,Festividad local,Campaña escolar
5,KUSI MINIMARKET - San Sebastián,2025-03-01,7,269.07,21,Festividad local,Campaña escolar
6,KUSI MINIMARKET - Silva Santisteban,2025-04-04,6,301.19,19,,
5,KUSI MINIMARKET - San Sebastián,2025-04-05,7,388.24,23,,
7,KUSI MINIMARKET - San Roque,2025-04-21,2,286.32,19,,
6,KUSI MINIMARKET - Silva Santisteban,2025-05-11,1,561.88,30,Festividad local,Día de la Madre
1,KUSI MINIMARKET - Vía de Evitamiento Norte,2025-06-02,2,651.12,49,,
6,KUSI MINIMARKET - Silva Santisteban,2025-06-09,2,251.93,17,,
7,KUSI MINIMARKET - San Roque,2025-06-21,7,165.95,12,,
5,KUSI MINIMARKET - San Sebastián,2025-06-22,1,273.62,21,,
6,KUSI MINIMARKET - Silva Santisteban,2025-06-26,5,301.24,21,,
7,KUSI MINIMARKET - San Roque,2025-07-06,1,272.02,17,,
5,KUSI MINIMARKET - San Sebastián,2025-08-08,6,361.99,23,,
7,KUSI MINIMARKET - San Roque,2025-08-19,3,282.03,20,,
6,KUSI MINIMARKET - Silva Santisteban,2025-08-22,6,328.03,17,,
2,KUSI MINIMARKET - Hoyos Rubio,2023-01-20,6,175.27,16,,
6,KUSI MINIMARKET - Silva Santisteban,2023-01-26,5,315.07,18,,
6,KUSI MINIMARKET - Silva Santisteban,2023-02-12,1,217.53,13,,
5,KUSI MINIMARKET - San Sebastián,2023-03-14,3,125.32,7,Festividad local,Campaña escolar
7,KUSI MINIMARKET - San Roque,2023-03-19,1,250.09,20,,
7,KUSI MINIMARKET - San Roque,2023-04-11,3,276.02,18,,
2,KUSI MINIMARKET - Hoyos Rubio,2023-05-22,2,331.01,23,,
7,KUSI MINIMARKET - San Roque,2023-07-17,2,393.58,28,,
2,KUSI MINIMARKET - Hoyos Rubio,2023-07-20,5,484.26,34,,
2,KUSI MINIMARKET - Hoyos Rubio,2023-10-29,1,326.02,22,,
7,KUSI MINIMARKET - San Roque,2023-12-08,6,345.0,25,Feriado nacional,Inmaculada Concepción
6,KUSI MINIMARKET - Silva Santisteban,2023-12-29,6,422.05,29,Festividad local,Fin de año
2,KUSI MINIMARKET - Hoyos Rubio,2024-01-21,1,277.05,22,,
5,KUSI MINIMARKET - San Sebastián,2024-03-20,4,257.48,19,,
2,KUSI MINIMARKET - Hoyos Rubio,2024-05-01,4,445.83,27,Feriado nacional,Día del Trabajo
2,KUSI MINIMARKET - Hoyos Rubio,2024-05-09,5,353.98,25,,
2,KUSI MINIMARKET - Hoyos Rubio,2024-06-03,2,344.13,21,,
7,KUSI MINIMARKET - San Roque,2024-06-17,2,243.68,12,,
2,KUSI MINIMARKET - Hoyos Rubio,2024-06-19,4,276.04,23,,
2,KUSI MINIMARKET - Hoyos Rubio,2024-07-02,3,341.19,27,,
6,KUSI MINIMARKET - Silva Santisteban,2024-07-15,2,350.83,25,,
2,KUSI MINIMARKET - Hoyos Rubio,2024-07-23,3,198.02,14,,
2,KUSI MINIMARKET - Hoyos Rubio,2024-07-29,2,283.26,24,Feriado nacional,Fiestas Patrias
2,KUSI MINIMARKET - Hoyos Rubio,2024-08-01,5,287.65,21,,
2,KUSI MINIMARKET - Hoyos Rubio,2024-09-01,1,285.98,16,,
2,KUSI MINIMARKET - Hoyos Rubio,2024-09-22,1,292.73,26,,
2,KUSI MINIMARKET - Hoyos Rubio,2024-09-26,5,401.19,33,,
2,KUSI MINIMARKET - Hoyos Rubio,2024-12-02,2,441.45,35,,
7,KUSI MINIMARKET - San Roque,2024-12-07,7,257.35,16,,
6,KUSI MINIMARKET - Silva Santisteban,2024-12-21,7,377.77,24,Festividad local,Campaña navideña
2,KUSI MINIMARKET - Hoyos Rubio,2025-02-01,7,481.66,37,,
5,KUSI MINIMARKET - San Sebastián,2025-02-09,1,241.84,19,,
2,KUSI MINIMARKET - Hoyos Rubio,2025-02-11,3,357.0,32,,
2,KUSI MINIMARKET - Hoyos Rubio,2025-03-01,7,412.01,28,Festividad local,Campaña escolar
2,KUSI MINIMARKET - Hoyos Rubio,2025-03-14,6,433.53,29,Festividad local,Campaña escolar
5,KUSI MINIMARKET - San Sebastián,2025-03-26,4,388.96,25,,
2,KUSI MINIMARKET - Hoyos Rubio,2025-04-02,4,531.86,38,,
2,KUSI MINIMARKET - Hoyos Rubio,2025-04-08,3,301.91,26,,
2,KUSI MINIMARKET - Hoyos Rubio,2025-04-09,4,358.88,26,,
2,KUSI MINIMARKET - Hoyos Rubio,2025-04-12,7,369.53,30,,
2,KUSI MINIMARKET - Hoyos Rubio,2025-04-14,2,491.01,32,Festividad local,Semana Santa
2,KUSI MINIMARKET - Hoyos Rubio,2025-04-19,7,510.99,36,Festividad local,Semana Santa
2,KUSI MINIMARKET - Hoyos Rubio,2025-05-02,6,447.72,34,,
2,KUSI MINIMARKET - Hoyos Rubio,2025-05-10,7,498.37,38,,
2,KUSI MINIMARKET - Hoyos Rubio,2025-05-11,1,449.5,25,Festividad local,Día de la Madre
7,KUSI MINIMARKET - San Roque,2025-05-14,4,202.91,17,,
2,KUSI MINIMARKET - Hoyos Rubio,2025-05-15,5,595.43,43,,
2,KUSI MINIMARKET - Hoyos Rubio,2025-05-16,6,636.87,37,,
2,KUSI MINIMARKET - Hoyos Rubio,2025-05-17,7,432.54,31,,
2,KUSI MINIMARKET - Hoyos Rubio,2025-06-06,6,461.47,27,,
2,KUSI MINIMARKET - Hoyos Rubio,2025-06-15,1,331.71,29,Festividad local,Día del Padre
2,KUSI MINIMARKET - Hoyos Rubio,2025-06-24,3,630.59,40,,
2,KUSI MINIMARKET - Hoyos Rubio,2025-06-25,4,545.47,37,,
5,KUSI MINIMARKET - San Sebastián,2025-07-02,4,306.03,23,,
2,KUSI MINIMARKET - Hoyos Rubio,2025-07-21,2,475.25,36,,
2,KUSI MINIMARKET - Hoyos Rubio,2025-08-02,7,406.16,35,,
2,KUSI MINIMARKET - Hoyos Rubio,2025-08-25,2,400.49,31,,
7,KUSI MINIMARKET - San Roque,2025-08-26,3,171.71,14,,
2,KUSI MINIMARKET - Hoyos Rubio,2025-08-30,7,516.03,31,Feriado nacional,Santa Rosa de Lima
5,KUSI MINIMARKET - San Sebastián,2025-08-30,7,393.99,22,Feriado nacional,Santa Rosa de Lima
6,KUSI MINIMARKET - Silva Santisteban,2023-01-08,1,162.95,13,,
3,KUSI MINIMARKET - Amalia Puga,2023-02-05,1,307.57,22,,
3,KUSI MINIMARKET - Amalia Puga,2023-02-06,2,206.29,17,,
3,KUSI MINIMARKET - Amalia Puga,2023-02-11,7,178.66,15,,
5,KUSI MINIMARKET - San Sebastián,2023-02-17,6,191.83,18,Festividad local,Campaña escolar
3,KUSI MINIMARKET - Amalia Puga,2023-02-21,3,450.22,28,Festividad local,Campaña escolar
3,KUSI MINIMARKET - Amalia Puga,2023-03-01,4,188.11,15,Festividad local,Campaña escolar
3,KUSI MINIMARKET - Amalia Puga,2023-03-04,7,315.75,23,Festividad local,Campaña escolar
3,KUSI MINIMARKET - Amalia Puga,2023-03-09,5,475.77,34,Festividad local,Campaña escolar
7,KUSI MINIMARKET - San Roque,2023-03-15,4,192.44,19,Festividad local,Campaña escolar
6,KUSI MINIMARKET - Silva Santisteban,2023-03-26,1,254.13,18,,
3,KUSI MINIMARKET - Amalia Puga,2023-04-05,4,315.34,26,Festividad local,Semana Santa
3,KUSI MINIMARKET - Amalia Puga,2023-04-08,7,457.97,38,Festividad local,Semana Santa
3,KUSI MINIMARKET - Amalia Puga,2023-04-19,4,301.11,19,,
3,KUSI MINIMARKET - Amalia Puga,2023-04-21,6,362.32,25,,
7,KUSI MINIMARKET - San Roque,2023-04-24,2,372.21,22,,
7,KUSI MINIMARKET - San Roque,2023-04-27,5,96.26,12,,
3,KUSI MINIMARKET - Amalia Puga,2023-05-06,7,268.92,18,,
7,KUSI MINIMARKET - San Roque,2023-05-12,6,138.34,12,,
3,KUSI MINIMARKET - Amalia Puga,2023-05-15,2,471.33,27,,
7,KUSI MINIMARKET - San Roque,2023-05-25,5,133.49,12,,
3,KUSI MINIMARKET - Amalia Puga,2023-06-08,5,432.45,24,Festividad local,Corpus Christi
7,KUSI MINIMARKET - San Roque,2023-06-25,1,288.57,22,,
3,KUSI MINIMARKET - Amalia Puga,2023-06-26,2,331.23,25,,
3,KUSI MINIMARKET - Amalia Puga,2023-07-11,3,522.18,37,,
3,KUSI MINIMARKET - Amalia Puga,2023-07-16,1,256.11,23,,
3,KUSI MINIMARKET - Amalia Puga,2023-07-23,1,362.82,29,,
3,KUSI MINIMARKET - Amalia Puga,2023-08-02,4,372.74,26,,
6,KUSI MINIMARKET - Silva Santisteban,2023-08-06,1,223.37,14,,
3,KUSI MINIMARKET - Amalia Puga,2023-08-07,2,344.36,26,,
3,KUSI MINIMARKET - Amalia Puga,2023-08-18,6,367.39,26,,
3,KUSI MINIMARKET - Amalia Puga,2023-08-19,7,335.3,21,,
3,KUSI MINIMARKET - Amalia Puga,2023-08-24,5,332.23,23,,
3,KUSI MINIMARKET - Amalia Puga,2023-09-01,6,480.29,26,,
3,KUSI MINIMARKET - Amalia Puga,2023-09-12,3,315.4,24,,
3,KUSI MINIMARKET - Amalia Puga,2023-09-24,1,328.67,25,,
3,KUSI MINIMARKET - Amalia Puga,2023-10-04,4,287.94,27,,
3,KUSI MINIMARKET - Amalia Puga,2023-10-11,4,275.24,21,,
3,KUSI MINIMARKET - Amalia Puga,2023-10-16,2,259.61,19,,
5,KUSI MINIMARKET - San Sebastián,2023-10-17,3,184.85,13,,
5,KUSI MINIMARKET - San Sebastián,2023-10-23,2,334.8,20,,
3,KUSI MINIMARKET - Amalia Puga,2023-11-07,3,475.19,29,,
3,KUSI MINIMARKET - Amalia Puga,2023-11-12,1,466.39,32,,
3,KUSI MINIMARKET - Amalia Puga,2023-11-21,3,245.19,17,,
3,KUSI MINIMARKET - Amalia Puga,2023-11-23,5,251.01,19,,
7,KUSI MINIMARKET - San Roque,2023-11-25,7,109.71,8,,
3,KUSI MINIMARKET - Amalia Puga,2023-11-30,5,328.9,24,,
3,KUSI MINIMARKET - Amalia Puga,2023-12-05,3,288.33,23,,
3,KUSI MINIMARKET - Amalia Puga,2023-12-09,7,413.96,34,,
5,KUSI MINIMARKET - San Sebastián,2023-12-19,3,274.18,24,Festividad local,Campaña navideña
3,KUSI MINIMARKET - Amalia Puga,2023-12-19,3,389.63,30,Festividad local,Campaña navideña
3,KUSI MINIMARKET - Amalia Puga,2023-12-31,1,415.14,34,Festividad local,Fin de año
3,KUSI MINIMARKET - Amalia Puga,2024-01-10,4,258.12,17,,
3,KUSI MINIMARKET - Amalia Puga,2024-01-21,1,464.42,33,,
6,KUSI MINIMARKET - Silva Santisteban,2024-01-22,2,204.22,15,,
3,KUSI MINIMARKET - Amalia Puga,2024-01-24,4,202.77,20,,
7,KUSI MINIMARKET - San Roque,2024-01-27,7,133.9,11,,
3,KUSI MINIMARKET - Amalia Puga,2024-02-10,7,392.29,27,Festividad local,Carnaval de Cajamarca
3,KUSI MINIMARKET - Amalia Puga,2024-02-11,1,304.41,24,Festividad local,Carnaval de Cajamarca
3,KUSI MINIMARKET - Amalia Puga,2024-02-23,6,433.15,27,Festividad local,Campaña escolar
3,KUSI MINIMARKET - Amalia Puga,2024-03-01,6,176.02,17,Festividad local,Campaña escolar
3,KUSI MINIMARKET - Amalia Puga,2024-03-05,3,277.27,17,Festividad local,Campaña escolar
3,KUSI MINIMARKET - Amalia Puga,2024-03-09,7,353.46,23,Festividad local,Campaña escolar
3,KUSI MINIMARKET - Amalia Puga,2024-03-10,1,622.95,41,Festividad local,Campaña escolar
3,KUSI MINIMARKET - Amalia Puga,2024-03-19,3,523.5,36,,
3,KUSI MINIMARKET - Amalia Puga,2024-03-20,4,341.63,23,,
3,KUSI MINIMARKET - Amalia Puga,2024-03-30,7,278.42,21,Festividad local,Semana Santa
3,KUSI MINIMARKET - Amalia Puga,2024-04-05,6,351.27,26,,
3,KUSI MINIMARKET - Amalia Puga,2024-04-12,6,321.41,22,,
3,KUSI MINIMARKET - Amalia Puga,2024-04-14,1,317.01,19,,
3,KUSI MINIMARKET - Amalia Puga,2024-04-18,5,500.0,35,,
3,KUSI MINIMARKET - Amalia Puga,2024-04-19,6,358.26,30,,
6,KUSI MINIMARKET - Silva Santisteban,2024-05-03,6,146.22,12,,
3,KUSI MINIMARKET - Amalia Puga,2024-05-03,6,302.18,28,,
3,KUSI MINIMARKET - Amalia Puga,2024-05-07,3,249.43,22,,
3,KUSI MINIMARKET - Amalia Puga,2024-05-27,2,448.67,37,,
3,KUSI MINIMARKET - Amalia Puga,2024-05-28,3,313.94,24,,
3,KUSI MINIMARKET - Amalia Puga,2024-06-27,5,411.52,29,,
3,KUSI MINIMARKET - Amalia Puga,2024-07-24,4,358.75,28,,
3,KUSI MINIMARKET - Amalia Puga,2024-08-01,5,382.49,27,,
3,KUSI MINIMARKET - Amalia Puga,2024-08-22,5,352.94,25,,
5,KUSI MINIMARKET - San Sebastián,2024-08-24,7,154.48,14,,
3,KUSI MINIMARKET - Amalia Puga,2024-08-27,3,390.7,26,,
3,KUSI MINIMARKET - Amalia Puga,2024-08-28,4,326.78,27,,
3,KUSI MINIMARKET - Amalia Puga,2024-09-17,3,397.89,23,,
3,KUSI MINIMARKET - Amalia Puga,2024-09-18,4,523.57,37,,
7,KUSI MINIMARKET - San Roque,2024-09-28,7,175.7,12,,
3,KUSI MINIMARKET - Amalia Puga,2024-10-04,6,272.91,23,,
3,KUSI MINIMARKET - Amalia Puga,2024-10-09,4,395.91,25,,
6,KUSI MINIMARKET - Silva Santisteban,2024-10-26,7,257.1,19,,
6,KUSI MINIMARKET - Silva Santisteban,2024-11-11,2,319.19,19,,
3,KUSI MINIMARKET - Amalia Puga,2024-11-11,2,380.53,23,,
3,KUSI MINIMARKET - Amalia Puga,2024-11-18,2,428.03,28,,
3,KUSI MINIMARKET - Amalia Puga,2024-11-30,7,379.66,29,,
3,KUSI MINIMARKET - Amalia Puga,2024-12-05,5,533.54,35,,
3,KUSI MINIMARKET - Amalia Puga,2024-12-07,7,521.4,37,,
3,KUSI MINIMARKET - Amalia Puga,2024-12-21,7,499.54,33,Festividad local,Campaña navideña
6,KUSI MINIMARKET - Silva Santisteban,2025-01-13,2,208.04,16,,
6,KUSI MINIMARKET - Silva Santisteban,2025-01-19,1,82.95,7,,
3,KUSI MINIMARKET - Amalia Puga,2025-01-23,5,495.58,31,,
3,KUSI MINIMARKET - Amalia Puga,2025-02-03,2,319.54,21,,
3,KUSI MINIMARKET - Amalia Puga,2025-02-24,2,350.85,23,Festividad local,Campaña escolar
3,KUSI MINIMARKET - Amalia Puga,2025-03-12,4,317.97,26,Festividad local,Campaña escolar
3,KUSI MINIMARKET - Amalia Puga,2025-03-13,5,450.18,31,Festividad local,Campaña escolar
3,KUSI MINIMARKET - Amalia Puga,2025-04-18,6,449.84,30,Feriado nacional,Jueves/Viernes Santo
3,KUSI MINIMARKET - Amalia Puga,2025-04-24,5,429.55,27,,
3,KUSI MINIMARKET - Amalia Puga,2025-05-07,4,422.4,33,,
3,KUSI MINIMARKET - Amalia Puga,2025-05-11,1,283.18,23,Festividad local,Día de la Madre
6,KUSI MINIMARKET - Silva Santisteban,2025-05-17,7,337.64,20,,
3,KUSI MINIMARKET - Amalia Puga,2025-05-27,3,433.54,29,,
3,KUSI MINIMARKET - Amalia Puga,2025-05-28,4,438.12,32,,
3,KUSI MINIMARKET - Amalia Puga,2025-05-30,6,414.72,27,,
3,KUSI MINIMARKET - Amalia Puga,2025-06-12,5,366.84,25,,
3,KUSI MINIMARKET - Amalia Puga,2025-06-15,1,450.81,27,Festividad local,Día del Padre
3,KUSI MINIMARKET - Amalia Puga,2025-06-22,1,438.07,28,,
3,KUSI MINIMARKET - Amalia Puga,2025-06-25,4,407.56,28,,
6,KUSI MINIMARKET - Silva Santisteban,2025-06-28,7,278.29,20,,
5,KUSI MINIMARKET - San Sebastián,2025-07-18,6,472.44,31,,
3,KUSI MINIMARKET - Amalia Puga,2025-07-27,1,366.91,28,,
3,KUSI MINIMARKET - Amalia Puga,2025-08-01,6,433.47,30,,
3,KUSI MINIMARKET - Amalia Puga,2025-08-03,1,546.21,34,,
3,KUSI MINIMARKET - Amalia Puga,2025-08-20,4,293.91,25,,
6,KUSI MINIMARKET - Silva Santisteban,2023-01-07,7,202.1,16,,
4,KUSI MINIMARKET - Del Comercio,2023-01-19,5,277.61,22,,
4,KUSI MINIMARKET - Del Comercio,2023-01-25,4,384.63,24,,
4,KUSI MINIMARKET - Del Comercio,2023-01-26,5,165.29,13,,
6,KUSI MINIMARKET - Silva Santisteban,2023-02-07,3,231.42,17,,
4,KUSI MINIMARKET - Del Comercio,2023-02-17,6,262.03,21,Festividad local,Campaña escolar
4,KUSI MINIMARKET - Del Comercio,2023-02-23,5,339.53,19,Festividad local,Campaña escolar
4,KUSI MINIMARKET - Del Comercio,2023-03-05,1,382.02,26,Festividad local,Campaña escolar
4,KUSI MINIMARKET - Del Comercio,2023-03-15,4,344.96,22,Festividad local,Campaña escolar
4,KUSI MINIMARKET - Del Comercio,2023-03-17,6,301.79,22,,
4,KUSI MINIMARKET - Del Comercio,2023-04-03,2,454.16,28,Festividad local,Semana Santa
4,KUSI MINIMARKET - Del Comercio,2023-04-07,6,457.64,31,Feriado nacional,Jueves/Viernes Santo
4,KUSI MINIMARKET - Del Comercio,2023-04-17,2,436.82,29,,
4,KUSI MINIMARKET - Del Comercio,2023-04-18,3,337.85,26,,
4,KUSI MINIMARKET - Del Comercio,2023-04-24,2,344.44,22,,
4,KUSI MINIMARKET - Del Comercio,2023-04-26,4,524.37,35,,
5,KUSI MINIMARKET - San Sebastián,2023-05-25,5,312.05,21,,
4,KUSI MINIMARKET - Del Comercio,2023-05-25,5,272.04,18,,
4,KUSI MINIMARKET - Del Comercio,2023-05-28,1,429.77,25,,
4,KUSI MINIMARKET - Del Comercio,2023-06-04,1,319.71,27,,
3,KUSI MINIMARKET - Amalia Puga,2024-01-03,4,286.81,22,,
3,KUSI MINIMARKET - Amalia Puga,2024-10-28,2,272.22,19,,
7,KUSI MINIMARKET - San Roque,2025-04-02,4,229.64,16,,
7,KUSI MINIMARKET - San Roque,2025-05-21,4,269.52,21,,
3,KUSI MINIMARKET - Amalia Puga,2025-06-05,5,592.29,38,,
4,KUSI MINIMARKET - Del Comercio,2023-01-11,4,415.35,24,,
4,KUSI MINIMARKET - Del Comercio,2023-06-21,4,351.01,22,,
4,KUSI MINIMARKET - Del Comercio,2023-07-09,1,273.94,22,,
4,KUSI MINIMARKET - Del Comercio,2023-07-10,2,256.26,18,,
4,KUSI MINIMARKET - Del Comercio,2023-07-22,7,408.63,25,,
4,KUSI MINIMARKET - Del Comercio,2023-07-26,4,403.35,24,,
4,KUSI MINIMARKET - Del Comercio,2023-07-27,5,410.51,28,,
5,KUSI MINIMARKET - San Sebastián,2023-08-04,6,377.26,25,,
5,KUSI MINIMARKET - San Sebastián,2023-08-10,5,210.67,15,,
4,KUSI MINIMARKET - Del Comercio,2023-08-23,4,388.88,24,,
4,KUSI MINIMARKET - Del Comercio,2023-09-08,6,294.14,20,,
4,KUSI MINIMARKET - Del Comercio,2023-09-10,1,312.11,23,,
4,KUSI MINIMARKET - Del Comercio,2023-09-20,4,292.95,23,,
4,KUSI MINIMARKET - Del Comercio,2023-10-08,1,390.18,28,Feriado nacional,Combate de Angamos
4,KUSI MINIMARKET - Del Comercio,2023-10-13,6,372.76,25,,
4,KUSI MINIMARKET - Del Comercio,2023-10-17,3,340.58,24,,
4,KUSI MINIMARKET - Del Comercio,2023-10-26,5,331.95,25,,
4,KUSI MINIMARKET - Del Comercio,2023-11-05,1,247.83,19,,
4,KUSI MINIMARKET - Del Comercio,2023-11-11,7,326.44,20,,
4,KUSI MINIMARKET - Del Comercio,2023-11-16,5,307.82,25,,
4,KUSI MINIMARKET - Del Comercio,2023-11-17,6,355.18,28,,
7,KUSI MINIMARKET - San Roque,2023-11-20,2,118.79,10,,
6,KUSI MINIMARKET - Silva Santisteban,2023-12-11,2,411.01,29,,
7,KUSI MINIMARKET - San Roque,2023-12-27,4,262.27,16,Festividad local,Fin de año
4,KUSI MINIMARKET - Del Comercio,2023-12-31,1,388.55,28,Festividad local,Fin de año
4,KUSI MINIMARKET - Del Comercio,2024-01-12,6,351.84,23,,
4,KUSI MINIMARKET - Del Comercio,2024-01-18,5,185.63,15,,
4,KUSI MINIMARKET - Del Comercio,2024-01-23,3,263.78,25,,
4,KUSI MINIMARKET - Del Comercio,2024-02-14,4,360.8,28,Festividad local,Día del Amor y la Amistad
6,KUSI MINIMARKET - Silva Santisteban,2024-02-19,2,231.46,20,Festividad local,Campaña escolar
4,KUSI MINIMARKET - Del Comercio,2024-02-20,3,133.51,12,Festividad local,Campaña escolar
4,KUSI MINIMARKET - Del Comercio,2024-02-27,3,399.4,30,Festividad local,Campaña escolar
4,KUSI MINIMARKET - Del Comercio,2024-03-09,7,373.7,25,Festividad local,Campaña escolar
5,KUSI MINIMARKET - San Sebastián,2024-03-15,6,330.76,15,Festividad local,Campaña escolar
4,KUSI MINIMARKET - Del Comercio,2024-04-01,2,390.61,21,,
4,KUSI MINIMARKET - Del Comercio,2024-04-18,5,372.16,24,,
4,KUSI MINIMARKET - Del Comercio,2024-04-21,1,283.83,20,,
4,KUSI MINIMARKET - Del Comercio,2024-04-30,3,296.3,22,,
4,KUSI MINIMARKET - Del Comercio,2024-05-04,7,281.36,20,,
4,KUSI MINIMARKET - Del Comercio,2024-05-08,4,394.04,31,,
4,KUSI MINIMARKET - Del Comercio,2024-05-12,1,401.69,25,Festividad local,Día de la Madre
4,KUSI MINIMARKET - Del Comercio,2024-05-25,7,332.12,26,,
4,KUSI MINIMARKET - Del Comercio,2024-05-27,2,498.95,32,,
4,KUSI MINIMARKET - Del Comercio,2024-05-31,6,499.26,30,,
7,KUSI MINIMARKET - San Roque,2024-06-03,2,186.27,15,,
4,KUSI MINIMARKET - Del Comercio,2024-06-16,1,277.58,26,Festividad local,Día del Padre
4,KUSI MINIMARKET - Del Comercio,2024-06-19,4,401.29,24,,
4,KUSI MINIMARKET - Del Comercio,2024-06-25,3,203.56,17,,
4,KUSI MINIMARKET - Del Comercio,2024-06-26,4,273.37,20,,
5,KUSI MINIMARKET - San Sebastián,2024-07-02,3,320.79,23,,
4,KUSI MINIMARKET - Del Comercio,2024-07-12,6,473.41,27,,
4,KUSI MINIMARKET - Del Comercio,2024-07-22,2,482.57,32,,
4,KUSI MINIMARKET - Del Comercio,2024-07-26,6,509.17,34,,
4,KUSI MINIMARKET - Del Comercio,2024-07-30,3,281.3,19,,
4,KUSI MINIMARKET - Del Comercio,2024-08-14,4,250.69,19,,
4,KUSI MINIMARKET - Del Comercio,2024-08-20,3,388.36,29,,
4,KUSI MINIMARKET - Del Comercio,2024-09-04,4,325.2,24,,
4,KUSI MINIMARKET - Del Comercio,2024-09-06,6,451.63,25,,
4,KUSI MINIMARKET - Del Comercio,2024-09-07,7,320.81,25,,
4,KUSI MINIMARKET - Del Comercio,2024-09-13,6,370.68,22,,
4,KUSI MINIMARKET - Del Comercio,2024-09-22,1,377.13,28,,
4,KUSI MINIMARKET - Del Comercio,2024-10-12,7,101.85,10,,
7,KUSI MINIMARKET - San Roque,2024-10-14,2,241.86,17,,
7,KUSI MINIMARKET - San Roque,2024-10-21,2,214.71,16,,
4,KUSI MINIMARKET - Del Comercio,2024-10-28,2,321.2,26,,
6,KUSI MINIMARKET - Silva Santisteban,2024-11-04,2,312.34,21,,
4,KUSI MINIMARKET - Del Comercio,2024-11-13,4,394.47,26,,
4,KUSI MINIMARKET - Del Comercio,2024-11-23,7,262.5,21,,
4,KUSI MINIMARKET - Del Comercio,2024-12-02,2,225.29,17,,
4,KUSI MINIMARKET - Del Comercio,2024-12-10,3,390.11,31,,
7,KUSI MINIMARKET - San Roque,2024-12-15,1,280.47,26,Festividad local,Campaña navideña
4,KUSI MINIMARKET - Del Comercio,2024-12-21,7,405.21,25,Festividad local,Campaña navideña
4,KUSI MINIMARKET - Del Comercio,2024-12-22,1,474.18,33,Festividad local,Campaña navideña
4,KUSI MINIMARKET - Del Comercio,2024-12-23,2,479.06,33,Festividad local,Campaña navideña
4,KUSI MINIMARKET - Del Comercio,2025-01-01,4,415.95,27,Feriado nacional,Año Nuevo
4,KUSI MINIMARKET - Del Comercio,2025-02-06,5,381.13,25,,
4,KUSI MINIMARKET - Del Comercio,2025-02-12,4,496.2,32,,
4,KUSI MINIMARKET - Del Comercio,2025-02-13,5,428.92,29,,
4,KUSI MINIMARKET - Del Comercio,2025-02-15,7,585.27,38,Festividad local,Campaña escolar
4,KUSI MINIMARKET - Del Comercio,2025-02-17,2,252.38,23,Festividad local,Campaña escolar
4,KUSI MINIMARKET - Del Comercio,2025-02-19,4,331.14,23,Festividad local,Campaña escolar
4,KUSI MINIMARKET - Del Comercio,2025-02-21,6,514.95,37,Festividad local,Campaña escolar
4,KUSI MINIMARKET - Del Comercio,2025-03-11,3,419.11,28,Festividad local,Campaña escolar
4,KUSI MINIMARKET - Del Comercio,2025-03-19,4,480.13,32,,
4,KUSI MINIMARKET - Del Comercio,2025-03-25,3,541.7,34,,
4,KUSI MINIMARKET - Del Comercio,2025-04-01,3,365.14,24,,
4,KUSI MINIMARKET - Del Comercio,2025-04-08,3,458.57,29,,
5,KUSI MINIMARKET - San Sebastián,2025-04-10,5,319.47,22,,
4,KUSI MINIMARKET - Del Comercio,2025-04-28,2,402.39,28,,
4,KUSI MINIMARKET - Del Comercio,2025-05-06,3,634.48,38,,
4,KUSI MINIMARKET - Del Comercio,2025-05-09,6,555.58,33,,
4,KUSI MINIMARKET - Del Comercio,2025-05-17,7,576.17,42,,
4,KUSI MINIMARKET - Del Comercio,2025-05-29,5,436.5,26,,
4,KUSI MINIMARKET - Del Comercio,2025-06-03,3,321.55,25,,
4,KUSI MINIMARKET - Del Comercio,2025-06-12,5,333.48,23,,
4,KUSI MINIMARKET - Del Comercio,2025-06-25,4,444.1,25,,
4,KUSI MINIMARKET - Del Comercio,2025-06-26,5,427.67,29,,
4,KUSI MINIMARKET - Del Comercio,2025-07-06,1,386.25,34,,
4,KUSI MINIMARKET - Del Comercio,2025-07-08,3,473.08,32,,
7,KUSI MINIMARKET - San Roque,2025-07-12,7,292.27,19,,
4,KUSI MINIMARKET - Del Comercio,2025-07-20,1,535.32,33,,
4,KUSI MINIMARKET - Del Comercio,2025-07-26,7,680.76,39,,
4,KUSI MINIMARKET - Del Comercio,2025-07-30,4,212.75,20,,
4,KUSI MINIMARKET - Del Comercio,2025-08-06,4,490.54,32,,
4,KUSI MINIMARKET - Del Comercio,2025-08-07,5,376.31,32,,
4,KUSI MINIMARKET - Del Comercio,2025-08-08,6,297.91,19,,
4,KUSI MINIMARKET - Del Comercio,2025-08-12,3,394.49,32,,
4,KUSI MINIMARKET - Del Comercio,2025-08-26,3,603.56,34,,
4,KUSI MINIMARKET - Del Comercio,2024-06-20,5,581.33,38,,
3,KUSI MINIMARKET - Amalia Puga,2024-07-16,3,325.01,18,,
3,KUSI MINIMARKET - Amalia Puga,2024-11-12,3,199.88,19,,
3,KUSI MINIMARKET - Amalia Puga,2024-02-22,5,323.06,19,Festividad local,Campaña escolar
1,KUSI MINIMARKET - Vía de Evitamiento Norte,2023-09-04,2,679.43,42,,
1,KUSI MINIMARKET - Vía de Evitamiento Norte,2024-07-03,4,697.26,49,,
5,KUSI MINIMARKET - San Sebastián,2024-07-14,1,264.46,21,,
7,KUSI MINIMARKET - San Roque,2025-01-23,5,289.39,19,,
7,KUSI MINIMARKET - San Roque,2024-08-02,6,269.96,15,,
5,KUSI MINIMARKET - San Sebastián,2025-04-07,2,125.9,14,,
4,KUSI MINIMARKET - Del Comercio,2024-05-30,5,389.4,28,Festividad local,Corpus Christi
2,KUSI MINIMARKET - Hoyos Rubio,2023-04-11,3,344.97,24,,
3,KUSI MINIMARKET - Amalia Puga,2024-01-13,7,269.19,21,,
7,KUSI MINIMARKET - San Roque,2023-03-06,2,191.21,14,Festividad local,Campaña escolar
7,KUSI MINIMARKET - San Roque,2024-11-09,7,280.42,18,,
2,KUSI MINIMARKET - Hoyos Rubio,2025-07-12,7,477.62,33,,
7,KUSI MINIMARKET - San Roque,2024-10-09,4,180.87,11,,
6,KUSI MINIMARKET - Silva Santisteban,2024-09-16,2,302.06,21,,
3,KUSI MINIMARKET - Amalia Puga,2024-04-24,4,337.85,24,,
5,KUSI MINIMARKET - San Sebastián,2025-04-15,3,323.58,25,Festividad local,Semana Santa
3,KUSI MINIMARKET - Amalia Puga,2023-04-02,1,385.73,27,Festividad local,Semana Santa
3,KUSI MINIMARKET - Amalia Puga,2025-03-25,3,373.75,31,,
3,KUSI MINIMARKET - Amalia Puga,2025-03-04,3,446.93,32,Festividad local,Campaña escolar
5,KUSI MINIMARKET - San Sebastián,2025-03-22,7,226.42,17,,
2,KUSI MINIMARKET - Hoyos Rubio,2025-03-27,5,366.38,26,,
6,KUSI MINIMARKET - Silva Santisteban,2025-03-30,1,172.42,14,,
7,KUSI MINIMARKET - San Roque,2025-04-15,3,398.5,27,Festividad local,Semana Santa
6,KUSI MINIMARKET - Silva Santisteban,2025-06-30,2,465.92,24,,
6,KUSI MINIMARKET - Silva Santisteban,2025-07-26,7,301.81,24,,
3,KUSI MINIMARKET - Amalia Puga,2023-02-08,4,312.96,19,,
7,KUSI MINIMARKET - San Roque,2023-04-06,5,290.19,19,Feriado nacional,Jueves/Viernes Santo
3,KUSI MINIMARKET - Amalia Puga,2023-04-14,6,397.43,21,,
3,KUSI MINIMARKET - Amalia Puga,2023-04-22,7,401.87,28,,
5,KUSI MINIMARKET - San Sebastián,2023-04-26,4,274.58,19,,
3,KUSI MINIMARKET - Amalia Puga,2023-05-31,4,327.6,27,,
3,KUSI MINIMARKET - Amalia Puga,2023-07-03,2,354.85,27,,
3,KUSI MINIMARKET - Amalia Puga,2023-08-05,7,271.06,17,,
3,KUSI MINIMARKET - Amalia Puga,2023-10-03,3,389.06,28,,
7,KUSI MINIMARKET - San Roque,2023-11-08,4,161.42,14,,
3,KUSI MINIMARKET - Amalia Puga,2023-11-29,4,397.31,24,,
3,KUSI MINIMARKET - Amalia Puga,2023-12-18,2,337.65,23,Festividad local,Campaña navideña
7,KUSI MINIMARKET - San Roque,2023-12-28,5,291.32,21,Festividad local,Fin de año
3,KUSI MINIMARKET - Amalia Puga,2024-02-05,2,266.38,20,,
3,KUSI MINIMARKET - Amalia Puga,2024-02-15,5,341.67,24,Festividad local,Campaña escolar
3,KUSI MINIMARKET - Amalia Puga,2024-02-16,6,443.84,30,Festividad local,Campaña escolar
7,KUSI MINIMARKET - San Roque,2024-02-20,3,174.99,12,Festividad local,Campaña escolar
3,KUSI MINIMARKET - Amalia Puga,2024-06-15,7,258.13,17,,
3,KUSI MINIMARKET - Amalia Puga,2024-06-17,2,406.25,26,,
7,KUSI MINIMARKET - San Roque,2024-07-27,7,203.26,12,,
6,KUSI MINIMARKET - Silva Santisteban,2024-08-05,2,294.3,19,,
3,KUSI MINIMARKET - Amalia Puga,2024-09-28,7,296.43,23,,
3,KUSI MINIMARKET - Amalia Puga,2024-11-06,4,383.09,28,,
3,KUSI MINIMARKET - Amalia Puga,2024-11-07,5,322.54,25,,
7,KUSI MINIMARKET - San Roque,2025-01-03,6,222.97,15,,
6,KUSI MINIMARKET - Silva Santisteban,2025-03-16,1,427.22,23,,
7,KUSI MINIMARKET - San Roque,2025-05-28,4,225.92,15,,
3,KUSI MINIMARKET - Amalia Puga,2025-08-24,1,413.15,27,,
5,KUSI MINIMARKET - San Sebastián,2023-02-02,5,319.33,20,,
4,KUSI MINIMARKET - Del Comercio,2023-02-09,5,353.9,22,,
4,KUSI MINIMARKET - Del Comercio,2023-02-10,6,164.32,11,,
5,KUSI MINIMARKET - San Sebastián,2023-04-24,2,249.52,17,,
7,KUSI MINIMARKET - San Roque,2023-03-27,2,171.17,12,,
6,KUSI MINIMARKET - Silva Santisteban,2023-06-17,7,275.25,25,,
4,KUSI MINIMARKET - Del Comercio,2023-07-29,7,363.57,26,Feriado nacional,Fiestas Patrias
4,KUSI MINIMARKET - Del Comercio,2023-08-03,5,389.63,29,,
4,KUSI MINIMARKET - Del Comercio,2023-09-06,4,307.56,19,,
4,KUSI MINIMARKET - Del Comercio,2023-10-27,6,388.68,34,,
6,KUSI MINIMARKET - Silva Santisteban,2023-11-02,5,195.05,12,,
4,KUSI MINIMARKET - Del Comercio,2023-12-07,5,331.95,24,,
4,KUSI MINIMARKET - Del Comercio,2023-12-22,6,302.94,23,Festividad local,Campaña navideña
6,KUSI MINIMARKET - Silva Santisteban,2023-12-23,7,217.68,19,Festividad local,Campaña navideña
4,KUSI MINIMARKET - Del Comercio,2024-01-10,4,264.71,18,,
4,KUSI MINIMARKET - Del Comercio,2024-03-24,1,288.33,24,Festividad local,Semana Santa
4,KUSI MINIMARKET - Del Comercio,2024-06-02,1,238.73,18,,
4,KUSI MINIMARKET - Del Comercio,2024-06-07,6,360.28,21,,
4,KUSI MINIMARKET - Del Comercio,2024-07-07,1,423.24,34,,
4,KUSI MINIMARKET - Del Comercio,2024-07-24,4,293.9,20,,
4,KUSI MINIMARKET - Del Comercio,2024-08-02,6,339.57,28,,
4,KUSI MINIMARKET - Del Comercio,2024-09-24,3,445.06,33,,
4,KUSI MINIMARKET - Del Comercio,2024-09-28,7,189.98,16,,
4,KUSI MINIMARKET - Del Comercio,2025-07-25,6,346.31,23,,
6,KUSI MINIMARKET - Silva Santisteban,2024-12-17,3,343.15,21,Festividad local,Campaña navideña
3,KUSI MINIMARKET - Amalia Puga,2023-03-06,2,344.08,21,Festividad local,Campaña escolar
4,KUSI MINIMARKET - Del Comercio,2024-10-19,7,303.31,20,,
7,KUSI MINIMARKET - San Roque,2024-10-25,6,218.4,17,,
6,KUSI MINIMARKET - Silva Santisteban,2024-11-09,7,226.4,16,,
5,KUSI MINIMARKET - San Sebastián,2024-11-26,3,228.63,16,,
4,KUSI MINIMARKET - Del Comercio,2025-04-05,7,474.14,35,,
7,KUSI MINIMARKET - San Roque,2025-04-08,3,218.11,17,,
4,KUSI MINIMARKET - Del Comercio,2025-05-28,4,345.99,27,,
4,KUSI MINIMARKET - Del Comercio,2025-08-09,7,322.83,28,,
6,KUSI MINIMARKET - Silva Santisteban,2024-08-04,1,372.78,19,,
5,KUSI MINIMARKET - San Sebastián,2023-09-30,7,217.07,16,,
6,KUSI MINIMARKET - Silva Santisteban,2024-05-13,2,280.9,16,,
7,KUSI MINIMARKET - San Roque,2023-10-29,1,214.46,19,,
5,KUSI MINIMARKET - San Sebastián,2023-01-11,4,190.61,17,,
3,KUSI MINIMARKET - Amalia Puga,2024-10-18,6,394.9,25,,
5,KUSI MINIMARKET - San Sebastián,2024-06-12,4,336.31,22,,
2,KUSI MINIMARKET - Hoyos Rubio,2025-03-25,3,374.82,26,,
4,KUSI MINIMARKET - Del Comercio,2024-02-12,2,305.8,19,Festividad local,Carnaval de Cajamarca
5,KUSI MINIMARKET - San Sebastián,2024-09-07,7,194.77,15,,
2,KUSI MINIMARKET - Hoyos Rubio,2023-06-19,2,318.94,23,,
7,KUSI MINIMARKET - San Roque,2024-03-15,6,278.8,20,Festividad local,Campaña escolar
3,KUSI MINIMARKET - Amalia Puga,2025-02-10,2,428.68,27,,
7,KUSI MINIMARKET - San Roque,2025-07-02,4,305.54,18,,
5,KUSI MINIMARKET - San Sebastián,2024-10-04,6,210.09,14,,
5,KUSI MINIMARKET - San Sebastián,2024-02-07,4,253.55,19,,
5,KUSI MINIMARKET - San Sebastián,2023-08-30,4,246.17,22,Feriado nacional,Santa Rosa de Lima
7,KUSI MINIMARKET - San Roque,2025-07-30,4,403.81,29,,
2,KUSI MINIMARKET - Hoyos Rubio,2023-01-01,1,272.73,25,Feriado nacional,Año Nuevo
3,KUSI MINIMARKET - Amalia Puga,2025-03-06,5,359.05,23,Festividad local,Campaña escolar
4,KUSI MINIMARKET - Del Comercio,2024-10-14,2,299.63,18,,
7,KUSI MINIMARKET - San Roque,2024-05-15,4,213.05,16,,
4,KUSI MINIMARKET - Del Comercio,2023-12-05,3,536.17,36,,
6,KUSI MINIMARKET - Silva Santisteban,2023-02-10,6,214.41,18,,
7,KUSI MINIMARKET - San Roque,2023-11-06,2,133.24,12,,
5,KUSI MINIMARKET - San Sebastián,2023-01-14,7,305.57,18,,
5,KUSI MINIMARKET - San Sebastián,2024-01-12,6,308.29,19,,
7,KUSI MINIMARKET - San Roque,2023-05-13,7,156.03,12,,
5,KUSI MINIMARKET - San Sebastián,2023-12-15,6,196.03,10,Festividad local,Campaña navideña
7,KUSI MINIMARKET - San Roque,2023-08-18,6,207.63,15,,
7,KUSI MINIMARKET - San Roque,2024-11-22,6,243.53,18,,
3,KUSI MINIMARKET - Amalia Puga,2023-12-03,1,352.79,26,,
7,KUSI MINIMARKET - San Roque,2023-02-04,7,191.19,16,,
7,KUSI MINIMARKET - San Roque,2023-08-20,1,159.28,16,,
6,KUSI MINIMARKET - Silva Santisteban,2023-07-31,2,217.2,11,,
7,KUSI MINIMARKET - San Roque,2025-04-19,7,198.16,16,Festividad local,Semana Santa
5,KUSI MINIMARKET - San Sebastián,2025-06-09,2,319.72,20,,
6,KUSI MINIMARKET - Silva Santisteban,2025-06-07,7,245.92,18,,
5,KUSI MINIMARKET - San Sebastián,2023-05-28,1,274.49,22,,
3,KUSI MINIMARKET - Amalia Puga,2023-02-22,4,397.53,25,Festividad local,Campaña escolar
3,KUSI MINIMARKET - Amalia Puga,2023-08-14,2,225.66,21,,
6,KUSI MINIMARKET - Silva Santisteban,2024-07-16,3,429.78,25,,
4,KUSI MINIMARKET - Del Comercio,2025-06-06,6,290.1,23,,
2,KUSI MINIMARKET - Hoyos Rubio,2024-02-04,1,313.27,26,,
6,KUSI MINIMARKET - Silva Santisteban,2024-05-22,4,223.96,24,,
6,KUSI MINIMARKET - Silva Santisteban,2023-05-18,5,224.47,14,,
7,KUSI MINIMARKET - San Roque,2024-03-08,6,243.67,15,Festividad local,Campaña escolar
7,KUSI MINIMARKET - San Roque,2025-06-03,3,184.14,17,,
5,KUSI MINIMARKET - San Sebastián,2025-06-19,5,428.11,23,Festividad local,Corpus Christi
7,KUSI MINIMARKET - San Roque,2023-09-07,5,221.12,16,,
5,KUSI MINIMARKET - San Sebastián,2024-09-25,4,255.76,19,,
3,KUSI MINIMARKET - Amalia Puga,2025-01-27,2,568.14,35,,
5,KUSI MINIMARKET - San Sebastián,2024-12-18,4,336.25,24,Festividad local,Campaña navideña
7,KUSI MINIMARKET - San Roque,2023-12-22,6,309.55,20,Festividad local,Campaña navideña
7,KUSI MINIMARKET - San Roque,2024-02-26,2,307.7,21,Festividad local,Campaña escolar
7,KUSI MINIMARKET - San Roque,2023-09-01,6,178.0,14,,
5,KUSI MINIMARKET - San Sebastián,2024-12-15,1,333.2,21,Festividad local,Campaña navideña
7,KUSI MINIMARKET - San Roque,2023-12-21,5,257.27,19,Festividad local,Campaña navideña
7,KUSI MINIMARKET - San Roque,2025-08-07,5,374.21,22,,
7,KUSI MINIMARKET - San Roque,2023-10-06,6,139.41,10,,
3,KUSI MINIMARKET - Amalia Puga,2023-11-13,2,220.34,15,,
6,KUSI MINIMARKET - Silva Santisteban,2024-04-13,7,202.43,16,,
5,KUSI MINIMARKET - San Sebastián,2025-03-11,3,266.49,18,Festividad local,Campaña escolar
7,KUSI MINIMARKET - San Roque,2023-05-14,1,119.07,8,Festividad local,Día de la Madre
6,KUSI MINIMARKET - Silva Santisteban,2023-10-14,7,300.83,16,,
5,KUSI MINIMARKET - San Sebastián,2024-03-30,7,150.09,11,Festividad local,Semana Santa
7,KUSI MINIMARKET - San Roque,2025-08-23,7,270.47,17,,
5,KUSI MINIMARKET - San Sebastián,2024-04-08,2,399.93,27,,
5,KUSI MINIMARKET - San Sebastián,2023-02-08,4,141.89,13,,
6,KUSI MINIMARKET - Silva Santisteban,2023-08-12,7,147.76,11,,
4,KUSI MINIMARKET - Del Comercio,2024-03-21,5,287.79,20,,
7,KUSI MINIMARKET - San Roque,2023-09-05,3,165.95,9,,
5,KUSI MINIMARKET - San Sebastián,2025-02-11,3,292.23,18,,
6,KUSI MINIMARKET - Silva Santisteban,2024-06-24,2,249.36,15,,
4,KUSI MINIMARKET - Del Comercio,2023-01-27,6,195.12,13,,
5,KUSI MINIMARKET - San Sebastián,2023-11-06,2,242.94,19,,
5,KUSI MINIMARKET - San Sebastián,2024-02-17,7,219.39,17,Festividad local,Campaña escolar
4,KUSI MINIMARKET - Del Comercio,2023-08-24,5,354.1,25,,
6,KUSI MINIMARKET - Silva Santisteban,2024-08-18,1,124.47,11,,
7,KUSI MINIMARKET - San Roque,2023-01-10,3,152.71,13,,
3,KUSI MINIMARKET - Amalia Puga,2025-02-05,4,342.17,23,,
4,KUSI MINIMARKET - Del Comercio,2024-01-01,2,176.25,15,Feriado nacional,Año Nuevo
4,KUSI MINIMARKET - Del Comercio,2025-04-27,1,326.04,24,,
4,KUSI MINIMARKET - Del Comercio,2024-10-09,4,283.36,20,,
5,KUSI MINIMARKET - San Sebastián,2023-12-22,6,278.18,18,Festividad local,Campaña navideña
2,KUSI MINIMARKET - Hoyos Rubio,2024-10-30,4,522.21,33,,
5,KUSI MINIMARKET - San Sebastián,2025-05-06,3,220.56,18,,
6,KUSI MINIMARKET - Silva Santisteban,2025-05-08,5,366.56,20,,
7,KUSI MINIMARKET - San Roque,2024-12-02,2,330.63,21,,
6,KUSI MINIMARKET - Silva Santisteban,2023-08-05,7,210.34,17,,
5,KUSI MINIMARKET - San Sebastián,2023-05-02,3,188.35,13,,
5,KUSI MINIMARKET - San Sebastián,2024-02-06,3,222.15,18,,
6,KUSI MINIMARKET - Silva Santisteban,2023-02-05,1,193.89,13,,
6,KUSI MINIMARKET - Silva Santisteban,2025-05-29,5,304.93,19,,
7,KUSI MINIMARKET - San Roque,2024-09-02,2,252.5,14,,
6,KUSI MINIMARKET - Silva Santisteban,2024-04-11,5,308.54,19,,
3,KUSI MINIMARKET - Amalia Puga,2024-08-18,1,302.59,25,,
7,KUSI MINIMARKET - San Roque,2023-01-06,6,125.35,10,,
6,KUSI MINIMARKET - Silva Santisteban,2024-06-11,3,178.16,12,,
4,KUSI MINIMARKET - Del Comercio,2024-10-15,3,285.33,16,,
6,KUSI MINIMARKET - Silva Santisteban,2023-10-07,7,215.06,15,,
7,KUSI MINIMARKET - San Roque,2023-06-21,4,133.01,10,,
4,KUSI MINIMARKET - Del Comercio,2024-02-24,7,330.57,24,Festividad local,Campaña escolar
3,KUSI MINIMARKET - Amalia Puga,2023-07-15,7,483.04,33,,
7,KUSI MINIMARKET - San Roque,2025-05-26,2,315.85,20,,
4,KUSI MINIMARKET - Del Comercio,2025-08-21,5,363.87,27,,
7,KUSI MINIMARKET - San Roque,2024-02-21,4,242.56,13,Festividad local,Campaña escolar
3,KUSI MINIMARKET - Amalia Puga,2023-02-19,1,298.67,24,Festividad local,Campaña escolar
6,KUSI MINIMARKET - Silva Santisteban,2023-10-17,3,372.79,21,,
6,KUSI MINIMARKET - Silva Santisteban,2024-11-26,3,147.6,11,,
7,KUSI MINIMARKET - San Roque,2024-08-27,3,142.98,9,,
6,KUSI MINIMARKET - Silva Santisteban,2023-08-10,5,260.18,20,,
1,KUSI MINIMARKET - Vía de Evitamiento Norte,2025-04-27,1,972.27,64,,
7,KUSI MINIMARKET - San Roque,2024-08-06,3,164.83,12,,
7,KUSI MINIMARKET - San Roque,2025-06-25,4,232.89,21,,
5,KUSI MINIMARKET - San Sebastián,2024-10-02,4,91.98,11,,
1,KUSI MINIMARKET - Vía de Evitamiento Norte,2023-01-01,1,368.32,30,Feriado nacional,Año Nuevo
1,KUSI MINIMARKET - Vía de Evitamiento Norte,2023-01-06,6,639.68,42,,
1,KUSI MINIMARKET - Vía de Evitamiento Norte,2023-01-08,1,668.41,46,,
1,KUSI MINIMARKET - Vía de Evitamiento Norte,2023-01-10,3,499.27,37,,
6,KUSI MINIMARKET - Silva Santisteban,2023-01-18,4,229.87,16,,
1,KUSI MINIMARKET - Vía de Evitamiento Norte,2023-01-19,5,630.0,42,,
1,KUSI MINIMARKET - Vía de Evitamiento Norte,2023-02-08,4,699.07,50,,
5,KUSI MINIMARKET - San Sebastián,2023-02-14,3,263.58,17,Festividad local,Día del Amor y la Amistad
1,KUSI MINIMARKET - Vía de Evitamiento Norte,2023-02-16,5,516.51,32,Festividad local,Campaña escolar
1,KUSI MINIMARKET - Vía de Evitamiento Norte,2023-02-21,3,505.94,41,Festividad local,Campaña escolar
6,KUSI MINIMARKET - Silva Santisteban,2023-02-24,6,117.62,10,Festividad local,Campaña escolar
1,KUSI MINIMARKET - Vía de Evitamiento Norte,2023-03-01,4,674.15,52,Festividad local,Campaña escolar
1,KUSI MINIMARKET - Vía de Evitamiento Norte,2023-03-10,6,645.43,46,Festividad local,Campaña escolar
1,KUSI MINIMARKET - Vía de Evitamiento Norte,2023-03-11,7,606.45,47,Festividad local,Campaña escolar
1,KUSI MINIMARKET - Vía de Evitamiento Norte,2023-03-18,7,701.04,49,,
1,KUSI MINIMARKET - Vía de Evitamiento Norte,2023-03-29,4,596.11,44,,
1,KUSI MINIMARKET - Vía de Evitamiento Norte,2023-03-31,6,611.26,49,,
5,KUSI MINIMARKET - San Sebastián,2023-04-01,7,468.15,25,,
1,KUSI MINIMARKET - Vía de Evitamiento Norte,2023-04-09,1,507.52,37,Festividad local,Semana Santa
1,KUSI MINIMARKET - Vía de Evitamiento Norte,2023-04-18,3,832.52,53,,
5,KUSI MINIMARKET - San Sebastián,2023-05-09,3,225.54,17,,
7,KUSI MINIMARKET - San Roque,2023-05-09,3,145.17,13,,
1,KUSI MINIMARKET - Vía de Evitamiento Norte,2023-05-14,1,915.34,67,Festividad local,Día de la Madre
1,KUSI MINIMARKET - Vía de Evitamiento Norte,2023-05-16,3,582.93,36,,
1,KUSI MINIMARKET - Vía de Evitamiento Norte,2023-05-19,6,881.51,64,,
7,KUSI MINIMARKET - San Roque,2023-05-21,1,293.55,20,,
1,KUSI MINIMARKET - Vía de Evitamiento Norte,2023-05-23,3,659.56,47,,
7,KUSI MINIMARKET - San Roque,2023-05-24,4,366.5,22,,
1,KUSI MINIMARKET - Vía de Evitamiento Norte,2023-05-26,6,728.62,55,,
1,KUSI MINIMARKET - Vía de Evitamiento Norte,2023-06-07,4,698.84,47,,
6,KUSI MINIMARKET - Silva Santisteban,2023-06-08,5,286.29,17,Festividad local,Corpus Christi
1,KUSI MINIMARKET - Vía de Evitamiento Norte,2023-06-20,3,554.79,39,,
7,KUSI MINIMARKET - San Roque,2023-06-22,5,305.81,19,,
1,KUSI MINIMARKET - Vía de Evitamiento Norte,2023-06-26,2,781.05,52,,
1,KUSI MINIMARKET - Vía de Evitamiento Norte,2023-07-06,5,694.39,45,,
7,KUSI MINIMARKET - San Roque,2023-07-06,5,221.03,14,,
5,KUSI MINIMARKET - San Sebastián,2023-07-06,5,281.11,18,,
1,KUSI MINIMARKET - Vía de Evitamiento Norte,2023-07-29,7,715.88,56,Feriado nacional,Fiestas Patrias
1,KUSI MINIMARKET - Vía de Evitamiento Norte,2023-08-14,2,874.95,56,,
1,KUSI MINIMARKET - Vía de Evitamiento Norte,2023-08-26,7,545.71,36,,
1,KUSI MINIMARKET - Vía de Evitamiento Norte,2023-09-13,4,589.4,38,,
1,KUSI MINIMARKET - Vía de Evitamiento Norte,2023-09-14,5,687.54,48,,
1,KUSI MINIMARKET - Vía de Evitamiento Norte,2023-09-15,6,544.74,42,,
1,KUSI MINIMARKET - Vía de Evitamiento Norte,2023-09-21,5,615.97,44,,
1,KUSI MINIMARKET - Vía de Evitamiento Norte,2023-09-22,6,506.55,38,,
7,KUSI MINIMARKET - San Roque,2023-09-25,2,430.71,26,,
5,KUSI MINIMARKET - San Sebastián,2023-10-02,2,302.24,22,,
1,KUSI MINIMARKET - Vía de Evitamiento Norte,2023-10-06,6,745.98,53,,
1,KUSI MINIMARKET - Vía de Evitamiento Norte,2023-10-09,2,835.1,55,,
1,KUSI MINIMARKET - Vía de Evitamiento Norte,2023-10-16,2,527.38,41,,
1,KUSI MINIMARKET - Vía de Evitamiento Norte,2023-10-27,6,633.48,50,,
5,KUSI MINIMARKET - San Sebastián,2023-11-02,5,179.49,13,,
1,KUSI MINIMARKET - Vía de Evitamiento Norte,2023-11-04,7,709.66,50,,
1,KUSI MINIMARKET - Vía de Evitamiento Norte,2023-11-06,2,440.07,37,,
1,KUSI MINIMARKET - Vía de Evitamiento Norte,2023-11-14,3,656.8,43,,
1,KUSI MINIMARKET - Vía de Evitamiento Norte,2023-11-28,3,505.95,33,,
7,KUSI MINIMARKET - San Roque,2023-11-29,4,150.77,12,,
7,KUSI MINIMARKET - San Roque,2023-11-30,5,198.42,13,,
7,KUSI MINIMARKET - San Roque,2023-12-13,4,311.94,20,,
1,KUSI MINIMARKET - Vía de Evitamiento Norte,2023-12-21,5,597.81,50,Festividad local,Campaña navideña
1,KUSI MINIMARKET - Vía de Evitamiento Norte,2023-12-22,6,988.34,68,Festividad local,Campaña navideña
7,KUSI MINIMARKET - San Roque,2023-12-23,7,438.12,28,Festividad local,Campaña navideña
1,KUSI MINIMARKET - Vía de Evitamiento Norte,2023-12-23,7,964.31,69,Festividad local,Campaña navideña
1,KUSI MINIMARKET - Vía de Evitamiento Norte,2023-12-24,1,775.63,55,Festividad local,Campaña navideña
1,KUSI MINIMARKET - Vía de Evitamiento Norte,2024-01-20,7,650.25,42,,
1,KUSI MINIMARKET - Vía de Evitamiento Norte,2024-01-25,5,833.1,59,,
1,KUSI MINIMARKET - Vía de Evitamiento Norte,2024-01-31,4,772.86,45,,
6,KUSI MINIMARKET - Silva Santisteban,2024-02-02,6,277.68,17,,
1,KUSI MINIMARKET - Vía de Evitamiento Norte,2024-02-10,7,795.65,53,Festividad local,Carnaval de Cajamarca
1,KUSI MINIMARKET - Vía de Evitamiento Norte,2024-02-16,6,758.93,57,Festividad local,Campaña escolar
5,KUSI MINIMARKET - San Sebastián,2024-02-23,6,285.35,16,Festividad local,Campaña escolar
7,KUSI MINIMARKET - San Roque,2024-02-24,7,142.08,14,Festividad local,Campaña escolar
5,KUSI MINIMARKET - San Sebastián,2024-03-08,6,240.69,17,Festividad local,Campaña escolar
1,KUSI MINIMARKET - Vía de Evitamiento Norte,2024-03-09,7,908.11,54,Festividad local,Campaña escolar
1,KUSI MINIMARKET - Vía de Evitamiento Norte,2024-03-10,1,617.48,50,Festividad local,Campaña escolar
1,KUSI MINIMARKET - Vía de Evitamiento Norte,2024-03-14,5,530.9,39,Festividad local,Campaña escolar
1,KUSI MINIMARKET - Vía de Evitamiento Norte,2024-03-15,6,743.22,52,Festividad local,Campaña escolar
7,KUSI MINIMARKET - San Roque,2024-03-16,7,202.87,13,,
7,KUSI MINIMARKET - San Roque,2024-03-17,1,154.43,12,,
6,KUSI MINIMARKET - Silva Santisteban,2024-03-19,3,438.16,31,,
5,KUSI MINIMARKET - San Sebastián,2024-03-31,1,294.01,18,Festividad local,Semana Santa
1,KUSI MINIMARKET - Vía de Evitamiento Norte,2024-04-10,4,534.37,49,,
5,KUSI MINIMARKET - San Sebastián,2024-04-17,4,381.0,23,,
1,KUSI MINIMARKET - Vía de Evitamiento Norte,2024-04-22,2,758.69,50,,
1,KUSI MINIMARKET - Vía de Evitamiento Norte,2024-04-23,3,689.02,49,,
1,KUSI MINIMARKET - Vía de Evitamiento Norte,2024-04-29,2,559.17,42,,
5,KUSI MINIMARKET - San Sebastián,2024-04-30,3,164.56,13,,
6,KUSI MINIMARKET - Silva Santisteban,2024-05-05,1,337.15,19,,
1,KUSI MINIMARKET - Vía de Evitamiento Norte,2024-05-13,2,829.64,52,,
7,KUSI MINIMARKET - San Roque,2024-05-16,5,264.21,20,,
5,KUSI MINIMARKET - San Sebastián,2024-05-17,6,387.8,25,,
1,KUSI MINIMARKET - Vía de Evitamiento Norte,2024-05-24,6,605.35,49,,
5,KUSI MINIMARKET - San Sebastián,2024-05-26,1,211.57,17,,
1,KUSI MINIMARKET - Vía de Evitamiento Norte,2024-05-31,6,811.88,58,,
1,KUSI MINIMARKET - Vía de Evitamiento Norte,2024-06-06,5,636.92,48,,
1,KUSI MINIMARKET - Vía de Evitamiento Norte,2024-06-08,7,768.47,52,,
1,KUSI MINIMARKET - Vía de Evitamiento Norte,2024-06-10,2,612.78,43,,
1,KUSI MINIMARKET - Vía de Evitamiento Norte,2024-06-21,6,753.64,57,,
6,KUSI MINIMARKET - Silva Santisteban,2024-06-22,7,203.89,11,,
1,KUSI MINIMARKET - Vía de Evitamiento Norte,2024-06-23,1,501.78,37,,
1,KUSI MINIMARKET - Vía de Evitamiento Norte,2024-06-24,2,614.77,47,,
1,KUSI MINIMARKET - Vía de Evitamiento Norte,2024-07-04,5,686.99,48,,
6,KUSI MINIMARKET - Silva Santisteban,2024-07-05,6,331.03,26,,
7,KUSI MINIMARKET - San Roque,2024-07-07,1,298.12,22,,
1,KUSI MINIMARKET - Vía de Evitamiento Norte,2024-07-11,5,917.5,61,,
1,KUSI MINIMARKET - Vía de Evitamiento Norte,2024-07-13,7,828.81,55,,
1,KUSI MINIMARKET - Vía de Evitamiento Norte,2024-07-24,4,613.58,40,,
1,KUSI MINIMARKET - Vía de Evitamiento Norte,2024-08-01,5,433.47,39,,
6,KUSI MINIMARKET - Silva Santisteban,2024-08-02,6,403.11,27,,
6,KUSI MINIMARKET - Silva Santisteban,2024-08-06,3,188.99,11,,
1,KUSI MINIMARKET - Vía de Evitamiento Norte,2024-08-14,4,606.5,42,,
6,KUSI MINIMARKET - Silva Santisteban,2024-08-17,7,268.94,19,,
1,KUSI MINIMARKET - Vía de Evitamiento Norte,2024-08-21,4,600.76,48,,
1,KUSI MINIMARKET - Vía de Evitamiento Norte,2024-08-22,5,747.82,54,,
6,KUSI MINIMARKET - Silva Santisteban,2024-08-27,3,348.02,24,,
1,KUSI MINIMARKET - Vía de Evitamiento Norte,2024-08-27,3,802.24,52,,
1,KUSI MINIMARKET - Vía de Evitamiento Norte,2024-09-02,2,727.5,50,,
5,KUSI MINIMARKET - San Sebastián,2024-09-02,2,383.59,24,,
1,KUSI MINIMARKET - Vía de Evitamiento Norte,2024-09-08,1,542.61,41,,
6,KUSI MINIMARKET - Silva Santisteban,2023-11-26,1,231.2,16,,
7,KUSI MINIMARKET - San Roque,2024-05-09,5,329.85,20,,
1,KUSI MINIMARKET - Vía de Evitamiento Norte,2024-09-10,3,780.45,54,,
6,KUSI MINIMARKET - Silva Santisteban,2024-09-15,1,265.83,16,,
6,KUSI MINIMARKET - Silva Santisteban,2024-09-21,7,241.54,15,,
1,KUSI MINIMARKET - Vía de Evitamiento Norte,2024-09-24,3,770.85,55,,
1,KUSI MINIMARKET - Vía de Evitamiento Norte,2024-09-25,4,747.62,50,,
1,KUSI MINIMARKET - Vía de Evitamiento Norte,2024-10-02,4,605.71,47,,
5,KUSI MINIMARKET - San Sebastián,2024-10-05,7,297.01,18,,
1,KUSI MINIMARKET - Vía de Evitamiento Norte,2024-10-08,3,609.89,40,Feriado nacional,Combate de Angamos
1,KUSI MINIMARKET - Vía de Evitamiento Norte,2024-10-14,2,713.45,47,,
1,KUSI MINIMARKET - Vía de Evitamiento Norte,2024-10-29,3,629.83,46,,
1,KUSI MINIMARKET - Vía de Evitamiento Norte,2024-11-05,3,684.46,50,,
1,KUSI MINIMARKET - Vía de Evitamiento Norte,2024-11-11,2,842.12,61,,
5,KUSI MINIMARKET - San Sebastián,2024-11-14,5,336.5,24,,
1,KUSI MINIMARKET - Vía de Evitamiento Norte,2024-11-17,1,769.14,59,,
1,KUSI MINIMARKET - Vía de Evitamiento Norte,2024-11-26,3,668.79,47,,
1,KUSI MINIMARKET - Vía de Evitamiento Norte,2024-11-27,4,671.31,48,,
5,KUSI MINIMARKET - San Sebastián,2024-12-06,6,228.65,16,,
1,KUSI MINIMARKET - Vía de Evitamiento Norte,2024-12-08,1,837.0,63,Feriado nacional,Inmaculada Concepción
5,KUSI MINIMARKET - San Sebastián,2024-12-17,3,323.76,22,Festividad local,Campaña navideña
1,KUSI MINIMARKET - Vía de Evitamiento Norte,2024-12-19,5,696.26,51,Festividad local,Campaña navideña
1,KUSI MINIMARKET - Vía de Evitamiento Norte,2024-12-28,7,831.61,61,Festividad local,Fin de año
7,KUSI MINIMARKET - San Roque,2024-12-29,1,376.51,27,Festividad local,Fin de año
7,KUSI MINIMARKET - San Roque,2024-12-30,2,286.99,21,Festividad local,Fin de año
1,KUSI MINIMARKET - Vía de Evitamiento Norte,2025-01-01,4,779.38,54,Feriado nacional,Año Nuevo
1,KUSI MINIMARKET - Vía de Evitamiento Norte,2025-01-04,7,735.67,61,,
1,KUSI MINIMARKET - Vía de Evitamiento Norte,2025-01-05,1,417.25,40,,
1,KUSI MINIMARKET - Vía de Evitamiento Norte,2025-01-09,5,796.74,58,,
1,KUSI MINIMARKET - Vía de Evitamiento Norte,2025-01-10,6,743.45,48,,
6,KUSI MINIMARKET - Silva Santisteban,2025-01-17,6,319.59,21,,
7,KUSI MINIMARKET - San Roque,2025-01-18,7,193.8,17,,
1,KUSI MINIMARKET - Vía de Evitamiento Norte,2025-01-22,4,619.07,39,,
1,KUSI MINIMARKET - Vía de Evitamiento Norte,2025-02-06,5,737.73,59,,
1,KUSI MINIMARKET - Vía de Evitamiento Norte,2025-02-09,1,757.16,57,,
5,KUSI MINIMARKET - San Sebastián,2025-02-15,7,507.94,29,Festividad local,Campaña escolar
1,KUSI MINIMARKET - Vía de Evitamiento Norte,2025-02-16,1,802.24,57,Festividad local,Campaña escolar
1,KUSI MINIMARKET - Vía de Evitamiento Norte,2025-02-21,6,848.64,57,Festividad local,Campaña escolar
5,KUSI MINIMARKET - San Sebastián,2025-02-26,4,253.31,20,Festividad local,Campaña escolar
7,KUSI MINIMARKET - San Roque,2025-02-28,6,329.83,21,Festividad local,Campaña escolar
1,KUSI MINIMARKET - Vía de Evitamiento Norte,2025-03-02,1,606.46,55,Festividad local,Campaña escolar
1,KUSI MINIMARKET - Vía de Evitamiento Norte,2025-03-04,3,709.67,60,Festividad local,Campaña escolar
1,KUSI MINIMARKET - Vía de Evitamiento Norte,2025-03-06,5,839.04,63,Festividad local,Campaña escolar
6,KUSI MINIMARKET - Silva Santisteban,2025-03-06,5,345.78,26,Festividad local,Campaña escolar
6,KUSI MINIMARKET - Silva Santisteban,2025-03-28,6,288.8,22,,
1,KUSI MINIMARKET - Vía de Evitamiento Norte,2025-03-29,7,769.78,57,,
1,KUSI MINIMARKET - Vía de Evitamiento Norte,2025-04-02,4,771.95,54,,
6,KUSI MINIMARKET - Silva Santisteban,2025-04-08,3,326.57,22,,
6,KUSI MINIMARKET - Silva Santisteban,2025-04-13,1,167.96,17,Festividad local,Semana Santa
6,KUSI MINIMARKET - Silva Santisteban,2025-04-26,7,327.84,18,,
6,KUSI MINIMARKET - Silva Santisteban,2025-05-01,5,322.45,24,Feriado nacional,Día del Trabajo
7,KUSI MINIMARKET - San Roque,2025-05-02,6,214.72,17,,
5,KUSI MINIMARKET - San Sebastián,2025-05-12,2,360.6,21,,
6,KUSI MINIMARKET - Silva Santisteban,2025-05-15,5,329.76,21,,
5,KUSI MINIMARKET - San Sebastián,2025-05-20,3,411.02,26,,
7,KUSI MINIMARKET - San Roque,2025-05-24,7,277.38,22,,
5,KUSI MINIMARKET - San Sebastián,2025-06-04,4,291.54,19,,
7,KUSI MINIMARKET - San Roque,2025-06-09,2,219.4,18,,
7,KUSI MINIMARKET - San Roque,2025-06-10,3,227.84,19,,
6,KUSI MINIMARKET - Silva Santisteban,2025-06-20,6,314.16,21,,
7,KUSI MINIMARKET - San Roque,2025-06-22,1,289.29,22,,
1,KUSI MINIMARKET - Vía de Evitamiento Norte,2025-06-26,5,687.74,45,,
6,KUSI MINIMARKET - Silva Santisteban,2025-06-27,6,238.31,19,,
1,KUSI MINIMARKET - Vía de Evitamiento Norte,2025-07-09,4,1151.47,73,,
6,KUSI MINIMARKET - Silva Santisteban,2025-07-12,7,453.16,28,,
1,KUSI MINIMARKET - Vía de Evitamiento Norte,2025-07-25,6,893.4,61,,
1,KUSI MINIMARKET - Vía de Evitamiento Norte,2025-07-26,7,836.43,58,,
1,KUSI MINIMARKET - Vía de Evitamiento Norte,2025-07-27,1,651.26,52,,
1,KUSI MINIMARKET - Vía de Evitamiento Norte,2025-07-30,4,853.13,65,,
1,KUSI MINIMARKET - Vía de Evitamiento Norte,2025-08-16,7,908.53,56,,
6,KUSI MINIMARKET - Silva Santisteban,2025-08-17,1,269.24,19,,
1,KUSI MINIMARKET - Vía de Evitamiento Norte,2025-08-18,2,751.04,51,,
6,KUSI MINIMARKET - Silva Santisteban,2025-08-21,5,353.26,23,,
1,KUSI MINIMARKET - Vía de Evitamiento Norte,2025-08-28,5,728.33,60,,
2,KUSI MINIMARKET - Hoyos Rubio,2023-01-04,4,498.45,32,,
7,KUSI MINIMARKET - San Roque,2023-02-11,7,236.43,20,,
2,KUSI MINIMARKET - Hoyos Rubio,2023-02-20,2,411.88,23,Festividad local,Campaña escolar
2,KUSI MINIMARKET - Hoyos Rubio,2023-02-21,3,280.04,18,Festividad local,Campaña escolar
5,KUSI MINIMARKET - San Sebastián,2023-02-22,4,288.87,19,Festividad local,Campaña escolar
6,KUSI MINIMARKET - Silva Santisteban,2023-02-28,3,204.2,15,Festividad local,Campaña escolar
2,KUSI MINIMARKET - Hoyos Rubio,2023-03-12,1,489.73,30,Festividad local,Campaña escolar
2,KUSI MINIMARKET - Hoyos Rubio,2023-03-15,4,371.64,28,Festividad local,Campaña escolar
5,KUSI MINIMARKET - San Sebastián,2023-03-15,4,286.16,23,Festividad local,Campaña escolar
2,KUSI MINIMARKET - Hoyos Rubio,2023-03-16,5,534.01,35,,
2,KUSI MINIMARKET - Hoyos Rubio,2023-04-01,7,510.75,38,,
7,KUSI MINIMARKET - San Roque,2023-04-12,4,150.99,13,,
2,KUSI MINIMARKET - Hoyos Rubio,2023-05-01,2,464.49,30,Feriado nacional,Día del Trabajo
2,KUSI MINIMARKET - Hoyos Rubio,2023-05-03,4,301.87,24,,
2,KUSI MINIMARKET - Hoyos Rubio,2023-05-05,6,391.17,25,,
5,KUSI MINIMARKET - San Sebastián,2023-05-16,3,322.81,24,,
7,KUSI MINIMARKET - San Roque,2023-05-19,6,265.35,17,,
5,KUSI MINIMARKET - San Sebastián,2023-05-26,6,185.29,13,,
2,KUSI MINIMARKET - Hoyos Rubio,2023-06-03,7,314.73,23,,
2,KUSI MINIMARKET - Hoyos Rubio,2023-06-17,7,467.08,31,,
2,KUSI MINIMARKET - Hoyos Rubio,2023-06-22,5,380.23,27,,
2,KUSI MINIMARKET - Hoyos Rubio,2023-07-02,1,385.38,28,,
2,KUSI MINIMARKET - Hoyos Rubio,2023-07-08,7,320.85,24,,
2,KUSI MINIMARKET - Hoyos Rubio,2023-07-19,4,469.0,30,,
2,KUSI MINIMARKET - Hoyos Rubio,2023-07-23,1,391.98,28,,
2,KUSI MINIMARKET - Hoyos Rubio,2023-07-25,3,420.98,35,,
2,KUSI MINIMARKET - Hoyos Rubio,2023-08-06,1,404.19,28,,
2,KUSI MINIMARKET - Hoyos Rubio,2023-08-07,2,287.32,22,,
6,KUSI MINIMARKET - Silva Santisteban,2023-08-21,2,365.15,26,,
7,KUSI MINIMARKET - San Roque,2023-08-23,4,230.45,17,,
2,KUSI MINIMARKET - Hoyos Rubio,2023-08-25,6,382.15,28,,
2,KUSI MINIMARKET - Hoyos Rubio,2023-08-31,5,437.01,31,,
5,KUSI MINIMARKET - San Sebastián,2023-09-11,2,304.7,19,,
5,KUSI MINIMARKET - San Sebastián,2023-09-12,3,118.83,12,,
2,KUSI MINIMARKET - Hoyos Rubio,2023-09-19,3,481.96,34,,
2,KUSI MINIMARKET - Hoyos Rubio,2023-10-03,3,463.98,32,,
2,KUSI MINIMARKET - Hoyos Rubio,2023-10-19,5,541.71,34,,
6,KUSI MINIMARKET - Silva Santisteban,2023-10-24,3,304.21,21,,
6,KUSI MINIMARKET - Silva Santisteban,2023-10-26,5,318.73,19,,
2,KUSI MINIMARKET - Hoyos Rubio,2023-10-28,7,297.75,23,,
2,KUSI MINIMARKET - Hoyos Rubio,2023-10-30,2,347.31,26,,
2,KUSI MINIMARKET - Hoyos Rubio,2023-11-01,4,345.43,25,Feriado nacional,Todos los Santos
2,KUSI MINIMARKET - Hoyos Rubio,2023-11-02,5,515.66,35,,
2,KUSI MINIMARKET - Hoyos Rubio,2023-11-03,6,392.43,29,,
2,KUSI MINIMARKET - Hoyos Rubio,2023-11-24,6,473.22,31,,
2,KUSI MINIMARKET - Hoyos Rubio,2023-11-27,2,370.51,30,,
2,KUSI MINIMARKET - Hoyos Rubio,2023-12-02,7,560.09,38,,
5,KUSI MINIMARKET - San Sebastián,2023-12-06,4,438.63,26,,
2,KUSI MINIMARKET - Hoyos Rubio,2023-12-13,4,554.58,35,,
2,KUSI MINIMARKET - Hoyos Rubio,2023-12-15,6,469.5,33,Festividad local,Campaña navideña
2,KUSI MINIMARKET - Hoyos Rubio,2023-12-29,6,740.99,55,Festividad local,Fin de año
2,KUSI MINIMARKET - Hoyos Rubio,2024-01-03,4,396.26,28,,
2,KUSI MINIMARKET - Hoyos Rubio,2024-01-06,7,279.07,22,,
5,KUSI MINIMARKET - San Sebastián,2024-01-09,3,251.92,20,,
2,KUSI MINIMARKET - Hoyos Rubio,2024-01-10,4,306.46,20,,
6,KUSI MINIMARKET - Silva Santisteban,2024-01-10,4,169.41,11,,
2,KUSI MINIMARKET - Hoyos Rubio,2024-01-26,6,426.82,33,,
2,KUSI MINIMARKET - Hoyos Rubio,2024-02-01,5,542.53,30,,
6,KUSI MINIMARKET - Silva Santisteban,2024-02-06,3,235.81,16,,
2,KUSI MINIMARKET - Hoyos Rubio,2024-02-10,7,487.62,30,Festividad local,Carnaval de Cajamarca
2,KUSI MINIMARKET - Hoyos Rubio,2024-02-12,2,347.78,23,Festividad local,Carnaval de Cajamarca
6,KUSI MINIMARKET - Silva Santisteban,2024-02-14,4,166.8,13,Festividad local,Día del Amor y la Amistad
2,KUSI MINIMARKET - Hoyos Rubio,2024-03-21,5,481.83,34,,
2,KUSI MINIMARKET - Hoyos Rubio,2024-03-25,2,343.58,20,Festividad local,Semana Santa
2,KUSI MINIMARKET - Hoyos Rubio,2024-03-26,3,411.96,25,Festividad local,Semana Santa
2,KUSI MINIMARKET - Hoyos Rubio,2024-03-31,1,311.41,26,Festividad local,Semana Santa
2,KUSI MINIMARKET - Hoyos Rubio,2024-04-17,4,461.69,26,,
2,KUSI MINIMARKET - Hoyos Rubio,2024-04-18,5,305.28,30,,
2,KUSI MINIMARKET - Hoyos Rubio,2024-04-23,3,411.6,27,,
2,KUSI MINIMARKET - Hoyos Rubio,2024-04-24,4,411.89,29,,
5,KUSI MINIMARKET - San Sebastián,2024-05-04,7,304.15,22,,
7,KUSI MINIMARKET - San Roque,2024-05-25,7,200.63,22,,
2,KUSI MINIMARKET - Hoyos Rubio,2024-05-29,4,606.79,36,,
2,KUSI MINIMARKET - Hoyos Rubio,2024-06-04,3,400.47,27,,
5,KUSI MINIMARKET - San Sebastián,2024-06-06,5,244.04,18,,
2,KUSI MINIMARKET - Hoyos Rubio,2024-06-13,5,461.09,32,,
2,KUSI MINIMARKET - Hoyos Rubio,2024-06-23,1,409.51,27,,
2,KUSI MINIMARKET - Hoyos Rubio,2024-06-27,5,457.87,31,,
2,KUSI MINIMARKET - Hoyos Rubio,2024-07-01,2,258.43,24,,
2,KUSI MINIMARKET - Hoyos Rubio,2024-07-15,2,322.31,23,,
2,KUSI MINIMARKET - Hoyos Rubio,2024-07-24,4,349.67,29,,
6,KUSI MINIMARKET - Silva Santisteban,2024-08-07,4,289.28,20,,
2,KUSI MINIMARKET - Hoyos Rubio,2024-08-08,5,479.58,34,,
2,KUSI MINIMARKET - Hoyos Rubio,2024-08-10,7,419.32,31,,
5,KUSI MINIMARKET - San Sebastián,2024-08-15,5,356.74,29,,
2,KUSI MINIMARKET - Hoyos Rubio,2024-08-15,5,436.81,25,,
5,KUSI MINIMARKET - San Sebastián,2024-08-22,5,315.03,25,,
2,KUSI MINIMARKET - Hoyos Rubio,2024-09-05,5,383.04,28,,
2,KUSI MINIMARKET - Hoyos Rubio,2024-09-08,1,487.78,33,,
2,KUSI MINIMARKET - Hoyos Rubio,2024-09-11,4,369.89,29,,
5,KUSI MINIMARKET - San Sebastián,2024-09-11,4,298.55,19,,
2,KUSI MINIMARKET - Hoyos Rubio,2024-09-25,4,411.41,29,,
2,KUSI MINIMARKET - Hoyos Rubio,2024-09-30,2,331.94,25,,
2,KUSI MINIMARKET - Hoyos Rubio,2024-10-11,6,281.17,25,,
2,KUSI MINIMARKET - Hoyos Rubio,2024-10-18,6,406.9,34,,
5,KUSI MINIMARKET - San Sebastián,2024-11-03,1,245.86,20,,
2,KUSI MINIMARKET - Hoyos Rubio,2024-11-20,4,394.08,28,,
2,KUSI MINIMARKET - Hoyos Rubio,2024-11-24,1,449.28,31,,
2,KUSI MINIMARKET - Hoyos Rubio,2024-11-28,5,364.2,27,,
2,KUSI MINIMARKET - Hoyos Rubio,2024-11-30,7,343.27,25,,
2,KUSI MINIMARKET - Hoyos Rubio,2024-12-06,6,485.79,32,,
2,KUSI MINIMARKET - Hoyos Rubio,2024-12-11,4,546.52,35,,
2,KUSI MINIMARKET - Hoyos Rubio,2024-12-12,5,602.5,36,,
2,KUSI MINIMARKET - Hoyos Rubio,2024-12-23,2,433.53,31,Festividad local,Campaña navideña
2,KUSI MINIMARKET - Hoyos Rubio,2024-12-29,1,650.78,44,Festividad local,Fin de año
2,KUSI MINIMARKET - Hoyos Rubio,2025-01-15,4,361.32,30,,
2,KUSI MINIMARKET - Hoyos Rubio,2025-02-02,1,488.06,34,,
5,KUSI MINIMARKET - San Sebastián,2023-01-21,7,214.88,19,,
7,KUSI MINIMARKET - San Roque,2023-01-21,7,154.87,13,,
7,KUSI MINIMARKET - San Roque,2023-02-23,5,145.34,10,Festividad local,Campaña escolar
5,KUSI MINIMARKET - San Sebastián,2023-03-07,3,204.67,15,Festividad local,Campaña escolar
5,KUSI MINIMARKET - San Sebastián,2023-03-10,6,152.62,14,Festividad local,Campaña escolar
5,KUSI MINIMARKET - San Sebastián,2023-03-17,6,388.89,27,,
6,KUSI MINIMARKET - Silva Santisteban,2023-03-17,6,100.02,12,,
7,KUSI MINIMARKET - San Roque,2023-03-28,3,214.97,18,,
6,KUSI MINIMARKET - Silva Santisteban,2023-04-28,6,165.26,14,,
1,KUSI MINIMARKET - Vía de Evitamiento Norte,2023-05-02,3,585.46,41,,
5,KUSI MINIMARKET - San Sebastián,2023-05-20,7,368.76,23,,
7,KUSI MINIMARKET - San Roque,2023-06-04,1,296.0,17,,
6,KUSI MINIMARKET - Silva Santisteban,2023-06-20,3,249.58,15,,
5,KUSI MINIMARKET - San Sebastián,2023-07-04,3,301.08,17,,
1,KUSI MINIMARKET - Vía de Evitamiento Norte,2023-07-11,3,668.82,50,,
7,KUSI MINIMARKET - San Roque,2023-07-20,5,174.94,13,,
5,KUSI MINIMARKET - San Sebastián,2023-07-27,5,246.56,19,,
5,KUSI MINIMARKET - San Sebastián,2023-08-11,6,255.96,17,,
7,KUSI MINIMARKET - San Roque,2023-08-30,4,150.63,13,Feriado nacional,Santa Rosa de Lima
5,KUSI MINIMARKET - San Sebastián,2023-08-31,5,257.32,16,,
7,KUSI MINIMARKET - San Roque,2023-09-22,6,259.78,13,,
5,KUSI MINIMARKET - San Sebastián,2023-10-04,4,236.61,21,,
7,KUSI MINIMARKET - San Roque,2023-10-08,1,144.3,11,Feriado nacional,Combate de Angamos
6,KUSI MINIMARKET - Silva Santisteban,2023-10-15,1,228.5,16,,
5,KUSI MINIMARKET - San Sebastián,2023-11-05,1,303.71,19,,
5,KUSI MINIMARKET - San Sebastián,2023-11-28,3,224.58,15,,
6,KUSI MINIMARKET - Silva Santisteban,2023-12-02,7,366.45,21,,
6,KUSI MINIMARKET - Silva Santisteban,2024-01-19,6,252.33,16,,
6,KUSI MINIMARKET - Silva Santisteban,2024-02-15,5,121.63,11,Festividad local,Campaña escolar
5,KUSI MINIMARKET - San Sebastián,2024-03-02,7,265.89,20,Festividad local,Campaña escolar
6,KUSI MINIMARKET - Silva Santisteban,2024-03-14,5,337.35,20,Festividad local,Campaña escolar
7,KUSI MINIMARKET - San Roque,2024-03-18,2,198.2,16,,
5,KUSI MINIMARKET - San Sebastián,2024-03-24,1,285.1,21,Festividad local,Semana Santa
6,KUSI MINIMARKET - Silva Santisteban,2024-03-26,3,199.78,13,Festividad local,Semana Santa
5,KUSI MINIMARKET - San Sebastián,2024-03-28,5,264.35,18,Feriado nacional,Jueves/Viernes Santo
5,KUSI MINIMARKET - San Sebastián,2024-04-03,4,307.43,21,,
5,KUSI MINIMARKET - San Sebastián,2024-04-10,4,374.56,23,,
7,KUSI MINIMARKET - San Roque,2024-04-16,3,333.86,18,,
1,KUSI MINIMARKET - Vía de Evitamiento Norte,2024-05-26,1,854.04,57,,
7,KUSI MINIMARKET - San Roque,2024-05-31,6,191.18,19,,
6,KUSI MINIMARKET - Silva Santisteban,2024-06-23,1,220.75,14,,
7,KUSI MINIMARKET - San Roque,2024-07-14,1,369.61,22,,
5,KUSI MINIMARKET - San Sebastián,2024-07-24,4,252.64,17,,
7,KUSI MINIMARKET - San Roque,2024-07-25,5,176.56,16,,
6,KUSI MINIMARKET - Silva Santisteban,2024-08-10,7,251.49,20,,
5,KUSI MINIMARKET - San Sebastián,2024-09-01,1,301.89,18,,
7,KUSI MINIMARKET - San Roque,2024-04-24,4,256.36,19,,
5,KUSI MINIMARKET - San Sebastián,2024-09-30,2,215.1,15,,
6,KUSI MINIMARKET - Silva Santisteban,2024-10-13,1,131.97,13,,
6,KUSI MINIMARKET - Silva Santisteban,2024-10-19,7,381.57,23,,
5,KUSI MINIMARKET - San Sebastián,2024-10-25,6,306.19,28,,
5,KUSI MINIMARKET - San Sebastián,2024-11-05,3,332.99,20,,
5,KUSI MINIMARKET - San Sebastián,2024-11-28,5,388.5,22,,
5,KUSI MINIMARKET - San Sebastián,2024-12-04,4,347.95,22,,
1,KUSI MINIMARKET - Vía de Evitamiento Norte,2024-12-26,5,751.86,54,Festividad local,Fin de año
6,KUSI MINIMARKET - Silva Santisteban,2024-12-28,7,372.69,18,Festividad local,Fin de año
6,KUSI MINIMARKET - Silva Santisteban,2025-01-05,1,207.06,16,,
7,KUSI MINIMARKET - San Roque,2025-01-12,1,181.67,13,,
5,KUSI MINIMARKET - San Sebastián,2025-01-13,2,293.99,17,,
7,KUSI MINIMARKET - San Roque,2025-02-10,2,368.26,21,,
6,KUSI MINIMARKET - Silva Santisteban,2025-02-14,6,208.58,17,Festividad local,Día del Amor y la Amistad
5,KUSI MINIMARKET - San Sebastián,2025-02-19,4,253.81,17,Festividad local,Campaña escolar
1,KUSI MINIMARKET - Vía de Evitamiento Norte,2025-02-20,5,741.38,57,Festividad local,Campaña escolar
6,KUSI MINIMARKET - Silva Santisteban,2025-03-04,3,294.62,20,Festividad local,Campaña escolar
6,KUSI MINIMARKET - Silva Santisteban,2025-03-19,4,357.66,21,,
7,KUSI MINIMARKET - San Roque,2025-03-23,1,266.54,18,,
5,KUSI MINIMARKET - San Sebastián,2025-04-22,3,181.81,14,,
1,KUSI MINIMARKET - Vía de Evitamiento Norte,2025-04-25,6,938.29,60,,
6,KUSI MINIMARKET - Silva Santisteban,2025-04-28,2,192.07,16,,
6,KUSI MINIMARKET - Silva Santisteban,2025-05-16,6,213.43,17,,
1,KUSI MINIMARKET - Vía de Evitamiento Norte,2025-05-27,3,558.39,41,,
6,KUSI MINIMARKET - Silva Santisteban,2025-06-03,3,260.99,21,,
5,KUSI MINIMARKET - San Sebastián,2025-06-30,2,168.44,14,,
6,KUSI MINIMARKET - Silva Santisteban,2025-07-16,4,227.69,19,,
6,KUSI MINIMARKET - Silva Santisteban,2025-07-18,6,332.78,26,,
6,KUSI MINIMARKET - Silva Santisteban,2025-07-21,2,296.3,21,,
5,KUSI MINIMARKET - San Sebastián,2025-08-03,1,248.83,22,,
5,KUSI MINIMARKET - San Sebastián,2023-02-04,7,127.4,11,,
2,KUSI MINIMARKET - Hoyos Rubio,2023-02-14,3,378.7,25,Festividad local,Día del Amor y la Amistad
2,KUSI MINIMARKET - Hoyos Rubio,2023-04-12,4,482.79,28,,
2,KUSI MINIMARKET - Hoyos Rubio,2023-05-26,6,384.6,27,,
6,KUSI MINIMARKET - Silva Santisteban,2023-05-31,4,252.94,16,,
2,KUSI MINIMARKET - Hoyos Rubio,2023-06-24,7,362.47,25,,
2,KUSI MINIMARKET - Hoyos Rubio,2023-07-01,7,404.55,25,,
7,KUSI MINIMARKET - San Roque,2023-07-03,2,414.86,23,,
6,KUSI MINIMARKET - Silva Santisteban,2023-08-19,7,256.8,16,,
6,KUSI MINIMARKET - Silva Santisteban,2023-09-04,2,167.67,13,,
2,KUSI MINIMARKET - Hoyos Rubio,2023-09-06,4,387.02,25,,
2,KUSI MINIMARKET - Hoyos Rubio,2023-10-06,6,468.22,32,,
7,KUSI MINIMARKET - San Roque,2023-10-14,7,274.49,18,,
2,KUSI MINIMARKET - Hoyos Rubio,2023-11-08,4,358.96,22,,
2,KUSI MINIMARKET - Hoyos Rubio,2023-11-25,7,379.31,26,,
6,KUSI MINIMARKET - Silva Santisteban,2023-11-30,5,209.6,23,,
6,KUSI MINIMARKET - Silva Santisteban,2023-12-17,1,293.44,20,Festividad local,Campaña navideña
2,KUSI MINIMARKET - Hoyos Rubio,2024-01-12,6,433.67,26,,
2,KUSI MINIMARKET - Hoyos Rubio,2024-01-16,3,367.66,19,,
2,KUSI MINIMARKET - Hoyos Rubio,2024-02-05,2,500.06,31,,
2,KUSI MINIMARKET - Hoyos Rubio,2024-03-02,7,571.82,35,Festividad local,Campaña escolar
2,KUSI MINIMARKET - Hoyos Rubio,2024-05-27,2,391.79,27,,
2,KUSI MINIMARKET - Hoyos Rubio,2024-06-01,7,290.52,23,,
2,KUSI MINIMARKET - Hoyos Rubio,2024-06-12,4,303.55,22,,
5,KUSI MINIMARKET - San Sebastián,2024-07-03,4,223.12,17,,
2,KUSI MINIMARKET - Hoyos Rubio,2024-08-18,1,287.79,24,,
2,KUSI MINIMARKET - Hoyos Rubio,2024-08-31,7,416.91,27,,
6,KUSI MINIMARKET - Silva Santisteban,2024-09-20,6,293.25,22,,
2,KUSI MINIMARKET - Hoyos Rubio,2024-10-15,3,381.36,31,,
7,KUSI MINIMARKET - San Roque,2024-10-26,7,314.73,21,,
6,KUSI MINIMARKET - Silva Santisteban,2024-12-29,1,337.61,16,Festividad local,Fin de año
2,KUSI MINIMARKET - Hoyos Rubio,2025-01-12,1,293.53,22,,
2,KUSI MINIMARKET - Hoyos Rubio,2025-01-19,1,378.11,23,,
2,KUSI MINIMARKET - Hoyos Rubio,2025-01-21,3,363.42,28,,
2,KUSI MINIMARKET - Hoyos Rubio,2025-02-07,6,415.87,30,,
2,KUSI MINIMARKET - Hoyos Rubio,2025-02-19,4,440.0,33,Festividad local,Campaña escolar
2,KUSI MINIMARKET - Hoyos Rubio,2025-03-11,3,325.37,22,Festividad local,Campaña escolar
2,KUSI MINIMARKET - Hoyos Rubio,2025-04-06,1,584.32,38,,
2,KUSI MINIMARKET - Hoyos Rubio,2025-04-22,3,549.16,37,,
7,KUSI MINIMARKET - San Roque,2025-04-27,1,297.3,19,,
2,KUSI MINIMARKET - Hoyos Rubio,2025-04-27,1,580.8,38,,
2,KUSI MINIMARKET - Hoyos Rubio,2025-06-04,4,305.56,25,,
2,KUSI MINIMARKET - Hoyos Rubio,2025-06-16,2,486.34,34,,
2,KUSI MINIMARKET - Hoyos Rubio,2025-06-23,2,490.26,35,,
2,KUSI MINIMARKET - Hoyos Rubio,2025-06-27,6,540.74,43,,
2,KUSI MINIMARKET - Hoyos Rubio,2025-07-02,4,403.97,34,,
2,KUSI MINIMARKET - Hoyos Rubio,2025-07-06,1,526.84,34,,
2,KUSI MINIMARKET - Hoyos Rubio,2025-07-16,4,621.34,40,,
7,KUSI MINIMARKET - San Roque,2025-07-20,1,236.5,18,,
2,KUSI MINIMARKET - Hoyos Rubio,2025-07-26,7,535.12,36,,
2,KUSI MINIMARKET - Hoyos Rubio,2025-08-04,2,445.54,31,,
6,KUSI MINIMARKET - Silva Santisteban,2025-08-10,1,227.79,18,,
2,KUSI MINIMARKET - Hoyos Rubio,2025-08-11,2,544.87,34,,
2,KUSI MINIMARKET - Hoyos Rubio,2025-08-21,5,513.08,38,,
2,KUSI MINIMARKET - Hoyos Rubio,2025-08-22,6,621.65,40,,
3,KUSI MINIMARKET - Amalia Puga,2023-01-05,5,236.59,17,,
7,KUSI MINIMARKET - San Roque,2023-01-11,4,130.86,8,,
3,KUSI MINIMARKET - Amalia Puga,2023-01-12,5,217.68,18,,
3,KUSI MINIMARKET - Amalia Puga,2023-01-22,1,424.08,28,,
3,KUSI MINIMARKET - Amalia Puga,2023-01-28,7,233.11,17,,
3,KUSI MINIMARKET - Amalia Puga,2023-02-04,7,320.47,22,,
3,KUSI MINIMARKET - Amalia Puga,2023-02-09,5,235.08,21,,
3,KUSI MINIMARKET - Amalia Puga,2023-03-13,2,354.81,27,Festividad local,Campaña escolar
3,KUSI MINIMARKET - Amalia Puga,2023-03-30,5,346.69,19,,
3,KUSI MINIMARKET - Amalia Puga,2023-04-11,3,361.22,24,,
3,KUSI MINIMARKET - Amalia Puga,2023-04-25,3,542.38,34,,
7,KUSI MINIMARKET - San Roque,2023-05-01,2,204.33,15,Feriado nacional,Día del Trabajo
3,KUSI MINIMARKET - Amalia Puga,2023-05-07,1,403.08,29,,
3,KUSI MINIMARKET - Amalia Puga,2023-05-10,4,369.41,27,,
3,KUSI MINIMARKET - Amalia Puga,2023-05-20,7,409.27,29,,
3,KUSI MINIMARKET - Amalia Puga,2023-05-26,6,195.03,18,,
7,KUSI MINIMARKET - San Roque,2023-06-10,7,160.15,15,,
3,KUSI MINIMARKET - Amalia Puga,2023-06-22,5,413.19,26,,
3,KUSI MINIMARKET - Amalia Puga,2023-06-29,5,367.9,26,Feriado nacional,San Pedro y San Pablo
3,KUSI MINIMARKET - Amalia Puga,2023-07-02,1,470.04,30,,
3,KUSI MINIMARKET - Amalia Puga,2023-07-04,3,362.75,28,,
3,KUSI MINIMARKET - Amalia Puga,2023-07-08,7,400.09,32,,
3,KUSI MINIMARKET - Amalia Puga,2023-07-09,1,461.59,24,,
6,KUSI MINIMARKET - Silva Santisteban,2023-07-26,4,243.06,18,,
3,KUSI MINIMARKET - Amalia Puga,2023-08-03,5,162.41,15,,
3,KUSI MINIMARKET - Amalia Puga,2023-08-12,7,400.12,30,,
3,KUSI MINIMARKET - Amalia Puga,2023-08-23,4,360.01,23,,
7,KUSI MINIMARKET - San Roque,2023-09-03,1,155.65,15,,
3,KUSI MINIMARKET - Amalia Puga,2023-09-07,5,379.35,31,,
3,KUSI MINIMARKET - Amalia Puga,2023-10-01,1,271.8,21,,
3,KUSI MINIMARKET - Amalia Puga,2023-10-17,3,350.63,24,,
3,KUSI MINIMARKET - Amalia Puga,2023-10-21,7,405.02,30,,
3,KUSI MINIMARKET - Amalia Puga,2023-10-24,3,459.35,29,,
3,KUSI MINIMARKET - Amalia Puga,2023-10-27,6,340.94,24,,
3,KUSI MINIMARKET - Amalia Puga,2023-11-03,6,481.14,34,,
3,KUSI MINIMARKET - Amalia Puga,2023-11-06,2,329.79,24,,
3,KUSI MINIMARKET - Amalia Puga,2023-11-24,6,403.07,24,,
3,KUSI MINIMARKET - Amalia Puga,2023-11-27,2,369.64,27,,
3,KUSI MINIMARKET - Amalia Puga,2023-12-20,4,536.87,39,Festividad local,Campaña navideña
3,KUSI MINIMARKET - Amalia Puga,2023-12-22,6,487.46,33,Festividad local,Campaña navideña
5,KUSI MINIMARKET - San Sebastián,2024-01-17,4,253.65,11,,
3,KUSI MINIMARKET - Amalia Puga,2024-01-19,6,575.51,30,,
5,KUSI MINIMARKET - San Sebastián,2024-01-26,6,174.05,12,,
6,KUSI MINIMARKET - Silva Santisteban,2024-03-06,4,291.83,19,Festividad local,Campaña escolar
3,KUSI MINIMARKET - Amalia Puga,2024-03-27,4,255.29,19,Festividad local,Semana Santa
3,KUSI MINIMARKET - Amalia Puga,2024-03-29,6,359.04,29,Feriado nacional,Jueves/Viernes Santo
3,KUSI MINIMARKET - Amalia Puga,2024-04-13,7,287.22,22,,
7,KUSI MINIMARKET - San Roque,2024-04-23,3,320.81,18,,
3,KUSI MINIMARKET - Amalia Puga,2024-05-19,1,288.68,22,,
3,KUSI MINIMARKET - Amalia Puga,2024-05-20,2,471.04,31,,
3,KUSI MINIMARKET - Amalia Puga,2024-05-22,4,395.97,34,,
5,KUSI MINIMARKET - San Sebastián,2024-05-28,3,182.8,13,,
3,KUSI MINIMARKET - Amalia Puga,2024-05-30,5,429.51,35,Festividad local,Corpus Christi
3,KUSI MINIMARKET - Amalia Puga,2024-06-04,3,320.86,23,,
7,KUSI MINIMARKET - San Roque,2024-06-09,1,176.37,10,,
3,KUSI MINIMARKET - Amalia Puga,2024-07-15,2,441.52,30,,
5,KUSI MINIMARKET - San Sebastián,2024-07-17,4,337.94,24,,
3,KUSI MINIMARKET - Amalia Puga,2024-07-19,6,337.85,24,,
3,KUSI MINIMARKET - Amalia Puga,2024-07-27,7,394.66,28,,
6,KUSI MINIMARKET - Silva Santisteban,2024-08-08,5,379.64,17,,
3,KUSI MINIMARKET - Amalia Puga,2024-10-01,3,542.82,34,,
3,KUSI MINIMARKET - Amalia Puga,2024-10-08,3,411.18,29,Feriado nacional,Combate de Angamos
3,KUSI MINIMARKET - Amalia Puga,2024-10-12,7,409.82,26,,
3,KUSI MINIMARKET - Amalia Puga,2024-10-25,6,494.7,30,,
3,KUSI MINIMARKET - Amalia Puga,2024-10-26,7,502.4,33,,
6,KUSI MINIMARKET - Silva Santisteban,2024-11-12,3,306.96,21,,
3,KUSI MINIMARKET - Amalia Puga,2024-11-15,6,373.67,23,,
6,KUSI MINIMARKET - Silva Santisteban,2024-11-25,2,311.14,21,,
3,KUSI MINIMARKET - Amalia Puga,2024-11-29,6,490.3,32,,
3,KUSI MINIMARKET - Amalia Puga,2024-12-14,7,376.37,27,,
3,KUSI MINIMARKET - Amalia Puga,2024-12-16,2,363.23,27,Festividad local,Campaña navideña
3,KUSI MINIMARKET - Amalia Puga,2025-01-05,1,367.08,26,,
3,KUSI MINIMARKET - Amalia Puga,2025-01-13,2,417.49,28,,
3,KUSI MINIMARKET - Amalia Puga,2025-02-06,5,440.1,30,,
3,KUSI MINIMARKET - Amalia Puga,2025-02-13,5,342.61,27,,
3,KUSI MINIMARKET - Amalia Puga,2025-02-14,6,496.32,33,Festividad local,Día del Amor y la Amistad
3,KUSI MINIMARKET - Amalia Puga,2025-02-15,7,429.56,31,Festividad local,Campaña escolar
6,KUSI MINIMARKET - Silva Santisteban,2025-02-21,6,229.9,21,Festividad local,Campaña escolar
3,KUSI MINIMARKET - Amalia Puga,2025-03-07,6,422.89,34,Festividad local,Campaña escolar
3,KUSI MINIMARKET - Amalia Puga,2025-03-08,7,405.62,29,Festividad local,Campaña escolar
3,KUSI MINIMARKET - Amalia Puga,2025-03-10,2,353.68,25,Festividad local,Campaña escolar
3,KUSI MINIMARKET - Amalia Puga,2025-03-28,6,455.27,31,,
3,KUSI MINIMARKET - Amalia Puga,2025-04-06,1,292.27,24,,
3,KUSI MINIMARKET - Amalia Puga,2025-04-09,4,570.01,36,,
3,KUSI MINIMARKET - Amalia Puga,2025-04-10,5,468.13,32,,
3,KUSI MINIMARKET - Amalia Puga,2025-04-14,2,279.71,30,Festividad local,Semana Santa
3,KUSI MINIMARKET - Amalia Puga,2025-04-15,3,438.53,29,Festividad local,Semana Santa
3,KUSI MINIMARKET - Amalia Puga,2025-05-02,6,613.57,37,,
3,KUSI MINIMARKET - Amalia Puga,2025-05-10,7,324.99,32,,
3,KUSI MINIMARKET - Amalia Puga,2025-05-15,5,292.53,25,,
5,KUSI MINIMARKET - San Sebastián,2025-05-28,4,330.68,22,,
3,KUSI MINIMARKET - Amalia Puga,2025-06-01,1,304.17,24,,
3,KUSI MINIMARKET - Amalia Puga,2025-06-02,2,503.38,34,,
3,KUSI MINIMARKET - Amalia Puga,2025-06-04,4,650.3,39,,
3,KUSI MINIMARKET - Amalia Puga,2025-06-10,3,490.03,32,,
3,KUSI MINIMARKET - Amalia Puga,2025-06-14,7,502.81,35,,
3,KUSI MINIMARKET - Amalia Puga,2025-06-19,5,400.92,30,Festividad local,Corpus Christi
3,KUSI MINIMARKET - Amalia Puga,2025-07-09,4,475.01,31,,
6,KUSI MINIMARKET - Silva Santisteban,2025-07-10,5,227.77,21,,
3,KUSI MINIMARKET - Amalia Puga,2025-07-13,1,401.76,27,,
3,KUSI MINIMARKET - Amalia Puga,2025-08-10,1,383.91,24,,
3,KUSI MINIMARKET - Amalia Puga,2025-08-12,3,468.15,32,,
3,KUSI MINIMARKET - Amalia Puga,2025-08-16,7,381.97,26,,
3,KUSI MINIMARKET - Amalia Puga,2025-08-27,4,479.55,34,,
4,KUSI MINIMARKET - Del Comercio,2023-01-04,4,363.76,24,,
4,KUSI MINIMARKET - Del Comercio,2023-01-10,3,376.43,24,,
4,KUSI MINIMARKET - Del Comercio,2023-01-22,1,273.38,19,,
4,KUSI MINIMARKET - Del Comercio,2023-02-04,7,307.09,23,,
4,KUSI MINIMARKET - Del Comercio,2023-03-01,4,319.97,24,Festividad local,Campaña escolar
4,KUSI MINIMARKET - Del Comercio,2023-03-07,3,336.62,30,Festividad local,Campaña escolar
4,KUSI MINIMARKET - Del Comercio,2023-04-01,7,367.42,24,,
4,KUSI MINIMARKET - Del Comercio,2023-04-11,3,209.4,17,,
4,KUSI MINIMARKET - Del Comercio,2023-04-16,1,533.87,30,,
6,KUSI MINIMARKET - Silva Santisteban,2023-05-10,4,225.31,19,,
4,KUSI MINIMARKET - Del Comercio,2023-05-15,2,236.14,18,,
4,KUSI MINIMARKET - Del Comercio,2023-05-22,2,254.34,14,,
3,KUSI MINIMARKET - Amalia Puga,2023-05-24,4,339.87,28,,
3,KUSI MINIMARKET - Amalia Puga,2024-03-06,4,254.54,23,Festividad local,Campaña escolar
3,KUSI MINIMARKET - Amalia Puga,2024-07-20,7,436.51,29,,
3,KUSI MINIMARKET - Amalia Puga,2024-10-16,4,384.05,31,,
3,KUSI MINIMARKET - Amalia Puga,2025-02-12,4,220.54,20,,
3,KUSI MINIMARKET - Amalia Puga,2025-05-05,2,441.85,27,,
4,KUSI MINIMARKET - Del Comercio,2023-05-20,7,292.41,23,,
4,KUSI MINIMARKET - Del Comercio,2023-06-12,2,309.12,24,,
4,KUSI MINIMARKET - Del Comercio,2023-06-26,2,449.1,28,,
4,KUSI MINIMARKET - Del Comercio,2023-06-27,3,294.12,19,,
4,KUSI MINIMARKET - Del Comercio,2023-07-18,3,263.06,21,,
4,KUSI MINIMARKET - Del Comercio,2023-07-23,1,384.06,27,,
4,KUSI MINIMARKET - Del Comercio,2023-08-08,3,350.84,29,,
7,KUSI MINIMARKET - San Roque,2023-08-21,2,123.18,10,,
4,KUSI MINIMARKET - Del Comercio,2023-08-22,3,257.03,16,,
4,KUSI MINIMARKET - Del Comercio,2023-08-30,4,291.25,22,Feriado nacional,Santa Rosa de Lima
6,KUSI MINIMARKET - Silva Santisteban,2023-09-05,3,304.94,16,,
4,KUSI MINIMARKET - Del Comercio,2023-09-21,5,274.32,18,,
4,KUSI MINIMARKET - Del Comercio,2023-09-22,6,258.87,23,,
4,KUSI MINIMARKET - Del Comercio,2023-09-25,2,282.34,21,,
4,KUSI MINIMARKET - Del Comercio,2023-10-01,1,310.69,26,,
4,KUSI MINIMARKET - Del Comercio,2023-10-09,2,330.82,23,,
5,KUSI MINIMARKET - San Sebastián,2023-10-30,2,177.05,10,,
5,KUSI MINIMARKET - San Sebastián,2023-11-17,6,112.67,12,,
4,KUSI MINIMARKET - Del Comercio,2023-11-27,2,478.61,30,,
4,KUSI MINIMARKET - Del Comercio,2023-11-28,3,379.97,24,,
4,KUSI MINIMARKET - Del Comercio,2023-12-20,4,562.88,32,Festividad local,Campaña navideña
4,KUSI MINIMARKET - Del Comercio,2024-01-02,3,297.58,25,,
4,KUSI MINIMARKET - Del Comercio,2024-01-20,7,333.26,24,,
4,KUSI MINIMARKET - Del Comercio,2024-01-22,2,370.75,26,,
4,KUSI MINIMARKET - Del Comercio,2024-01-24,4,412.56,24,,
4,KUSI MINIMARKET - Del Comercio,2024-02-18,1,274.64,21,Festividad local,Campaña escolar
4,KUSI MINIMARKET - Del Comercio,2024-02-21,4,334.48,21,Festividad local,Campaña escolar
4,KUSI MINIMARKET - Del Comercio,2024-03-01,6,417.46,25,Festividad local,Campaña escolar
4,KUSI MINIMARKET - Del Comercio,2024-03-15,6,343.27,24,Festividad local,Campaña escolar
4,KUSI MINIMARKET - Del Comercio,2024-03-18,2,393.34,24,,
4,KUSI MINIMARKET - Del Comercio,2024-03-20,4,278.65,23,,
4,KUSI MINIMARKET - Del Comercio,2024-04-23,3,402.92,31,,
4,KUSI MINIMARKET - Del Comercio,2024-04-24,4,489.86,35,,
4,KUSI MINIMARKET - Del Comercio,2024-05-05,1,414.02,26,,
4,KUSI MINIMARKET - Del Comercio,2024-05-20,2,352.14,29,,
4,KUSI MINIMARKET - Del Comercio,2024-06-05,4,251.61,19,,
7,KUSI MINIMARKET - San Roque,2024-06-20,5,141.41,10,,
4,KUSI MINIMARKET - Del Comercio,2024-06-27,5,401.96,26,,
4,KUSI MINIMARKET - Del Comercio,2024-07-16,3,489.98,26,,
4,KUSI MINIMARKET - Del Comercio,2024-08-05,2,274.96,19,,
4,KUSI MINIMARKET - Del Comercio,2024-08-07,4,351.62,25,,
4,KUSI MINIMARKET - Del Comercio,2024-08-12,2,280.43,24,,
4,KUSI MINIMARKET - Del Comercio,2024-08-17,7,364.87,27,,
4,KUSI MINIMARKET - Del Comercio,2024-08-21,4,313.11,26,,
4,KUSI MINIMARKET - Del Comercio,2024-08-27,3,411.43,33,,
4,KUSI MINIMARKET - Del Comercio,2024-08-29,5,405.77,29,,
4,KUSI MINIMARKET - Del Comercio,2024-09-05,5,334.42,23,,
4,KUSI MINIMARKET - Del Comercio,2024-10-01,3,431.62,25,,
4,KUSI MINIMARKET - Del Comercio,2024-10-04,6,398.53,33,,
4,KUSI MINIMARKET - Del Comercio,2024-10-17,5,329.86,25,,
4,KUSI MINIMARKET - Del Comercio,2024-11-21,5,321.21,24,,
4,KUSI MINIMARKET - Del Comercio,2024-11-22,6,412.06,27,,
4,KUSI MINIMARKET - Del Comercio,2024-12-08,1,393.11,33,Feriado nacional,Inmaculada Concepción
4,KUSI MINIMARKET - Del Comercio,2024-12-13,6,299.83,20,,
4,KUSI MINIMARKET - Del Comercio,2024-12-19,5,588.17,42,Festividad local,Campaña navideña
4,KUSI MINIMARKET - Del Comercio,2024-12-24,3,470.17,30,Festividad local,Campaña navideña
4,KUSI MINIMARKET - Del Comercio,2025-01-09,5,436.25,32,,
4,KUSI MINIMARKET - Del Comercio,2025-01-28,3,577.08,30,,
5,KUSI MINIMARKET - San Sebastián,2025-01-28,3,206.03,17,,
4,KUSI MINIMARKET - Del Comercio,2025-02-14,6,355.69,30,Festividad local,Día del Amor y la Amistad
4,KUSI MINIMARKET - Del Comercio,2025-02-18,3,307.87,26,Festividad local,Campaña escolar
6,KUSI MINIMARKET - Silva Santisteban,2025-03-15,7,263.03,16,Festividad local,Campaña escolar
4,KUSI MINIMARKET - Del Comercio,2025-03-31,2,279.08,24,,
4,KUSI MINIMARKET - Del Comercio,2025-04-03,5,499.88,29,,
4,KUSI MINIMARKET - Del Comercio,2025-04-20,1,473.5,35,Festividad local,Semana Santa
5,KUSI MINIMARKET - San Sebastián,2025-05-14,4,356.02,26,,
4,KUSI MINIMARKET - Del Comercio,2025-06-04,4,291.68,23,,
4,KUSI MINIMARKET - Del Comercio,2025-06-05,5,502.87,33,,
4,KUSI MINIMARKET - Del Comercio,2025-06-09,2,472.1,32,,
4,KUSI MINIMARKET - Del Comercio,2025-07-07,2,439.21,31,,
4,KUSI MINIMARKET - Del Comercio,2025-07-16,4,483.55,33,,
4,KUSI MINIMARKET - Del Comercio,2025-08-18,2,276.57,24,,
4,KUSI MINIMARKET - Del Comercio,2025-08-24,1,408.82,31,,
7,KUSI MINIMARKET - San Roque,2024-03-26,3,171.67,11,Festividad local,Semana Santa
5,KUSI MINIMARKET - San Sebastián,2025-01-24,6,229.8,20,,
6,KUSI MINIMARKET - Silva Santisteban,2024-03-17,1,212.62,17,,
5,KUSI MINIMARKET - San Sebastián,2025-03-23,1,201.44,14,,
5,KUSI MINIMARKET - San Sebastián,2023-01-18,4,123.99,11,,
7,KUSI MINIMARKET - San Roque,2024-10-16,4,132.49,12,,
6,KUSI MINIMARKET - Silva Santisteban,2025-02-27,5,243.72,17,Festividad local,Campaña escolar
7,KUSI MINIMARKET - San Roque,2024-01-07,1,197.07,16,,
5,KUSI MINIMARKET - San Sebastián,2023-12-25,2,265.36,21,Feriado nacional,Navidad
7,KUSI MINIMARKET - San Roque,2024-01-31,4,238.74,15,,
4,KUSI MINIMARKET - Del Comercio,2024-10-26,7,200.36,12,,
7,KUSI MINIMARKET - San Roque,2023-03-05,1,249.65,18,Festividad local,Campaña escolar
7,KUSI MINIMARKET - San Roque,2024-12-24,3,350.08,18,Festividad local,Campaña navideña
7,KUSI MINIMARKET - San Roque,2025-03-14,6,268.09,24,Festividad local,Campaña escolar
4,KUSI MINIMARKET - Del Comercio,2023-12-30,7,430.96,33,Festividad local,Fin de año
2,KUSI MINIMARKET - Hoyos Rubio,2025-03-17,2,439.51,30,,
6,KUSI MINIMARKET - Silva Santisteban,2024-08-26,2,290.33,16,,
2,KUSI MINIMARKET - Hoyos Rubio,2025-08-24,1,439.96,35,,
4,KUSI MINIMARKET - Del Comercio,2023-10-04,4,415.54,25,,
3,KUSI MINIMARKET - Amalia Puga,2023-07-19,4,250.83,22,,
6,KUSI MINIMARKET - Silva Santisteban,2025-02-28,6,274.48,16,Festividad local,Campaña escolar
4,KUSI MINIMARKET - Del Comercio,2023-02-28,3,370.52,23,Festividad local,Campaña escolar
5,KUSI MINIMARKET - San Sebastián,2023-07-05,4,174.23,14,,
3,KUSI MINIMARKET - Amalia Puga,2023-03-02,5,448.11,31,Festividad local,Campaña escolar
5,KUSI MINIMARKET - San Sebastián,2025-03-28,6,293.24,16,,
3,KUSI MINIMARKET - Amalia Puga,2023-08-11,6,372.8,30,,
2,KUSI MINIMARKET - Hoyos Rubio,2025-04-11,6,361.51,25,,
2,KUSI MINIMARKET - Hoyos Rubio,2025-04-16,4,350.79,28,Festividad local,Semana Santa
2,KUSI MINIMARKET - Hoyos Rubio,2025-05-14,4,397.64,31,,
7,KUSI MINIMARKET - San Roque,2025-07-09,4,362.47,24,,
6,KUSI MINIMARKET - Silva Santisteban,2025-07-13,1,351.18,21,,
3,KUSI MINIMARKET - Amalia Puga,2023-01-04,4,241.5,18,,
3,KUSI MINIMARKET - Amalia Puga,2023-01-18,4,322.31,21,,
3,KUSI MINIMARKET - Amalia Puga,2023-02-03,6,399.19,26,,
6,KUSI MINIMARKET - Silva Santisteban,2023-04-06,5,228.27,16,Feriado nacional,Jueves/Viernes Santo
3,KUSI MINIMARKET - Amalia Puga,2023-04-07,6,291.95,23,Feriado nacional,Jueves/Viernes Santo
6,KUSI MINIMARKET - Silva Santisteban,2023-04-12,4,303.9,21,,
3,KUSI MINIMARKET - Amalia Puga,2023-04-15,7,262.26,13,,
3,KUSI MINIMARKET - Amalia Puga,2023-05-19,6,416.24,28,,
6,KUSI MINIMARKET - Silva Santisteban,2023-05-21,1,279.87,19,,
3,KUSI MINIMARKET - Amalia Puga,2023-06-24,7,384.95,34,,
7,KUSI MINIMARKET - San Roque,2023-09-02,7,178.66,12,,
5,KUSI MINIMARKET - San Sebastián,2023-09-07,5,196.03,16,,
5,KUSI MINIMARKET - San Sebastián,2024-01-04,5,308.46,18,,
3,KUSI MINIMARKET - Amalia Puga,2024-03-26,3,259.2,21,Festividad local,Semana Santa
6,KUSI MINIMARKET - Silva Santisteban,2024-04-08,2,233.37,13,,
6,KUSI MINIMARKET - Silva Santisteban,2024-06-07,6,202.01,16,,
3,KUSI MINIMARKET - Amalia Puga,2024-07-01,2,393.84,33,,
5,KUSI MINIMARKET - San Sebastián,2024-07-19,6,177.81,13,,
6,KUSI MINIMARKET - Silva Santisteban,2024-07-29,2,260.23,22,Feriado nacional,Fiestas Patrias
3,KUSI MINIMARKET - Amalia Puga,2024-08-04,1,616.26,34,,
3,KUSI MINIMARKET - Amalia Puga,2024-08-08,5,434.99,31,,
3,KUSI MINIMARKET - Amalia Puga,2024-08-09,6,411.72,28,,
5,KUSI MINIMARKET - San Sebastián,2024-08-14,4,257.9,15,,
3,KUSI MINIMARKET - Amalia Puga,2024-11-03,1,420.91,28,,
6,KUSI MINIMARKET - Silva Santisteban,2025-02-15,7,345.95,23,Festividad local,Campaña escolar
3,KUSI MINIMARKET - Amalia Puga,2025-05-26,2,341.22,30,,
3,KUSI MINIMARKET - Amalia Puga,2025-07-21,2,574.46,37,,
7,KUSI MINIMARKET - San Roque,2025-07-29,3,207.17,14,Feriado nacional,Fiestas Patrias
4,KUSI MINIMARKET - Del Comercio,2023-03-12,1,352.0,22,Festividad local,Campaña escolar
4,KUSI MINIMARKET - Del Comercio,2023-03-20,2,308.74,21,,
7,KUSI MINIMARKET - San Roque,2023-04-18,3,147.36,17,,
4,KUSI MINIMARKET - Del Comercio,2023-04-23,1,317.41,23,,
4,KUSI MINIMARKET - Del Comercio,2023-05-08,2,297.71,22,,
4,KUSI MINIMARKET - Del Comercio,2023-06-06,3,410.68,31,,
4,KUSI MINIMARKET - Del Comercio,2023-06-28,4,249.6,18,,
4,KUSI MINIMARKET - Del Comercio,2023-07-06,5,199.81,20,,
4,KUSI MINIMARKET - Del Comercio,2023-07-20,5,175.34,13,,
4,KUSI MINIMARKET - Del Comercio,2023-08-05,7,365.94,25,,
5,KUSI MINIMARKET - San Sebastián,2023-08-22,3,260.55,18,,
4,KUSI MINIMARKET - Del Comercio,2023-08-25,6,234.92,14,,
4,KUSI MINIMARKET - Del Comercio,2023-09-04,2,361.16,21,,
4,KUSI MINIMARKET - Del Comercio,2023-11-03,6,213.13,18,,
4,KUSI MINIMARKET - Del Comercio,2023-12-02,7,455.27,31,,
4,KUSI MINIMARKET - Del Comercio,2024-01-25,5,345.99,25,,
4,KUSI MINIMARKET - Del Comercio,2024-03-06,4,369.17,27,Festividad local,Campaña escolar
7,KUSI MINIMARKET - San Roque,2024-05-05,1,255.45,18,,
7,KUSI MINIMARKET - San Roque,2024-07-16,3,178.53,16,,
4,KUSI MINIMARKET - Del Comercio,2024-08-16,6,390.7,25,,
3,KUSI MINIMARKET - Amalia Puga,2024-05-23,5,438.85,32,,
7,KUSI MINIMARKET - San Roque,2023-01-04,4,246.25,15,,
4,KUSI MINIMARKET - Del Comercio,2024-10-27,1,301.08,22,,
6,KUSI MINIMARKET - Silva Santisteban,2024-12-01,1,339.03,23,,
4,KUSI MINIMARKET - Del Comercio,2025-01-21,3,491.31,29,,
4,KUSI MINIMARKET - Del Comercio,2025-01-25,7,384.99,27,,
4,KUSI MINIMARKET - Del Comercio,2025-03-22,7,366.95,27,,
4,KUSI MINIMARKET - Del Comercio,2025-06-11,4,450.8,32,,
6,KUSI MINIMARKET - Silva Santisteban,2025-06-19,5,165.95,13,Festividad local,Corpus Christi
4,KUSI MINIMARKET - Del Comercio,2025-07-02,4,414.06,28,,
4,KUSI MINIMARKET - Del Comercio,2025-07-24,5,412.85,31,,
4,KUSI MINIMARKET - Del Comercio,2025-07-29,3,309.22,21,Feriado nacional,Fiestas Patrias
7,KUSI MINIMARKET - San Roque,2025-05-15,5,219.84,14,,
7,KUSI MINIMARKET - San Roque,2024-12-28,7,388.3,22,Festividad local,Fin de año
6,KUSI MINIMARKET - Silva Santisteban,2024-01-31,4,212.97,16,,
7,KUSI MINIMARKET - San Roque,2023-06-14,4,341.81,16,,
6,KUSI MINIMARKET - Silva Santisteban,2025-01-12,1,335.03,21,,
1,KUSI MINIMARKET - Vía de Evitamiento Norte,2024-06-30,1,725.44,50,,
7,KUSI MINIMARKET - San Roque,2023-09-10,1,274.42,21,,
5,KUSI MINIMARKET - San Sebastián,2024-07-30,3,209.72,15,,
7,KUSI MINIMARKET - San Roque,2024-08-07,4,131.71,12,,
3,KUSI MINIMARKET - Amalia Puga,2024-05-09,5,230.29,20,,
5,KUSI MINIMARKET - San Sebastián,2023-06-17,7,195.18,13,,
5,KUSI MINIMARKET - San Sebastián,2025-02-01,7,392.05,30,,
6,KUSI MINIMARKET - Silva Santisteban,2025-04-29,3,226.64,14,,
7,KUSI MINIMARKET - San Roque,2025-05-22,5,274.8,19,,
7,KUSI MINIMARKET - San Roque,2025-08-04,2,333.84,25,,
5,KUSI MINIMARKET - San Sebastián,2023-07-15,7,195.84,13,,
6,KUSI MINIMARKET - Silva Santisteban,2024-12-07,7,341.73,20,,
4,KUSI MINIMARKET - Del Comercio,2023-10-23,2,108.02,10,,
6,KUSI MINIMARKET - Silva Santisteban,2024-07-12,6,259.36,16,,
7,KUSI MINIMARKET - San Roque,2023-10-24,3,227.81,20,,
2,KUSI MINIMARKET - Hoyos Rubio,2025-05-07,4,603.49,38,,
7,KUSI MINIMARKET - San Roque,2024-07-04,5,139.29,12,,
7,KUSI MINIMARKET - San Roque,2024-07-02,3,248.95,20,,
5,KUSI MINIMARKET - San Sebastián,2024-11-24,1,388.51,26,,
6,KUSI MINIMARKET - Silva Santisteban,2024-08-14,4,248.03,19,,
6,KUSI MINIMARKET - Silva Santisteban,2024-07-25,5,128.54,12,,
5,KUSI MINIMARKET - San Sebastián,2023-06-03,7,316.46,21,,
5,KUSI MINIMARKET - San Sebastián,2025-03-03,2,273.08,21,Festividad local,Campaña escolar
2,KUSI MINIMARKET - Hoyos Rubio,2023-03-13,2,408.45,28,Festividad local,Campaña escolar
7,KUSI MINIMARKET - San Roque,2025-08-11,2,123.54,12,,
7,KUSI MINIMARKET - San Roque,2025-01-06,2,250.02,16,,
7,KUSI MINIMARKET - San Roque,2024-03-24,1,128.69,11,Festividad local,Semana Santa
4,KUSI MINIMARKET - Del Comercio,2024-09-18,4,244.59,20,,
4,KUSI MINIMARKET - Del Comercio,2023-05-09,3,223.24,18,,
5,KUSI MINIMARKET - San Sebastián,2024-04-22,2,238.61,17,,
7,KUSI MINIMARKET - San Roque,2025-08-06,4,382.32,24,,
7,KUSI MINIMARKET - San Roque,2023-02-25,7,188.05,17,Festividad local,Campaña escolar
7,KUSI MINIMARKET - San Roque,2025-05-18,1,224.21,19,,
3,KUSI MINIMARKET - Amalia Puga,2023-05-04,5,165.32,16,,
6,KUSI MINIMARKET - Silva Santisteban,2024-02-24,7,335.41,19,Festividad local,Campaña escolar
2,KUSI MINIMARKET - Hoyos Rubio,2024-08-05,2,432.17,26,,
4,KUSI MINIMARKET - Del Comercio,2024-06-28,6,384.73,29,,
7,KUSI MINIMARKET - San Roque,2023-02-18,7,106.21,6,Festividad local,Campaña escolar
7,KUSI MINIMARKET - San Roque,2024-11-20,4,283.43,19,,
7,KUSI MINIMARKET - San Roque,2024-04-14,1,344.75,21,,
7,KUSI MINIMARKET - San Roque,2023-08-28,2,227.66,18,,
7,KUSI MINIMARKET - San Roque,2023-08-14,2,217.7,17,,
5,KUSI MINIMARKET - San Sebastián,2025-02-20,5,117.55,8,Festividad local,Campaña escolar
4,KUSI MINIMARKET - Del Comercio,2025-04-10,5,296.68,23,,
2,KUSI MINIMARKET - Hoyos Rubio,2024-01-14,1,387.9,25,,
7,KUSI MINIMARKET - San Roque,2023-11-24,6,300.81,19,,
7,KUSI MINIMARKET - San Roque,2024-10-08,3,246.45,17,Feriado nacional,Combate de Angamos
7,KUSI MINIMARKET - San Roque,2024-01-14,1,249.78,13,,
7,KUSI MINIMARKET - San Roque,2025-08-01,6,287.01,17,,
7,KUSI MINIMARKET - San Roque,2023-08-11,6,141.89,12,,
7,KUSI MINIMARKET - San Roque,2024-05-20,2,278.66,21,,
7,KUSI MINIMARKET - San Roque,2023-07-31,2,104.89,8,,
3,KUSI MINIMARKET - Amalia Puga,2023-12-07,5,342.6,28,,
7,KUSI MINIMARKET - San Roque,2023-10-05,5,71.27,9,,
7,KUSI MINIMARKET - San Roque,2024-10-11,6,209.6,16,,
5,KUSI MINIMARKET - San Sebastián,2024-02-01,5,210.71,14,,
5,KUSI MINIMARKET - San Sebastián,2025-04-02,4,407.05,23,,
7,KUSI MINIMARKET - San Roque,2025-03-01,7,265.69,16,Festividad local,Campaña escolar
4,KUSI MINIMARKET - Del Comercio,2024-10-18,6,246.01,16,,
6,KUSI MINIMARKET - Silva Santisteban,2023-11-09,5,289.33,18,,
7,KUSI MINIMARKET - San Roque,2025-08-24,1,206.96,17,,
4,KUSI MINIMARKET - Del Comercio,2024-04-25,5,283.49,18,,
7,KUSI MINIMARKET - San Roque,2024-04-02,3,135.26,8,,
3,KUSI MINIMARKET - Amalia Puga,2025-02-08,7,337.52,27,,
6,KUSI MINIMARKET - Silva Santisteban,2024-09-14,7,377.73,22,,
3,KUSI MINIMARKET - Amalia Puga,2023-09-25,2,266.93,21,,
6,KUSI MINIMARKET - Silva Santisteban,2025-01-09,5,285.65,18,,
7,KUSI MINIMARKET - San Roque,2023-07-26,4,219.46,17,,
5,KUSI MINIMARKET - San Sebastián,2024-06-18,3,231.71,19,,
7,KUSI MINIMARKET - San Roque,2023-03-01,4,243.93,18,Festividad local,Campaña escolar
7,KUSI MINIMARKET - San Roque,2025-04-12,7,175.45,13,,
6,KUSI MINIMARKET - Silva Santisteban,2023-09-21,5,379.9,22,,
7,KUSI MINIMARKET - San Roque,2023-09-06,4,326.44,21,,
4,KUSI MINIMARKET - Del Comercio,2024-05-26,1,433.42,30,,
3,KUSI MINIMARKET - Amalia Puga,2024-05-02,5,344.06,28,,
7,KUSI MINIMARKET - San Roque,2024-12-14,7,231.68,18,,
4,KUSI MINIMARKET - Del Comercio,2024-02-04,1,283.07,24,,
3,KUSI MINIMARKET - Amalia Puga,2023-01-06,6,230.38,18,,
7,KUSI MINIMARKET - San Roque,2025-08-25,2,186.46,15,,
7,KUSI MINIMARKET - San Roque,2024-06-04,3,241.5,15,,
7,KUSI MINIMARKET - San Roque,2023-01-09,2,178.78,11,,
7,KUSI MINIMARKET - San Roque,2023-03-25,7,403.83,20,,
4,KUSI MINIMARKET - Del Comercio,2023-09-29,6,379.63,23,,
7,KUSI MINIMARKET - San Roque,2025-02-07,6,215.44,16,,
2,KUSI MINIMARKET - Hoyos Rubio,2025-06-10,3,361.8,25,,
3,KUSI MINIMARKET - Amalia Puga,2024-12-22,1,390.48,25,Festividad local,Campaña navideña
3,KUSI MINIMARKET - Amalia Puga,2024-08-20,3,385.41,23,,
4,KUSI MINIMARKET - Del Comercio,2023-08-20,1,312.96,22,,
7,KUSI MINIMARKET - San Roque,2023-01-03,3,92.92,9,,
6,KUSI MINIMARKET - Silva Santisteban,2023-02-11,7,239.84,15,,
2,KUSI MINIMARKET - Hoyos Rubio,2024-11-25,2,369.73,29,,
4,KUSI MINIMARKET - Del Comercio,2024-11-07,5,395.58,22,,
6,KUSI MINIMARKET - Silva Santisteban,2023-06-05,2,153.73,10,,
4,KUSI MINIMARKET - Del Comercio,2025-06-14,7,594.14,43,,
6,KUSI MINIMARKET - Silva Santisteban,2025-06-12,5,246.05,16,,
7,KUSI MINIMARKET - San Roque,2024-07-22,2,255.74,18,,
7,KUSI MINIMARKET - San Roque,2023-07-21,6,219.79,16,,
7,KUSI MINIMARKET - San Roque,2024-03-27,4,152.71,11,Festividad local,Semana Santa
5,KUSI MINIMARKET - San Sebastián,2023-03-09,5,220.47,17,Festividad local,Campaña escolar
7,KUSI MINIMARKET - San Roque,2023-03-02,5,234.13,14,Festividad local,Campaña escolar
7,KUSI MINIMARKET - San Roque,2023-02-22,4,217.74,17,Festividad local,Campaña escolar
5,KUSI MINIMARKET - San Sebastián,2024-11-10,1,248.93,19,,
5,KUSI MINIMARKET - San Sebastián,2023-06-08,5,256.63,19,Festividad local,Corpus Christi
5,KUSI MINIMARKET - San Sebastián,2023-01-03,3,74.34,8,,
5,KUSI MINIMARKET - San Sebastián,2024-06-07,6,123.92,12,,
7,KUSI MINIMARKET - San Roque,2023-11-18,7,169.78,15,,
7,KUSI MINIMARKET - San Roque,2024-05-30,5,204.43,17,Festividad local,Corpus Christi
5,KUSI MINIMARKET - San Sebastián,2024-11-02,7,436.11,22,,
3,KUSI MINIMARKET - Amalia Puga,2023-11-22,4,349.75,20,,
7,KUSI MINIMARKET - San Roque,2023-04-16,1,197.34,15,,
7,KUSI MINIMARKET - San Roque,2024-12-17,3,128.53,8,Festividad local,Campaña navideña
5,KUSI MINIMARKET - San Sebastián,2024-03-05,3,232.9,17,Festividad local,Campaña escolar
6,KUSI MINIMARKET - Silva Santisteban,2024-03-12,3,237.25,20,Festividad local,Campaña escolar
4,KUSI MINIMARKET - Del Comercio,2024-10-08,3,328.55,17,Feriado nacional,Combate de Angamos
5,KUSI MINIMARKET - San Sebastián,2024-03-21,5,151.29,11,,
7,KUSI MINIMARKET - San Roque,2024-08-04,1,198.04,14,,
6,KUSI MINIMARKET - Silva Santisteban,2025-04-15,3,283.9,20,Festividad local,Semana Santa
7,KUSI MINIMARKET - San Roque,2024-06-18,3,289.17,14,,
7,KUSI MINIMARKET - San Roque,2024-06-16,1,145.08,10,Festividad local,Día del Padre
5,KUSI MINIMARKET - San Sebastián,2023-10-29,1,276.16,19,,
5,KUSI MINIMARKET - San Sebastián,2023-01-17,3,257.61,19,,
6,KUSI MINIMARKET - Silva Santisteban,2023-02-02,5,258.48,18,,
1,KUSI MINIMARKET - Vía de Evitamiento Norte,2023-02-09,5,672.32,43,,
6,KUSI MINIMARKET - Silva Santisteban,2023-02-13,2,121.4,10,,
1,KUSI MINIMARKET - Vía de Evitamiento Norte,2023-02-15,4,626.75,47,Festividad local,Campaña escolar
1,KUSI MINIMARKET - Vía de Evitamiento Norte,2023-03-07,3,701.57,51,Festividad local,Campaña escolar
1,KUSI MINIMARKET - Vía de Evitamiento Norte,2023-03-09,5,903.42,57,Festividad local,Campaña escolar
1,KUSI MINIMARKET - Vía de Evitamiento Norte,2023-03-17,6,698.04,53,,
7,KUSI MINIMARKET - San Roque,2023-03-18,7,224.09,17,,
7,KUSI MINIMARKET - San Roque,2023-03-29,4,307.63,21,,
1,KUSI MINIMARKET - Vía de Evitamiento Norte,2023-03-30,5,544.13,41,,
1,KUSI MINIMARKET - Vía de Evitamiento Norte,2023-04-04,3,565.23,38,Festividad local,Semana Santa
1,KUSI MINIMARKET - Vía de Evitamiento Norte,2023-04-17,2,583.88,44,,
1,KUSI MINIMARKET - Vía de Evitamiento Norte,2023-04-22,7,738.05,49,,
5,KUSI MINIMARKET - San Sebastián,2023-04-30,1,262.69,20,,
1,KUSI MINIMARKET - Vía de Evitamiento Norte,2023-05-04,5,542.52,48,,
1,KUSI MINIMARKET - Vía de Evitamiento Norte,2023-05-06,7,882.35,59,,
1,KUSI MINIMARKET - Vía de Evitamiento Norte,2023-05-10,4,742.76,49,,
5,KUSI MINIMARKET - San Sebastián,2023-05-23,3,196.82,13,,
1,KUSI MINIMARKET - Vía de Evitamiento Norte,2023-05-29,2,590.73,43,,
1,KUSI MINIMARKET - Vía de Evitamiento Norte,2023-05-30,3,780.33,47,,
1,KUSI MINIMARKET - Vía de Evitamiento Norte,2023-05-31,4,824.05,57,,
1,KUSI MINIMARKET - Vía de Evitamiento Norte,2023-06-03,7,681.15,51,,
1,KUSI MINIMARKET - Vía de Evitamiento Norte,2023-06-11,1,579.1,45,,
6,KUSI MINIMARKET - Silva Santisteban,2023-06-15,5,215.46,15,,
1,KUSI MINIMARKET - Vía de Evitamiento Norte,2023-06-17,7,614.7,43,,
1,KUSI MINIMARKET - Vía de Evitamiento Norte,2023-06-24,7,881.48,56,,
6,KUSI MINIMARKET - Silva Santisteban,2023-07-07,6,353.27,19,,
1,KUSI MINIMARKET - Vía de Evitamiento Norte,2023-07-14,6,727.18,45,,
1,KUSI MINIMARKET - Vía de Evitamiento Norte,2023-07-20,5,510.19,42,,
7,KUSI MINIMARKET - San Roque,2023-07-27,5,326.76,19,,
1,KUSI MINIMARKET - Vía de Evitamiento Norte,2023-08-03,5,465.01,41,,
5,KUSI MINIMARKET - San Sebastián,2023-08-03,5,237.33,21,,
1,KUSI MINIMARKET - Vía de Evitamiento Norte,2023-08-13,1,506.33,44,,
1,KUSI MINIMARKET - Vía de Evitamiento Norte,2023-08-23,4,531.49,35,,
1,KUSI MINIMARKET - Vía de Evitamiento Norte,2023-08-25,6,827.81,52,,
1,KUSI MINIMARKET - Vía de Evitamiento Norte,2023-08-28,2,859.55,56,,
1,KUSI MINIMARKET - Vía de Evitamiento Norte,2023-09-09,7,669.63,55,,
5,KUSI MINIMARKET - San Sebastián,2023-09-09,7,293.77,22,,
6,KUSI MINIMARKET - Silva Santisteban,2023-09-24,1,317.74,19,,
1,KUSI MINIMARKET - Vía de Evitamiento Norte,2023-09-28,5,661.42,43,,
1,KUSI MINIMARKET - Vía de Evitamiento Norte,2023-10-03,3,562.38,49,,
1,KUSI MINIMARKET - Vía de Evitamiento Norte,2023-10-07,7,687.83,52,,
1,KUSI MINIMARKET - Vía de Evitamiento Norte,2023-10-08,1,593.21,51,Feriado nacional,Combate de Angamos
1,KUSI MINIMARKET - Vía de Evitamiento Norte,2023-10-10,3,687.03,48,,
1,KUSI MINIMARKET - Vía de Evitamiento Norte,2023-10-22,1,483.09,37,,
1,KUSI MINIMARKET - Vía de Evitamiento Norte,2023-10-23,2,717.11,58,,
1,KUSI MINIMARKET - Vía de Evitamiento Norte,2023-10-24,3,691.21,49,,
1,KUSI MINIMARKET - Vía de Evitamiento Norte,2023-10-30,2,670.63,48,,
7,KUSI MINIMARKET - San Roque,2023-11-02,5,142.3,10,,
7,KUSI MINIMARKET - San Roque,2023-11-04,7,313.07,22,,
1,KUSI MINIMARKET - Vía de Evitamiento Norte,2023-11-08,4,764.75,46,,
1,KUSI MINIMARKET - Vía de Evitamiento Norte,2023-11-18,7,1008.95,72,,
5,KUSI MINIMARKET - San Sebastián,2023-11-20,2,188.66,16,,
5,KUSI MINIMARKET - San Sebastián,2023-11-24,6,206.46,15,,
1,KUSI MINIMARKET - Vía de Evitamiento Norte,2023-12-07,5,1039.75,71,,
1,KUSI MINIMARKET - Vía de Evitamiento Norte,2023-12-10,1,758.04,58,,
7,KUSI MINIMARKET - San Roque,2023-12-12,3,347.78,26,,
1,KUSI MINIMARKET - Vía de Evitamiento Norte,2023-12-26,3,1015.04,66,Festividad local,Fin de año
5,KUSI MINIMARKET - San Sebastián,2023-12-28,5,461.02,31,Festividad local,Fin de año
1,KUSI MINIMARKET - Vía de Evitamiento Norte,2023-12-30,7,1160.47,70,Festividad local,Fin de año
6,KUSI MINIMARKET - Silva Santisteban,2024-01-03,4,236.3,15,,
7,KUSI MINIMARKET - San Roque,2024-01-05,6,171.73,14,,
6,KUSI MINIMARKET - Silva Santisteban,2024-01-12,6,236.26,18,,
1,KUSI MINIMARKET - Vía de Evitamiento Norte,2024-01-13,7,743.45,51,,
1,KUSI MINIMARKET - Vía de Evitamiento Norte,2024-01-22,2,664.26,47,,
5,KUSI MINIMARKET - San Sebastián,2024-01-24,4,266.93,16,,
6,KUSI MINIMARKET - Silva Santisteban,2024-02-05,2,241.16,18,,
1,KUSI MINIMARKET - Vía de Evitamiento Norte,2024-02-09,6,674.44,46,,
7,KUSI MINIMARKET - San Roque,2024-02-10,7,209.09,16,Festividad local,Carnaval de Cajamarca
7,KUSI MINIMARKET - San Roque,2024-02-11,1,166.49,15,Festividad local,Carnaval de Cajamarca
1,KUSI MINIMARKET - Vía de Evitamiento Norte,2024-02-11,1,540.65,38,Festividad local,Carnaval de Cajamarca
6,KUSI MINIMARKET - Silva Santisteban,2024-02-12,2,253.23,20,Festividad local,Carnaval de Cajamarca
7,KUSI MINIMARKET - San Roque,2024-02-17,7,307.12,21,Festividad local,Campaña escolar
1,KUSI MINIMARKET - Vía de Evitamiento Norte,2024-02-22,5,614.65,44,Festividad local,Campaña escolar
5,KUSI MINIMARKET - San Sebastián,2024-02-28,4,290.91,25,Festividad local,Campaña escolar
6,KUSI MINIMARKET - Silva Santisteban,2024-02-28,4,238.37,13,Festividad local,Campaña escolar
7,KUSI MINIMARKET - San Roque,2024-02-29,5,286.42,21,Festividad local,Campaña escolar
1,KUSI MINIMARKET - Vía de Evitamiento Norte,2024-03-01,6,572.28,44,Festividad local,Campaña escolar
5,KUSI MINIMARKET - San Sebastián,2024-03-04,2,143.91,10,Festividad local,Campaña escolar
1,KUSI MINIMARKET - Vía de Evitamiento Norte,2024-03-05,3,611.24,44,Festividad local,Campaña escolar
1,KUSI MINIMARKET - Vía de Evitamiento Norte,2024-03-06,4,529.55,37,Festividad local,Campaña escolar
7,KUSI MINIMARKET - San Roque,2024-03-07,5,118.12,8,Festividad local,Campaña escolar
5,KUSI MINIMARKET - San Sebastián,2024-03-10,1,132.35,16,Festividad local,Campaña escolar
5,KUSI MINIMARKET - San Sebastián,2024-03-17,1,250.94,16,,
5,KUSI MINIMARKET - San Sebastián,2024-03-23,7,197.38,16,,
6,KUSI MINIMARKET - Silva Santisteban,2024-03-27,4,184.76,17,Festividad local,Semana Santa
5,KUSI MINIMARKET - San Sebastián,2024-03-29,6,240.14,18,Feriado nacional,Jueves/Viernes Santo
1,KUSI MINIMARKET - Vía de Evitamiento Norte,2024-04-05,6,856.89,60,,
1,KUSI MINIMARKET - Vía de Evitamiento Norte,2024-04-07,1,934.54,55,,
1,KUSI MINIMARKET - Vía de Evitamiento Norte,2024-04-11,5,766.41,49,,
1,KUSI MINIMARKET - Vía de Evitamiento Norte,2024-04-17,4,586.34,43,,
5,KUSI MINIMARKET - San Sebastián,2024-04-26,6,288.33,22,,
6,KUSI MINIMARKET - Silva Santisteban,2024-05-16,5,228.38,18,,
1,KUSI MINIMARKET - Vía de Evitamiento Norte,2024-05-21,3,870.35,57,,
5,KUSI MINIMARKET - San Sebastián,2024-05-25,7,303.41,21,,
1,KUSI MINIMARKET - Vía de Evitamiento Norte,2024-06-09,1,494.47,40,,
6,KUSI MINIMARKET - Silva Santisteban,2024-06-13,5,173.01,13,,
1,KUSI MINIMARKET - Vía de Evitamiento Norte,2024-06-14,6,589.7,42,,
5,KUSI MINIMARKET - San Sebastián,2024-06-17,2,207.06,15,,
1,KUSI MINIMARKET - Vía de Evitamiento Norte,2024-06-28,6,902.91,62,,
5,KUSI MINIMARKET - San Sebastián,2024-07-04,5,224.98,17,,
1,KUSI MINIMARKET - Vía de Evitamiento Norte,2024-07-08,2,819.87,58,,
7,KUSI MINIMARKET - San Roque,2024-07-10,4,258.23,18,,
7,KUSI MINIMARKET - San Roque,2024-07-11,5,246.19,18,,
1,KUSI MINIMARKET - Vía de Evitamiento Norte,2024-07-16,3,732.25,51,,
1,KUSI MINIMARKET - Vía de Evitamiento Norte,2024-07-23,3,729.34,54,,
5,KUSI MINIMARKET - San Sebastián,2024-07-25,5,188.94,15,,
1,KUSI MINIMARKET - Vía de Evitamiento Norte,2024-07-27,7,861.01,56,,
1,KUSI MINIMARKET - Vía de Evitamiento Norte,2024-07-31,4,609.06,50,,
1,KUSI MINIMARKET - Vía de Evitamiento Norte,2024-08-04,1,649.6,48,,
5,KUSI MINIMARKET - San Sebastián,2024-08-05,2,379.29,19,,
1,KUSI MINIMARKET - Vía de Evitamiento Norte,2024-08-11,1,796.61,58,,
1,KUSI MINIMARKET - Vía de Evitamiento Norte,2024-08-16,6,703.36,48,,
7,KUSI MINIMARKET - San Roque,2024-08-16,6,226.55,19,,
1,KUSI MINIMARKET - Vía de Evitamiento Norte,2024-08-20,3,824.78,53,,
7,KUSI MINIMARKET - San Roque,2024-08-31,7,314.51,21,,
1,KUSI MINIMARKET - Vía de Evitamiento Norte,2024-09-03,3,665.81,45,,
7,KUSI MINIMARKET - San Roque,2024-03-28,5,117.42,10,Feriado nacional,Jueves/Viernes Santo
1,KUSI MINIMARKET - Vía de Evitamiento Norte,2024-05-18,7,688.6,50,,
1,KUSI MINIMARKET - Vía de Evitamiento Norte,2024-07-20,7,1066.56,62,,
7,KUSI MINIMARKET - San Roque,2024-08-09,6,256.42,18,,
7,KUSI MINIMARKET - San Roque,2024-08-14,4,255.79,24,,
6,KUSI MINIMARKET - Silva Santisteban,2024-09-11,4,343.95,23,,
1,KUSI MINIMARKET - Vía de Evitamiento Norte,2024-09-12,5,581.9,45,,
7,KUSI MINIMARKET - San Roque,2024-09-18,4,363.0,21,,
1,KUSI MINIMARKET - Vía de Evitamiento Norte,2024-09-28,7,918.52,63,,
1,KUSI MINIMARKET - Vía de Evitamiento Norte,2024-10-04,6,701.49,45,,
5,KUSI MINIMARKET - San Sebastián,2024-10-11,6,239.96,17,,
1,KUSI MINIMARKET - Vía de Evitamiento Norte,2024-10-16,4,680.5,48,,
1,KUSI MINIMARKET - Vía de Evitamiento Norte,2024-10-26,7,594.08,46,,
6,KUSI MINIMARKET - Silva Santisteban,2024-11-05,3,182.48,17,,
6,KUSI MINIMARKET - Silva Santisteban,2024-11-16,7,280.81,21,,
6,KUSI MINIMARKET - Silva Santisteban,2024-11-29,6,353.05,21,,
5,KUSI MINIMARKET - San Sebastián,2024-11-29,6,198.54,16,,
1,KUSI MINIMARKET - Vía de Evitamiento Norte,2024-12-10,3,675.3,48,,
1,KUSI MINIMARKET - Vía de Evitamiento Norte,2024-12-17,3,768.41,61,Festividad local,Campaña navideña
5,KUSI MINIMARKET - San Sebastián,2024-12-22,1,368.93,28,Festividad local,Campaña navideña
7,KUSI MINIMARKET - San Roque,2024-12-22,1,210.3,17,Festividad local,Campaña navideña
6,KUSI MINIMARKET - Silva Santisteban,2024-12-23,2,188.23,14,Festividad local,Campaña navideña
6,KUSI MINIMARKET - Silva Santisteban,2025-01-01,4,294.05,22,Feriado nacional,Año Nuevo
5,KUSI MINIMARKET - San Sebastián,2025-01-07,3,400.83,25,,
1,KUSI MINIMARKET - Vía de Evitamiento Norte,2025-01-11,7,652.52,52,,
5,KUSI MINIMARKET - San Sebastián,2025-01-19,1,219.47,19,,
1,KUSI MINIMARKET - Vía de Evitamiento Norte,2025-01-25,7,625.15,48,,
7,KUSI MINIMARKET - San Roque,2025-02-01,7,261.35,19,,
7,KUSI MINIMARKET - San Roque,2025-02-02,1,305.96,20,,
5,KUSI MINIMARKET - San Sebastián,2025-02-06,5,244.68,20,,
1,KUSI MINIMARKET - Vía de Evitamiento Norte,2025-02-11,3,587.09,49,,
1,KUSI MINIMARKET - Vía de Evitamiento Norte,2025-02-13,5,1160.28,74,,
1,KUSI MINIMARKET - Vía de Evitamiento Norte,2025-02-17,2,733.16,54,Festividad local,Campaña escolar
6,KUSI MINIMARKET - Silva Santisteban,2025-02-18,3,296.89,21,Festividad local,Campaña escolar
1,KUSI MINIMARKET - Vía de Evitamiento Norte,2025-02-19,4,602.57,49,Festividad local,Campaña escolar
1,KUSI MINIMARKET - Vía de Evitamiento Norte,2025-03-09,1,637.95,47,Festividad local,Campaña escolar
1,KUSI MINIMARKET - Vía de Evitamiento Norte,2025-03-10,2,1071.17,65,Festividad local,Campaña escolar
6,KUSI MINIMARKET - Silva Santisteban,2025-03-17,2,276.75,19,,
1,KUSI MINIMARKET - Vía de Evitamiento Norte,2025-04-05,7,698.45,56,,
5,KUSI MINIMARKET - San Sebastián,2025-04-13,1,201.35,21,Festividad local,Semana Santa
7,KUSI MINIMARKET - San Roque,2025-04-16,4,241.33,16,Festividad local,Semana Santa
1,KUSI MINIMARKET - Vía de Evitamiento Norte,2025-04-17,5,974.47,64,Feriado nacional,Jueves/Viernes Santo
1,KUSI MINIMARKET - Vía de Evitamiento Norte,2025-04-19,7,805.9,61,Festividad local,Semana Santa
1,KUSI MINIMARKET - Vía de Evitamiento Norte,2025-04-24,5,627.32,52,,
6,KUSI MINIMARKET - Silva Santisteban,2025-05-04,1,272.74,28,,
1,KUSI MINIMARKET - Vía de Evitamiento Norte,2025-05-07,4,1042.49,80,,
1,KUSI MINIMARKET - Vía de Evitamiento Norte,2025-05-09,6,1061.89,71,,
7,KUSI MINIMARKET - San Roque,2025-05-09,6,236.22,17,,
5,KUSI MINIMARKET - San Sebastián,2025-05-16,6,285.59,20,,
1,KUSI MINIMARKET - Vía de Evitamiento Norte,2025-05-17,7,847.01,58,,
1,KUSI MINIMARKET - Vía de Evitamiento Norte,2025-05-23,6,1014.15,70,,
1,KUSI MINIMARKET - Vía de Evitamiento Norte,2025-06-06,6,892.35,59,,
7,KUSI MINIMARKET - San Roque,2025-06-12,5,224.34,17,,
5,KUSI MINIMARKET - San Sebastián,2025-06-25,4,321.24,24,,
6,KUSI MINIMARKET - Silva Santisteban,2025-06-25,4,411.52,25,,
5,KUSI MINIMARKET - San Sebastián,2025-06-27,6,300.49,24,,
1,KUSI MINIMARKET - Vía de Evitamiento Norte,2025-06-29,1,825.54,58,Feriado nacional,San Pedro y San Pablo
1,KUSI MINIMARKET - Vía de Evitamiento Norte,2025-07-01,3,1171.64,76,,
6,KUSI MINIMARKET - Silva Santisteban,2025-07-02,4,424.71,26,,
5,KUSI MINIMARKET - San Sebastián,2025-07-12,7,425.49,26,,
1,KUSI MINIMARKET - Vía de Evitamiento Norte,2025-07-15,3,767.06,55,,
1,KUSI MINIMARKET - Vía de Evitamiento Norte,2025-07-18,6,703.98,53,,
1,KUSI MINIMARKET - Vía de Evitamiento Norte,2025-07-20,1,822.78,57,,
6,KUSI MINIMARKET - Silva Santisteban,2025-07-22,3,280.48,22,,
5,KUSI MINIMARKET - San Sebastián,2025-07-29,3,223.78,16,Feriado nacional,Fiestas Patrias
1,KUSI MINIMARKET - Vía de Evitamiento Norte,2025-08-01,6,764.26,54,,
6,KUSI MINIMARKET - Silva Santisteban,2025-08-01,6,210.84,15,,
1,KUSI MINIMARKET - Vía de Evitamiento Norte,2025-08-11,2,954.54,59,,
1,KUSI MINIMARKET - Vía de Evitamiento Norte,2025-08-13,4,919.31,61,,
5,KUSI MINIMARKET - San Sebastián,2025-08-16,7,337.44,23,,
6,KUSI MINIMARKET - Silva Santisteban,2023-01-29,1,179.21,15,,
2,KUSI MINIMARKET - Hoyos Rubio,2023-02-05,1,364.4,25,,
2,KUSI MINIMARKET - Hoyos Rubio,2023-02-12,1,225.31,17,,
6,KUSI MINIMARKET - Silva Santisteban,2023-02-16,5,279.75,18,Festividad local,Campaña escolar
2,KUSI MINIMARKET - Hoyos Rubio,2023-02-24,6,458.33,28,Festividad local,Campaña escolar
2,KUSI MINIMARKET - Hoyos Rubio,2023-03-05,1,445.49,30,Festividad local,Campaña escolar
2,KUSI MINIMARKET - Hoyos Rubio,2023-03-11,7,357.29,19,Festividad local,Campaña escolar
5,KUSI MINIMARKET - San Sebastián,2023-03-19,1,275.39,20,,
5,KUSI MINIMARKET - San Sebastián,2023-03-20,2,236.52,21,,
2,KUSI MINIMARKET - Hoyos Rubio,2023-03-24,6,347.95,28,,
2,KUSI MINIMARKET - Hoyos Rubio,2023-03-25,7,400.75,31,,
2,KUSI MINIMARKET - Hoyos Rubio,2023-04-06,5,394.34,28,Feriado nacional,Jueves/Viernes Santo
6,KUSI MINIMARKET - Silva Santisteban,2023-04-11,3,420.06,25,,
2,KUSI MINIMARKET - Hoyos Rubio,2023-04-16,1,520.93,38,,
2,KUSI MINIMARKET - Hoyos Rubio,2023-04-19,4,347.13,33,,
6,KUSI MINIMARKET - Silva Santisteban,2023-04-22,7,290.02,16,,
2,KUSI MINIMARKET - Hoyos Rubio,2023-04-24,2,478.05,39,,
2,KUSI MINIMARKET - Hoyos Rubio,2023-04-26,4,345.29,25,,
2,KUSI MINIMARKET - Hoyos Rubio,2023-05-06,7,378.01,29,,
2,KUSI MINIMARKET - Hoyos Rubio,2023-05-07,1,411.46,28,,
2,KUSI MINIMARKET - Hoyos Rubio,2023-05-25,5,339.79,22,,
2,KUSI MINIMARKET - Hoyos Rubio,2023-05-28,1,441.01,33,,
2,KUSI MINIMARKET - Hoyos Rubio,2023-06-15,5,305.96,26,,
2,KUSI MINIMARKET - Hoyos Rubio,2023-06-20,3,361.88,23,,
6,KUSI MINIMARKET - Silva Santisteban,2023-06-26,2,165.98,11,,
5,KUSI MINIMARKET - San Sebastián,2023-06-28,4,295.15,18,,
6,KUSI MINIMARKET - Silva Santisteban,2023-07-30,1,100.15,9,,
2,KUSI MINIMARKET - Hoyos Rubio,2023-08-20,1,496.49,33,,
6,KUSI MINIMARKET - Silva Santisteban,2023-08-23,4,475.61,21,,
2,KUSI MINIMARKET - Hoyos Rubio,2023-08-26,7,328.25,25,,
2,KUSI MINIMARKET - Hoyos Rubio,2023-08-29,3,375.72,30,,
2,KUSI MINIMARKET - Hoyos Rubio,2023-09-08,6,362.96,29,,
2,KUSI MINIMARKET - Hoyos Rubio,2023-09-15,6,460.03,29,,
5,KUSI MINIMARKET - San Sebastián,2023-09-21,5,243.0,17,,
2,KUSI MINIMARKET - Hoyos Rubio,2023-09-26,3,227.28,21,,
5,KUSI MINIMARKET - San Sebastián,2023-09-29,6,179.89,17,,
5,KUSI MINIMARKET - San Sebastián,2023-10-18,4,292.78,20,,
2,KUSI MINIMARKET - Hoyos Rubio,2023-10-18,4,475.42,37,,
2,KUSI MINIMARKET - Hoyos Rubio,2023-10-20,6,411.75,31,,
5,KUSI MINIMARKET - San Sebastián,2023-11-09,5,307.48,16,,
2,KUSI MINIMARKET - Hoyos Rubio,2023-11-14,3,463.94,32,,
2,KUSI MINIMARKET - Hoyos Rubio,2023-12-30,7,620.69,46,Festividad local,Fin de año
7,KUSI MINIMARKET - San Roque,2024-01-01,2,119.77,11,Feriado nacional,Año Nuevo
2,KUSI MINIMARKET - Hoyos Rubio,2024-01-04,5,402.6,28,,
2,KUSI MINIMARKET - Hoyos Rubio,2024-01-19,6,521.14,31,,
2,KUSI MINIMARKET - Hoyos Rubio,2024-01-20,7,427.81,32,,
2,KUSI MINIMARKET - Hoyos Rubio,2024-01-29,2,352.06,24,,
2,KUSI MINIMARKET - Hoyos Rubio,2024-02-11,1,480.05,31,Festividad local,Carnaval de Cajamarca
2,KUSI MINIMARKET - Hoyos Rubio,2024-02-13,3,436.96,29,Festividad local,Carnaval de Cajamarca
2,KUSI MINIMARKET - Hoyos Rubio,2024-02-21,4,191.24,12,Festividad local,Campaña escolar
2,KUSI MINIMARKET - Hoyos Rubio,2024-03-07,5,333.12,30,Festividad local,Campaña escolar
7,KUSI MINIMARKET - San Roque,2024-03-12,3,152.07,11,Festividad local,Campaña escolar
2,KUSI MINIMARKET - Hoyos Rubio,2024-03-19,3,419.41,29,,
2,KUSI MINIMARKET - Hoyos Rubio,2024-04-01,2,283.22,23,,
2,KUSI MINIMARKET - Hoyos Rubio,2024-04-02,3,460.21,32,,
2,KUSI MINIMARKET - Hoyos Rubio,2024-04-05,6,437.16,32,,
2,KUSI MINIMARKET - Hoyos Rubio,2024-04-08,2,411.68,28,,
2,KUSI MINIMARKET - Hoyos Rubio,2024-04-09,3,339.44,26,,
2,KUSI MINIMARKET - Hoyos Rubio,2024-04-13,7,497.73,37,,
6,KUSI MINIMARKET - Silva Santisteban,2024-04-24,4,160.64,16,,
2,KUSI MINIMARKET - Hoyos Rubio,2024-04-27,7,408.96,22,,
2,KUSI MINIMARKET - Hoyos Rubio,2024-05-03,6,470.48,29,,
2,KUSI MINIMARKET - Hoyos Rubio,2024-05-05,1,563.75,36,,
5,KUSI MINIMARKET - San Sebastián,2024-05-08,4,233.65,22,,
2,KUSI MINIMARKET - Hoyos Rubio,2024-05-14,3,348.74,27,,
5,KUSI MINIMARKET - San Sebastián,2024-05-16,5,254.62,19,,
2,KUSI MINIMARKET - Hoyos Rubio,2024-05-19,1,317.51,27,,
2,KUSI MINIMARKET - Hoyos Rubio,2024-05-22,4,364.34,22,,
5,KUSI MINIMARKET - San Sebastián,2024-05-23,5,351.89,25,,
5,KUSI MINIMARKET - San Sebastián,2024-05-30,5,220.73,19,Festividad local,Corpus Christi
2,KUSI MINIMARKET - Hoyos Rubio,2024-06-02,1,303.88,19,,
2,KUSI MINIMARKET - Hoyos Rubio,2024-06-05,4,313.17,24,,
2,KUSI MINIMARKET - Hoyos Rubio,2024-06-06,5,293.22,19,,
2,KUSI MINIMARKET - Hoyos Rubio,2024-06-15,7,408.77,30,,
2,KUSI MINIMARKET - Hoyos Rubio,2024-06-18,3,400.66,28,,
2,KUSI MINIMARKET - Hoyos Rubio,2024-06-24,2,211.22,19,,
2,KUSI MINIMARKET - Hoyos Rubio,2024-06-28,6,318.52,26,,
2,KUSI MINIMARKET - Hoyos Rubio,2024-07-03,4,553.06,34,,
2,KUSI MINIMARKET - Hoyos Rubio,2024-07-11,5,272.79,23,,
2,KUSI MINIMARKET - Hoyos Rubio,2024-07-16,3,238.85,19,,
2,KUSI MINIMARKET - Hoyos Rubio,2024-07-17,4,497.99,36,,
2,KUSI MINIMARKET - Hoyos Rubio,2024-07-27,7,491.95,36,,
2,KUSI MINIMARKET - Hoyos Rubio,2024-07-30,3,405.99,35,,
2,KUSI MINIMARKET - Hoyos Rubio,2024-08-19,2,413.77,29,,
5,KUSI MINIMARKET - San Sebastián,2024-08-31,7,274.62,21,,
2,KUSI MINIMARKET - Hoyos Rubio,2024-09-04,4,317.23,22,,
5,KUSI MINIMARKET - San Sebastián,2024-09-05,5,326.14,21,,
2,KUSI MINIMARKET - Hoyos Rubio,2024-09-09,2,463.53,30,,
2,KUSI MINIMARKET - Hoyos Rubio,2024-09-10,3,339.13,26,,
2,KUSI MINIMARKET - Hoyos Rubio,2024-09-20,6,255.88,18,,
2,KUSI MINIMARKET - Hoyos Rubio,2024-10-01,3,355.27,30,,
7,KUSI MINIMARKET - San Roque,2024-10-04,6,178.43,12,,
2,KUSI MINIMARKET - Hoyos Rubio,2024-10-06,1,471.22,33,,
2,KUSI MINIMARKET - Hoyos Rubio,2024-10-13,1,296.02,20,,
2,KUSI MINIMARKET - Hoyos Rubio,2024-10-19,7,404.47,24,,
7,KUSI MINIMARKET - San Roque,2024-10-24,5,196.75,16,,
5,KUSI MINIMARKET - San Sebastián,2024-10-28,2,330.81,24,,
6,KUSI MINIMARKET - Silva Santisteban,2024-11-17,1,303.74,22,,
2,KUSI MINIMARKET - Hoyos Rubio,2024-11-27,4,439.03,28,,
2,KUSI MINIMARKET - Hoyos Rubio,2024-12-07,7,440.21,33,,
6,KUSI MINIMARKET - Silva Santisteban,2025-01-06,2,288.62,21,,
2,KUSI MINIMARKET - Hoyos Rubio,2025-01-18,7,407.98,31,,
2,KUSI MINIMARKET - Hoyos Rubio,2025-01-22,4,478.07,31,,
6,KUSI MINIMARKET - Silva Santisteban,2025-02-05,4,276.67,22,,
6,KUSI MINIMARKET - Silva Santisteban,2023-01-04,4,269.36,19,,
5,KUSI MINIMARKET - San Sebastián,2023-01-07,7,129.48,8,,
6,KUSI MINIMARKET - Silva Santisteban,2023-01-13,6,240.31,13,,
6,KUSI MINIMARKET - Silva Santisteban,2023-01-30,2,276.36,18,,
5,KUSI MINIMARKET - San Sebastián,2023-01-31,3,305.88,19,,
7,KUSI MINIMARKET - San Roque,2023-02-13,2,277.74,19,,
5,KUSI MINIMARKET - San Sebastián,2023-02-23,5,137.8,12,Festividad local,Campaña escolar
6,KUSI MINIMARKET - Silva Santisteban,2023-03-03,6,318.62,23,Festividad local,Campaña escolar
6,KUSI MINIMARKET - Silva Santisteban,2023-03-07,3,110.31,9,Festividad local,Campaña escolar
7,KUSI MINIMARKET - San Roque,2023-03-17,6,245.37,19,,
6,KUSI MINIMARKET - Silva Santisteban,2023-03-22,4,266.47,17,,
6,KUSI MINIMARKET - Silva Santisteban,2023-04-01,7,247.6,17,,
6,KUSI MINIMARKET - Silva Santisteban,2023-04-04,3,183.26,12,Festividad local,Semana Santa
6,KUSI MINIMARKET - Silva Santisteban,2023-04-21,6,179.42,13,,
6,KUSI MINIMARKET - Silva Santisteban,2023-05-08,2,258.84,18,,
1,KUSI MINIMARKET - Vía de Evitamiento Norte,2023-05-11,5,706.07,45,,
5,KUSI MINIMARKET - San Sebastián,2023-05-18,5,249.13,17,,
6,KUSI MINIMARKET - Silva Santisteban,2023-05-20,7,296.27,20,,
6,KUSI MINIMARKET - Silva Santisteban,2023-06-07,4,250.46,18,,
6,KUSI MINIMARKET - Silva Santisteban,2023-06-29,5,234.6,23,Feriado nacional,San Pedro y San Pablo
1,KUSI MINIMARKET - Vía de Evitamiento Norte,2023-06-30,6,624.56,41,,
7,KUSI MINIMARKET - San Roque,2023-07-07,6,382.84,25,,
6,KUSI MINIMARKET - Silva Santisteban,2023-07-16,1,163.49,12,,
7,KUSI MINIMARKET - San Roque,2023-07-18,3,200.87,15,,
5,KUSI MINIMARKET - San Sebastián,2023-07-23,1,229.6,17,,
1,KUSI MINIMARKET - Vía de Evitamiento Norte,2023-07-23,1,783.75,60,,
6,KUSI MINIMARKET - Silva Santisteban,2023-07-28,6,173.74,12,Feriado nacional,Fiestas Patrias
5,KUSI MINIMARKET - San Sebastián,2023-07-31,2,254.17,18,,
1,KUSI MINIMARKET - Vía de Evitamiento Norte,2023-08-02,4,499.58,34,,
5,KUSI MINIMARKET - San Sebastián,2023-08-07,2,177.26,14,,
6,KUSI MINIMARKET - Silva Santisteban,2023-08-07,2,227.81,20,,
6,KUSI MINIMARKET - Silva Santisteban,2023-08-25,6,239.24,18,,
6,KUSI MINIMARKET - Silva Santisteban,2023-09-10,1,237.62,16,,
5,KUSI MINIMARKET - San Sebastián,2023-10-31,3,200.31,14,,
5,KUSI MINIMARKET - San Sebastián,2023-11-08,4,292.34,21,,
1,KUSI MINIMARKET - Vía de Evitamiento Norte,2023-11-10,6,691.31,51,,
6,KUSI MINIMARKET - Silva Santisteban,2023-12-10,1,241.76,20,,
7,KUSI MINIMARKET - San Roque,2023-12-30,7,379.75,20,Festividad local,Fin de año
1,KUSI MINIMARKET - Vía de Evitamiento Norte,2024-01-05,6,456.4,35,,
7,KUSI MINIMARKET - San Roque,2024-01-26,6,106.06,8,,
6,KUSI MINIMARKET - Silva Santisteban,2024-01-27,7,318.94,24,,
1,KUSI MINIMARKET - Vía de Evitamiento Norte,2024-01-28,1,607.15,41,,
6,KUSI MINIMARKET - Silva Santisteban,2024-02-20,3,240.32,17,Festividad local,Campaña escolar
5,KUSI MINIMARKET - San Sebastián,2024-04-25,5,353.55,24,,
7,KUSI MINIMARKET - San Roque,2024-05-01,4,245.94,18,Feriado nacional,Día del Trabajo
5,KUSI MINIMARKET - San Sebastián,2024-06-05,4,347.42,24,,
7,KUSI MINIMARKET - San Roque,2024-06-11,3,160.14,12,,
5,KUSI MINIMARKET - San Sebastián,2024-07-06,7,261.85,20,,
5,KUSI MINIMARKET - San Sebastián,2024-07-13,7,337.49,23,,
5,KUSI MINIMARKET - San Sebastián,2024-07-16,3,356.27,21,,
1,KUSI MINIMARKET - Vía de Evitamiento Norte,2024-07-30,3,778.72,54,,
6,KUSI MINIMARKET - Silva Santisteban,2024-07-31,4,215.51,11,,
7,KUSI MINIMARKET - San Roque,2024-08-01,5,212.12,21,,
6,KUSI MINIMARKET - Silva Santisteban,2024-09-05,5,175.28,14,,
1,KUSI MINIMARKET - Vía de Evitamiento Norte,2023-09-18,2,549.14,41,,
6,KUSI MINIMARKET - Silva Santisteban,2024-09-09,2,198.22,12,,
7,KUSI MINIMARKET - San Roque,2024-10-13,1,259.64,19,,
5,KUSI MINIMARKET - San Sebastián,2024-11-15,6,232.24,17,,
6,KUSI MINIMARKET - Silva Santisteban,2024-12-10,3,343.53,21,,
7,KUSI MINIMARKET - San Roque,2024-12-23,2,330.38,28,Festividad local,Campaña navideña
1,KUSI MINIMARKET - Vía de Evitamiento Norte,2025-01-07,3,524.97,39,,
6,KUSI MINIMARKET - Silva Santisteban,2025-01-10,6,242.02,20,,
1,KUSI MINIMARKET - Vía de Evitamiento Norte,2025-01-20,2,749.76,53,,
5,KUSI MINIMARKET - San Sebastián,2025-01-25,7,183.04,11,,
5,KUSI MINIMARKET - San Sebastián,2025-02-07,6,239.19,18,,
7,KUSI MINIMARKET - San Roque,2025-02-22,7,171.69,12,Festividad local,Campaña escolar
1,KUSI MINIMARKET - Vía de Evitamiento Norte,2025-04-07,2,946.92,69,,
7,KUSI MINIMARKET - San Roque,2025-04-14,2,255.43,24,Festividad local,Semana Santa
7,KUSI MINIMARKET - San Roque,2025-06-02,2,249.86,18,,
5,KUSI MINIMARKET - San Sebastián,2025-06-13,6,213.87,18,,
5,KUSI MINIMARKET - San Sebastián,2025-06-16,2,432.66,25,,
5,KUSI MINIMARKET - San Sebastián,2025-06-20,6,541.27,33,,
6,KUSI MINIMARKET - Silva Santisteban,2025-07-15,3,438.16,21,,
7,KUSI MINIMARKET - San Roque,2025-07-17,5,241.81,22,,
6,KUSI MINIMARKET - Silva Santisteban,2025-07-24,5,384.74,31,,
5,KUSI MINIMARKET - San Sebastián,2025-07-24,5,295.32,23,,
7,KUSI MINIMARKET - San Roque,2025-07-25,6,244.07,18,,
5,KUSI MINIMARKET - San Sebastián,2025-08-10,1,281.06,25,,
2,KUSI MINIMARKET - Hoyos Rubio,2023-02-07,3,272.24,19,,
2,KUSI MINIMARKET - Hoyos Rubio,2023-03-08,4,576.07,34,Festividad local,Campaña escolar
7,KUSI MINIMARKET - San Roque,2023-03-12,1,234.53,17,Festividad local,Campaña escolar
5,KUSI MINIMARKET - San Sebastián,2023-04-17,2,274.45,19,,
5,KUSI MINIMARKET - San Sebastián,2023-05-13,7,185.82,16,,
5,KUSI MINIMARKET - San Sebastián,2023-05-17,4,291.72,15,,
7,KUSI MINIMARKET - San Roque,2023-08-24,5,315.31,25,,
2,KUSI MINIMARKET - Hoyos Rubio,2023-08-27,1,396.35,35,,
6,KUSI MINIMARKET - Silva Santisteban,2023-09-17,1,225.82,12,,
2,KUSI MINIMARKET - Hoyos Rubio,2023-09-23,7,411.83,29,,
5,KUSI MINIMARKET - San Sebastián,2023-09-26,3,236.35,20,,
2,KUSI MINIMARKET - Hoyos Rubio,2023-11-17,6,483.59,30,,
5,KUSI MINIMARKET - San Sebastián,2023-12-14,5,254.6,19,,
2,KUSI MINIMARKET - Hoyos Rubio,2024-01-01,2,247.51,27,Feriado nacional,Año Nuevo
2,KUSI MINIMARKET - Hoyos Rubio,2024-01-27,7,378.93,28,,
5,KUSI MINIMARKET - San Sebastián,2024-02-13,3,306.5,16,Festividad local,Carnaval de Cajamarca
6,KUSI MINIMARKET - Silva Santisteban,2024-04-01,2,305.51,23,,
5,KUSI MINIMARKET - San Sebastián,2024-06-08,7,287.56,19,,
2,KUSI MINIMARKET - Hoyos Rubio,2024-08-07,4,383.83,27,,
2,KUSI MINIMARKET - Hoyos Rubio,2024-08-09,6,501.2,33,,
2,KUSI MINIMARKET - Hoyos Rubio,2024-09-17,3,375.51,23,,
6,KUSI MINIMARKET - Silva Santisteban,2024-09-27,6,273.76,18,,
2,KUSI MINIMARKET - Hoyos Rubio,2024-10-08,3,342.01,25,Feriado nacional,Combate de Angamos
2,KUSI MINIMARKET - Hoyos Rubio,2024-10-22,3,359.08,23,,
2,KUSI MINIMARKET - Hoyos Rubio,2024-10-26,7,494.17,38,,
2,KUSI MINIMARKET - Hoyos Rubio,2025-01-28,3,509.09,30,,
6,KUSI MINIMARKET - Silva Santisteban,2025-01-29,4,275.43,18,,
5,KUSI MINIMARKET - San Sebastián,2025-02-04,3,303.22,19,,
2,KUSI MINIMARKET - Hoyos Rubio,2025-02-13,5,457.87,39,,
2,KUSI MINIMARKET - Hoyos Rubio,2025-02-20,5,510.28,40,Festividad local,Campaña escolar
2,KUSI MINIMARKET - Hoyos Rubio,2025-02-25,3,441.54,29,Festividad local,Campaña escolar
5,KUSI MINIMARKET - San Sebastián,2025-03-02,1,280.68,18,Festividad local,Campaña escolar
2,KUSI MINIMARKET - Hoyos Rubio,2025-03-06,5,361.48,30,Festividad local,Campaña escolar
5,KUSI MINIMARKET - San Sebastián,2025-03-12,4,404.91,21,Festividad local,Campaña escolar
2,KUSI MINIMARKET - Hoyos Rubio,2025-03-13,5,324.75,22,Festividad local,Campaña escolar
2,KUSI MINIMARKET - Hoyos Rubio,2025-03-29,7,319.96,26,,
2,KUSI MINIMARKET - Hoyos Rubio,2025-05-12,2,545.69,35,,
2,KUSI MINIMARKET - Hoyos Rubio,2025-06-22,1,597.45,38,,
2,KUSI MINIMARKET - Hoyos Rubio,2025-06-28,7,385.64,27,,
2,KUSI MINIMARKET - Hoyos Rubio,2025-08-07,5,701.81,43,,
2,KUSI MINIMARKET - Hoyos Rubio,2025-08-18,2,676.17,36,,
3,KUSI MINIMARKET - Amalia Puga,2023-01-09,2,311.37,24,,
3,KUSI MINIMARKET - Amalia Puga,2023-02-23,5,456.63,23,Festividad local,Campaña escolar
3,KUSI MINIMARKET - Amalia Puga,2023-03-07,3,277.91,21,Festividad local,Campaña escolar
3,KUSI MINIMARKET - Amalia Puga,2023-03-17,6,409.83,27,,
3,KUSI MINIMARKET - Amalia Puga,2023-03-18,7,419.0,31,,
3,KUSI MINIMARKET - Amalia Puga,2023-03-20,2,267.84,24,,
3,KUSI MINIMARKET - Amalia Puga,2023-03-26,1,312.91,23,,
3,KUSI MINIMARKET - Amalia Puga,2023-03-28,3,384.87,31,,
3,KUSI MINIMARKET - Amalia Puga,2023-04-09,1,321.88,22,Festividad local,Semana Santa
3,KUSI MINIMARKET - Amalia Puga,2023-06-10,7,354.93,23,,
3,KUSI MINIMARKET - Amalia Puga,2023-06-19,2,341.01,25,,
6,KUSI MINIMARKET - Silva Santisteban,2023-07-03,2,193.01,17,,
3,KUSI MINIMARKET - Amalia Puga,2023-07-05,4,456.6,29,,
3,KUSI MINIMARKET - Amalia Puga,2023-07-10,2,613.76,41,,
5,KUSI MINIMARKET - San Sebastián,2023-07-24,2,278.83,22,,
3,KUSI MINIMARKET - Amalia Puga,2023-07-25,3,494.62,36,,
3,KUSI MINIMARKET - Amalia Puga,2023-07-29,7,459.6,32,Feriado nacional,Fiestas Patrias
3,KUSI MINIMARKET - Amalia Puga,2023-08-06,1,406.33,27,,
3,KUSI MINIMARKET - Amalia Puga,2023-08-08,3,381.86,26,,
3,KUSI MINIMARKET - Amalia Puga,2023-08-13,1,376.92,24,,
3,KUSI MINIMARKET - Amalia Puga,2023-09-05,3,281.85,20,,
3,KUSI MINIMARKET - Amalia Puga,2023-09-16,7,298.94,26,,
3,KUSI MINIMARKET - Amalia Puga,2023-10-10,3,428.75,35,,
6,KUSI MINIMARKET - Silva Santisteban,2023-10-18,4,395.24,27,,
3,KUSI MINIMARKET - Amalia Puga,2023-10-25,4,396.13,25,,
6,KUSI MINIMARKET - Silva Santisteban,2023-11-12,1,221.95,18,,
3,KUSI MINIMARKET - Amalia Puga,2023-12-17,1,578.3,42,Festividad local,Campaña navideña
3,KUSI MINIMARKET - Amalia Puga,2023-12-21,5,493.28,36,Festividad local,Campaña navideña
3,KUSI MINIMARKET - Amalia Puga,2024-01-14,1,360.0,27,,
3,KUSI MINIMARKET - Amalia Puga,2024-01-31,4,239.6,15,,
3,KUSI MINIMARKET - Amalia Puga,2024-02-07,4,119.18,12,,
3,KUSI MINIMARKET - Amalia Puga,2024-02-13,3,335.87,24,Festividad local,Carnaval de Cajamarca
6,KUSI MINIMARKET - Silva Santisteban,2024-02-16,6,235.81,18,Festividad local,Campaña escolar
3,KUSI MINIMARKET - Amalia Puga,2024-02-19,2,362.39,26,Festividad local,Campaña escolar
3,KUSI MINIMARKET - Amalia Puga,2024-03-03,1,341.47,21,Festividad local,Campaña escolar
3,KUSI MINIMARKET - Amalia Puga,2024-03-11,2,317.51,22,Festividad local,Campaña escolar
3,KUSI MINIMARKET - Amalia Puga,2024-04-01,2,514.58,29,,
3,KUSI MINIMARKET - Amalia Puga,2024-04-06,7,265.65,18,,
3,KUSI MINIMARKET - Amalia Puga,2024-04-09,3,475.5,35,,
3,KUSI MINIMARKET - Amalia Puga,2024-04-25,5,421.22,29,,
3,KUSI MINIMARKET - Amalia Puga,2024-05-17,6,287.65,22,,
3,KUSI MINIMARKET - Amalia Puga,2024-05-18,7,472.61,28,,
3,KUSI MINIMARKET - Amalia Puga,2024-06-07,6,534.45,41,,
3,KUSI MINIMARKET - Amalia Puga,2024-06-18,3,315.49,24,,
3,KUSI MINIMARKET - Amalia Puga,2024-06-19,4,376.33,31,,
6,KUSI MINIMARKET - Silva Santisteban,2024-06-30,1,229.89,18,,
3,KUSI MINIMARKET - Amalia Puga,2024-06-30,1,468.55,32,,
3,KUSI MINIMARKET - Amalia Puga,2024-07-14,1,410.36,32,,
3,KUSI MINIMARKET - Amalia Puga,2024-07-18,5,420.98,31,,
3,KUSI MINIMARKET - Amalia Puga,2024-07-22,2,358.86,26,,
3,KUSI MINIMARKET - Amalia Puga,2024-08-11,1,365.34,28,,
3,KUSI MINIMARKET - Amalia Puga,2024-08-14,4,314.47,21,,
7,KUSI MINIMARKET - San Roque,2024-08-28,4,290.11,20,,
3,KUSI MINIMARKET - Amalia Puga,2024-09-10,3,313.76,22,,
3,KUSI MINIMARKET - Amalia Puga,2024-09-22,1,396.59,28,,
6,KUSI MINIMARKET - Silva Santisteban,2024-10-28,2,219.86,14,,
3,KUSI MINIMARKET - Amalia Puga,2024-11-02,7,420.71,31,,
3,KUSI MINIMARKET - Amalia Puga,2024-11-04,2,230.84,19,,
3,KUSI MINIMARKET - Amalia Puga,2024-12-20,6,462.35,35,Festividad local,Campaña navideña
3,KUSI MINIMARKET - Amalia Puga,2024-12-28,7,408.93,32,Festividad local,Fin de año
3,KUSI MINIMARKET - Amalia Puga,2024-12-29,1,549.99,37,Festividad local,Fin de año
3,KUSI MINIMARKET - Amalia Puga,2024-12-30,2,471.44,33,Festividad local,Fin de año
6,KUSI MINIMARKET - Silva Santisteban,2025-01-02,5,124.68,14,,
3,KUSI MINIMARKET - Amalia Puga,2025-01-16,5,372.31,26,,
3,KUSI MINIMARKET - Amalia Puga,2025-01-28,3,408.99,29,,
3,KUSI MINIMARKET - Amalia Puga,2025-02-02,1,537.85,35,,
3,KUSI MINIMARKET - Amalia Puga,2025-02-04,3,417.26,28,,
3,KUSI MINIMARKET - Amalia Puga,2025-02-09,1,363.71,31,,
3,KUSI MINIMARKET - Amalia Puga,2025-02-25,3,369.09,31,Festividad local,Campaña escolar
3,KUSI MINIMARKET - Amalia Puga,2025-02-27,5,379.22,29,Festividad local,Campaña escolar
3,KUSI MINIMARKET - Amalia Puga,2025-04-02,4,382.72,32,,
3,KUSI MINIMARKET - Amalia Puga,2025-04-03,5,613.78,44,,
7,KUSI MINIMARKET - San Roque,2025-05-10,7,356.1,28,,
7,KUSI MINIMARKET - San Roque,2025-05-12,2,342.83,25,,
3,KUSI MINIMARKET - Amalia Puga,2025-05-14,4,385.0,30,,
3,KUSI MINIMARKET - Amalia Puga,2025-05-16,6,337.54,30,,
3,KUSI MINIMARKET - Amalia Puga,2025-05-18,1,647.31,43,,
3,KUSI MINIMARKET - Amalia Puga,2025-05-21,4,352.37,28,,
3,KUSI MINIMARKET - Amalia Puga,2025-05-24,7,389.37,28,,
3,KUSI MINIMARKET - Amalia Puga,2025-06-11,4,272.95,21,,
3,KUSI MINIMARKET - Amalia Puga,2025-06-13,6,455.26,40,,
3,KUSI MINIMARKET - Amalia Puga,2025-06-23,2,416.96,28,,
3,KUSI MINIMARKET - Amalia Puga,2025-07-11,6,486.96,31,,
3,KUSI MINIMARKET - Amalia Puga,2025-07-14,2,428.33,28,,
3,KUSI MINIMARKET - Amalia Puga,2025-07-28,2,379.62,30,Feriado nacional,Fiestas Patrias
3,KUSI MINIMARKET - Amalia Puga,2025-07-29,3,486.88,35,Feriado nacional,Fiestas Patrias
3,KUSI MINIMARKET - Amalia Puga,2025-08-13,4,468.5,37,,
3,KUSI MINIMARKET - Amalia Puga,2025-08-14,5,560.19,41,,
3,KUSI MINIMARKET - Amalia Puga,2025-08-21,5,321.03,29,,
3,KUSI MINIMARKET - Amalia Puga,2025-08-23,7,265.08,22,,
4,KUSI MINIMARKET - Del Comercio,2023-01-01,1,424.84,27,Feriado nacional,Año Nuevo
4,KUSI MINIMARKET - Del Comercio,2023-01-02,2,243.82,17,,
7,KUSI MINIMARKET - San Roque,2023-01-08,1,184.16,15,,
4,KUSI MINIMARKET - Del Comercio,2023-01-08,1,223.58,19,,
4,KUSI MINIMARKET - Del Comercio,2023-01-12,5,368.83,26,,
7,KUSI MINIMARKET - San Roque,2023-01-19,5,235.17,15,,
7,KUSI MINIMARKET - San Roque,2023-01-20,6,272.2,18,,
7,KUSI MINIMARKET - San Roque,2023-01-22,1,136.39,14,,
4,KUSI MINIMARKET - Del Comercio,2023-02-18,7,262.84,21,Festividad local,Campaña escolar
4,KUSI MINIMARKET - Del Comercio,2023-03-03,6,275.68,24,Festividad local,Campaña escolar
6,KUSI MINIMARKET - Silva Santisteban,2023-03-16,5,257.52,17,,
4,KUSI MINIMARKET - Del Comercio,2023-04-28,6,384.84,28,,
4,KUSI MINIMARKET - Del Comercio,2023-05-14,1,329.83,22,Festividad local,Día de la Madre
7,KUSI MINIMARKET - San Roque,2023-05-22,2,310.4,17,,
3,KUSI MINIMARKET - Amalia Puga,2025-06-26,5,444.22,28,,
7,KUSI MINIMARKET - San Roque,2023-06-05,2,250.49,13,,
4,KUSI MINIMARKET - Del Comercio,2023-06-22,5,204.58,16,,
4,KUSI MINIMARKET - Del Comercio,2023-07-02,1,387.16,27,,
7,KUSI MINIMARKET - San Roque,2023-07-11,3,287.68,20,,
4,KUSI MINIMARKET - Del Comercio,2023-07-13,5,264.35,20,,
4,KUSI MINIMARKET - Del Comercio,2023-07-15,7,346.56,30,,
4,KUSI MINIMARKET - Del Comercio,2023-08-09,4,355.27,28,,
4,KUSI MINIMARKET - Del Comercio,2023-08-13,1,393.96,26,,
4,KUSI MINIMARKET - Del Comercio,2023-08-17,5,445.08,34,,
6,KUSI MINIMARKET - Silva Santisteban,2023-08-18,6,389.91,26,,
4,KUSI MINIMARKET - Del Comercio,2023-09-01,6,539.49,37,,
4,KUSI MINIMARKET - Del Comercio,2023-09-14,5,467.91,32,,
7,KUSI MINIMARKET - San Roque,2023-09-15,6,291.62,18,,
4,KUSI MINIMARKET - Del Comercio,2023-09-27,4,320.68,21,,
4,KUSI MINIMARKET - Del Comercio,2023-10-02,2,274.37,17,,
4,KUSI MINIMARKET - Del Comercio,2023-10-07,7,268.04,18,,
4,KUSI MINIMARKET - Del Comercio,2023-10-10,3,309.58,23,,
4,KUSI MINIMARKET - Del Comercio,2023-10-16,2,342.36,29,,
4,KUSI MINIMARKET - Del Comercio,2023-10-20,6,261.61,24,,
4,KUSI MINIMARKET - Del Comercio,2023-11-08,4,195.59,17,,
4,KUSI MINIMARKET - Del Comercio,2023-11-09,5,340.06,24,,
4,KUSI MINIMARKET - Del Comercio,2023-11-15,4,308.29,22,,
6,KUSI MINIMARKET - Silva Santisteban,2024-01-16,3,350.64,20,,
6,KUSI MINIMARKET - Silva Santisteban,2024-02-03,7,199.57,16,,
5,KUSI MINIMARKET - San Sebastián,2024-02-11,1,289.44,20,Festividad local,Carnaval de Cajamarca
4,KUSI MINIMARKET - Del Comercio,2024-02-17,7,334.29,23,Festividad local,Campaña escolar
4,KUSI MINIMARKET - Del Comercio,2024-02-26,2,266.11,19,Festividad local,Campaña escolar
4,KUSI MINIMARKET - Del Comercio,2024-03-10,1,203.91,18,Festividad local,Campaña escolar
4,KUSI MINIMARKET - Del Comercio,2024-03-11,2,264.59,25,Festividad local,Campaña escolar
4,KUSI MINIMARKET - Del Comercio,2024-03-12,3,366.41,23,Festividad local,Campaña escolar
4,KUSI MINIMARKET - Del Comercio,2024-03-22,6,458.58,33,,
7,KUSI MINIMARKET - San Roque,2024-03-25,2,276.98,20,Festividad local,Semana Santa
4,KUSI MINIMARKET - Del Comercio,2024-03-25,2,303.76,20,Festividad local,Semana Santa
4,KUSI MINIMARKET - Del Comercio,2024-03-27,4,350.23,26,Festividad local,Semana Santa
4,KUSI MINIMARKET - Del Comercio,2024-04-12,6,408.8,28,,
4,KUSI MINIMARKET - Del Comercio,2024-04-22,2,372.38,27,,
4,KUSI MINIMARKET - Del Comercio,2024-05-21,3,288.73,22,,
4,KUSI MINIMARKET - Del Comercio,2024-06-12,4,174.73,15,,
4,KUSI MINIMARKET - Del Comercio,2024-06-21,6,184.05,15,,
4,KUSI MINIMARKET - Del Comercio,2024-06-22,7,305.49,25,,
4,KUSI MINIMARKET - Del Comercio,2024-06-24,2,346.74,21,,
4,KUSI MINIMARKET - Del Comercio,2024-06-29,7,405.1,29,Feriado nacional,San Pedro y San Pablo
4,KUSI MINIMARKET - Del Comercio,2024-07-15,2,382.45,29,,
4,KUSI MINIMARKET - Del Comercio,2024-08-06,3,410.44,28,,
4,KUSI MINIMARKET - Del Comercio,2024-08-10,7,371.2,23,,
4,KUSI MINIMARKET - Del Comercio,2024-08-15,5,497.75,35,,
4,KUSI MINIMARKET - Del Comercio,2024-09-30,2,372.38,30,,
4,KUSI MINIMARKET - Del Comercio,2024-10-11,6,334.18,26,,
4,KUSI MINIMARKET - Del Comercio,2024-10-23,4,414.87,27,,
4,KUSI MINIMARKET - Del Comercio,2024-10-24,5,419.77,29,,
4,KUSI MINIMARKET - Del Comercio,2024-11-12,3,285.82,25,,
4,KUSI MINIMARKET - Del Comercio,2024-11-17,1,401.91,27,,
4,KUSI MINIMARKET - Del Comercio,2024-11-18,2,352.96,27,,
4,KUSI MINIMARKET - Del Comercio,2024-11-20,4,425.97,30,,
4,KUSI MINIMARKET - Del Comercio,2024-11-28,5,377.27,27,,
4,KUSI MINIMARKET - Del Comercio,2024-11-29,6,375.6,32,,
4,KUSI MINIMARKET - Del Comercio,2024-12-01,1,496.42,32,,
4,KUSI MINIMARKET - Del Comercio,2024-12-25,4,259.63,23,Feriado nacional,Navidad
4,KUSI MINIMARKET - Del Comercio,2024-12-29,1,432.4,27,Festividad local,Fin de año
4,KUSI MINIMARKET - Del Comercio,2025-01-04,7,300.35,20,,
4,KUSI MINIMARKET - Del Comercio,2025-01-19,1,290.25,21,,
7,KUSI MINIMARKET - San Roque,2025-01-24,6,215.11,14,,
4,KUSI MINIMARKET - Del Comercio,2025-02-05,4,338.51,21,,
5,KUSI MINIMARKET - San Sebastián,2025-02-08,7,340.93,19,,
7,KUSI MINIMARKET - San Roque,2025-02-21,6,260.11,15,Festividad local,Campaña escolar
4,KUSI MINIMARKET - Del Comercio,2025-02-25,3,367.99,28,Festividad local,Campaña escolar
4,KUSI MINIMARKET - Del Comercio,2025-03-28,6,343.57,25,,
4,KUSI MINIMARKET - Del Comercio,2025-04-15,3,351.43,27,Festividad local,Semana Santa
4,KUSI MINIMARKET - Del Comercio,2025-05-23,6,336.76,27,,
4,KUSI MINIMARKET - Del Comercio,2025-05-26,2,275.83,17,,
4,KUSI MINIMARKET - Del Comercio,2025-05-30,6,661.33,41,,
7,KUSI MINIMARKET - San Roque,2025-06-07,7,256.51,26,,
4,KUSI MINIMARKET - Del Comercio,2025-06-16,2,451.4,36,,
4,KUSI MINIMARKET - Del Comercio,2025-06-19,5,331.95,27,Festividad local,Corpus Christi
4,KUSI MINIMARKET - Del Comercio,2025-06-21,7,386.59,33,,
4,KUSI MINIMARKET - Del Comercio,2025-06-22,1,337.11,27,,
4,KUSI MINIMARKET - Del Comercio,2025-07-22,3,310.46,19,,
4,KUSI MINIMARKET - Del Comercio,2025-07-31,5,453.73,27,,
5,KUSI MINIMARKET - San Sebastián,2025-08-14,5,345.84,26,,
4,KUSI MINIMARKET - Del Comercio,2025-08-27,4,522.55,43,,
2,KUSI MINIMARKET - Hoyos Rubio,2023-06-13,3,434.46,30,,
5,KUSI MINIMARKET - San Sebastián,2025-05-02,6,366.02,24,,
7,KUSI MINIMARKET - San Roque,2025-03-29,7,236.46,17,,
6,KUSI MINIMARKET - Silva Santisteban,2023-06-19,2,344.2,21,,
2,KUSI MINIMARKET - Hoyos Rubio,2024-05-31,6,403.13,28,,
7,KUSI MINIMARKET - San Roque,2023-02-08,4,232.04,16,,
3,KUSI MINIMARKET - Amalia Puga,2024-10-22,3,286.63,20,,
5,KUSI MINIMARKET - San Sebastián,2023-08-09,4,163.43,14,,
3,KUSI MINIMARKET - Amalia Puga,2024-08-25,1,443.61,36,,
3,KUSI MINIMARKET - Amalia Puga,2025-08-11,2,358.7,29,,
6,KUSI MINIMARKET - Silva Santisteban,2024-03-23,7,151.58,14,,
5,KUSI MINIMARKET - San Sebastián,2024-04-24,4,231.92,16,,
7,KUSI MINIMARKET - San Roque,2024-04-27,7,201.14,14,,
6,KUSI MINIMARKET - Silva Santisteban,2024-06-09,1,170.26,14,,
2,KUSI MINIMARKET - Hoyos Rubio,2025-04-26,7,331.83,25,,
6,KUSI MINIMARKET - Silva Santisteban,2023-09-11,2,183.96,15,,
3,KUSI MINIMARKET - Amalia Puga,2023-01-08,1,383.65,24,,
5,KUSI MINIMARKET - San Sebastián,2024-05-15,4,151.31,12,,
5,KUSI MINIMARKET - San Sebastián,2023-04-22,7,167.24,11,,
7,KUSI MINIMARKET - San Roque,2025-03-16,1,356.28,24,,
3,KUSI MINIMARKET - Amalia Puga,2023-08-31,5,408.11,31,,
6,KUSI MINIMARKET - Silva Santisteban,2025-02-19,4,295.38,21,Festividad local,Campaña escolar
7,KUSI MINIMARKET - San Roque,2024-05-12,1,263.09,15,Festividad local,Día de la Madre
3,KUSI MINIMARKET - Amalia Puga,2024-05-13,2,398.53,26,,
2,KUSI MINIMARKET - Hoyos Rubio,2025-02-12,4,400.38,30,,
2,KUSI MINIMARKET - Hoyos Rubio,2025-02-26,4,428.47,31,Festividad local,Campaña escolar
7,KUSI MINIMARKET - San Roque,2025-03-24,2,281.69,16,,
2,KUSI MINIMARKET - Hoyos Rubio,2025-03-24,2,473.2,31,,
2,KUSI MINIMARKET - Hoyos Rubio,2025-03-26,4,551.67,33,,
2,KUSI MINIMARKET - Hoyos Rubio,2025-04-20,1,372.35,29,Festividad local,Semana Santa
5,KUSI MINIMARKET - San Sebastián,2025-06-29,1,239.91,21,Feriado nacional,San Pedro y San Pablo
2,KUSI MINIMARKET - Hoyos Rubio,2025-06-29,1,381.27,26,Feriado nacional,San Pedro y San Pablo
2,KUSI MINIMARKET - Hoyos Rubio,2025-07-30,4,406.36,27,,
2,KUSI MINIMARKET - Hoyos Rubio,2025-08-17,1,360.28,23,,
3,KUSI MINIMARKET - Amalia Puga,2023-02-10,6,366.6,21,,
6,KUSI MINIMARKET - Silva Santisteban,2023-03-05,1,197.67,16,Festividad local,Campaña escolar
3,KUSI MINIMARKET - Amalia Puga,2023-03-12,1,404.17,33,Festividad local,Campaña escolar
3,KUSI MINIMARKET - Amalia Puga,2023-05-12,6,306.2,22,,
3,KUSI MINIMARKET - Amalia Puga,2023-06-11,1,379.46,30,,
3,KUSI MINIMARKET - Amalia Puga,2023-08-20,1,278.33,24,,
3,KUSI MINIMARKET - Amalia Puga,2023-08-22,3,278.72,27,,
3,KUSI MINIMARKET - Amalia Puga,2023-08-26,7,321.2,24,,
6,KUSI MINIMARKET - Silva Santisteban,2023-09-07,5,388.85,25,,
3,KUSI MINIMARKET - Amalia Puga,2024-01-18,5,300.48,22,,
3,KUSI MINIMARKET - Amalia Puga,2024-03-08,6,275.47,23,Festividad local,Campaña escolar
6,KUSI MINIMARKET - Silva Santisteban,2024-03-18,2,252.78,17,,
3,KUSI MINIMARKET - Amalia Puga,2024-04-22,2,384.72,27,,
3,KUSI MINIMARKET - Amalia Puga,2024-04-23,3,517.24,32,,
3,KUSI MINIMARKET - Amalia Puga,2024-05-04,7,462.45,30,,
3,KUSI MINIMARKET - Amalia Puga,2024-06-09,1,324.42,19,,
6,KUSI MINIMARKET - Silva Santisteban,2024-06-12,4,343.95,19,,
6,KUSI MINIMARKET - Silva Santisteban,2024-07-23,3,261.26,21,,
3,KUSI MINIMARKET - Amalia Puga,2024-09-01,1,292.72,21,,
6,KUSI MINIMARKET - Silva Santisteban,2024-12-11,4,313.74,25,,
3,KUSI MINIMARKET - Amalia Puga,2025-01-03,6,478.82,23,,
3,KUSI MINIMARKET - Amalia Puga,2025-02-21,6,317.89,26,Festividad local,Campaña escolar
5,KUSI MINIMARKET - San Sebastián,2025-03-25,3,144.41,11,,
3,KUSI MINIMARKET - Amalia Puga,2025-04-04,6,272.2,21,,
3,KUSI MINIMARKET - Amalia Puga,2025-07-05,7,363.71,25,,
6,KUSI MINIMARKET - Silva Santisteban,2025-08-25,2,290.6,17,,
4,KUSI MINIMARKET - Del Comercio,2023-03-13,2,359.56,24,Festividad local,Campaña escolar
5,KUSI MINIMARKET - San Sebastián,2023-04-08,7,287.54,16,Festividad local,Semana Santa
4,KUSI MINIMARKET - Del Comercio,2023-05-27,7,448.61,30,,
4,KUSI MINIMARKET - Del Comercio,2023-06-10,7,252.58,20,,
4,KUSI MINIMARKET - Del Comercio,2023-03-30,5,350.19,22,,
4,KUSI MINIMARKET - Del Comercio,2023-05-05,6,274.38,18,,
4,KUSI MINIMARKET - Del Comercio,2023-08-01,3,405.21,27,,
7,KUSI MINIMARKET - San Roque,2023-08-02,4,292.75,17,,
4,KUSI MINIMARKET - Del Comercio,2023-08-06,1,272.94,21,,
4,KUSI MINIMARKET - Del Comercio,2023-08-07,2,433.86,25,,
4,KUSI MINIMARKET - Del Comercio,2023-09-28,5,405.01,25,,
4,KUSI MINIMARKET - Del Comercio,2023-10-12,5,347.73,26,,
7,KUSI MINIMARKET - San Roque,2023-10-31,3,125.26,11,,
6,KUSI MINIMARKET - Silva Santisteban,2023-12-04,2,249.97,17,,
5,KUSI MINIMARKET - San Sebastián,2023-12-21,5,282.93,17,Festividad local,Campaña navideña
4,KUSI MINIMARKET - Del Comercio,2023-12-21,5,352.26,26,Festividad local,Campaña navideña
4,KUSI MINIMARKET - Del Comercio,2024-01-19,6,276.51,23,,
4,KUSI MINIMARKET - Del Comercio,2024-01-28,1,206.22,15,,
4,KUSI MINIMARKET - Del Comercio,2024-02-03,7,361.51,22,,
4,KUSI MINIMARKET - Del Comercio,2024-03-03,1,403.11,24,Festividad local,Campaña escolar
4,KUSI MINIMARKET - Del Comercio,2024-04-13,7,354.73,26,,
7,KUSI MINIMARKET - San Roque,2024-05-23,5,293.01,19,,
4,KUSI MINIMARKET - Del Comercio,2024-05-24,6,390.02,26,,
6,KUSI MINIMARKET - Silva Santisteban,2024-05-27,2,209.45,15,,
5,KUSI MINIMARKET - San Sebastián,2024-07-27,7,261.46,16,,
7,KUSI MINIMARKET - San Roque,2024-08-25,1,124.9,10,,
4,KUSI MINIMARKET - Del Comercio,2024-09-12,5,335.08,29,,
4,KUSI MINIMARKET - Del Comercio,2024-10-02,4,326.38,24,,
3,KUSI MINIMARKET - Amalia Puga,2024-03-18,2,276.33,21,,
4,KUSI MINIMARKET - Del Comercio,2023-05-31,4,227.29,15,,
7,KUSI MINIMARKET - San Roque,2024-11-08,6,177.05,14,,
7,KUSI MINIMARKET - San Roque,2024-11-23,7,243.27,19,,
4,KUSI MINIMARKET - Del Comercio,2025-01-17,6,438.96,28,,
4,KUSI MINIMARKET - Del Comercio,2025-02-03,2,304.3,20,,
4,KUSI MINIMARKET - Del Comercio,2025-02-24,2,411.85,30,Festividad local,Campaña escolar
7,KUSI MINIMARKET - San Roque,2025-03-08,7,425.97,27,Festividad local,Campaña escolar
4,KUSI MINIMARKET - Del Comercio,2025-03-15,7,346.53,25,Festividad local,Campaña escolar
6,KUSI MINIMARKET - Silva Santisteban,2025-03-26,4,258.44,21,,
6,KUSI MINIMARKET - Silva Santisteban,2025-05-25,1,507.77,25,,
4,KUSI MINIMARKET - Del Comercio,2025-05-27,3,341.74,32,,
4,KUSI MINIMARKET - Del Comercio,2025-08-04,2,396.8,26,,
4,KUSI MINIMARKET - Del Comercio,2025-08-23,7,421.64,30,,
2,KUSI MINIMARKET - Hoyos Rubio,2023-05-08,2,349.63,19,,
5,KUSI MINIMARKET - San Sebastián,2024-04-05,6,223.39,16,,
6,KUSI MINIMARKET - Silva Santisteban,2024-06-10,2,174.98,13,,
2,KUSI MINIMARKET - Hoyos Rubio,2025-07-22,3,419.23,30,,
6,KUSI MINIMARKET - Silva Santisteban,2025-08-16,7,344.84,22,,
2,KUSI MINIMARKET - Hoyos Rubio,2024-05-25,7,425.78,30,,
5,KUSI MINIMARKET - San Sebastián,2024-07-05,6,148.88,11,,
2,KUSI MINIMARKET - Hoyos Rubio,2025-01-10,6,352.63,28,,
7,KUSI MINIMARKET - San Roque,2024-08-19,2,151.81,8,,
5,KUSI MINIMARKET - San Sebastián,2024-04-23,3,159.91,11,,
6,KUSI MINIMARKET - Silva Santisteban,2023-03-24,6,216.83,12,,
4,KUSI MINIMARKET - Del Comercio,2024-06-13,5,225.59,19,,
7,KUSI MINIMARKET - San Roque,2023-10-02,2,182.98,14,,
6,KUSI MINIMARKET - Silva Santisteban,2023-01-31,3,130.26,9,,
6,KUSI MINIMARKET - Silva Santisteban,2023-07-27,5,214.21,16,,
5,KUSI MINIMARKET - San Sebastián,2025-06-11,4,215.18,18,,
7,KUSI MINIMARKET - San Roque,2023-02-02,5,165.27,13,,
7,KUSI MINIMARKET - San Roque,2024-06-08,7,139.13,14,,
6,KUSI MINIMARKET - Silva Santisteban,2023-06-25,1,220.22,14,,
2,KUSI MINIMARKET - Hoyos Rubio,2023-03-23,5,286.04,25,,
6,KUSI MINIMARKET - Silva Santisteban,2025-01-04,7,319.36,22,,
4,KUSI MINIMARKET - Del Comercio,2024-03-19,3,411.1,31,,
6,KUSI MINIMARKET - Silva Santisteban,2023-10-25,4,344.53,25,,
4,KUSI MINIMARKET - Del Comercio,2023-03-27,2,202.82,19,,
5,KUSI MINIMARKET - San Sebastián,2025-03-21,6,285.58,23,,
6,KUSI MINIMARKET - Silva Santisteban,2023-10-09,2,215.36,15,,
6,KUSI MINIMARKET - Silva Santisteban,2024-07-07,1,228.67,18,,
3,KUSI MINIMARKET - Amalia Puga,2025-03-09,1,272.73,22,Festividad local,Campaña escolar
4,KUSI MINIMARKET - Del Comercio,2023-02-03,6,325.59,24,,
6,KUSI MINIMARKET - Silva Santisteban,2023-11-21,3,285.63,21,,
7,KUSI MINIMARKET - San Roque,2023-05-04,5,309.69,23,,
2,KUSI MINIMARKET - Hoyos Rubio,2023-12-07,5,447.27,32,,
5,KUSI MINIMARKET - San Sebastián,2023-03-16,5,183.04,12,,
6,KUSI MINIMARKET - Silva Santisteban,2023-02-04,7,191.17,15,,
3,KUSI MINIMARKET - Amalia Puga,2024-11-13,4,437.14,29,,
6,KUSI MINIMARKET - Silva Santisteban,2025-05-28,4,320.84,24,,
7,KUSI MINIMARKET - San Roque,2023-05-11,5,247.59,13,,
7,KUSI MINIMARKET - San Roque,2024-09-07,7,92.66,9,,
7,KUSI MINIMARKET - San Roque,2024-06-06,5,188.72,13,,
7,KUSI MINIMARKET - San Roque,2023-02-05,1,354.63,22,,
5,KUSI MINIMARKET - San Sebastián,2024-10-19,7,98.37,8,,
5,KUSI MINIMARKET - San Sebastián,2025-07-23,4,208.3,17,,
5,KUSI MINIMARKET - San Sebastián,2024-04-02,3,232.96,15,,
6,KUSI MINIMARKET - Silva Santisteban,2025-01-16,5,287.82,17,,
7,KUSI MINIMARKET - San Roque,2025-04-09,4,98.0,10,,
3,KUSI MINIMARKET - Amalia Puga,2025-03-21,6,436.58,27,,
6,KUSI MINIMARKET - Silva Santisteban,2025-06-05,5,225.4,19,,
3,KUSI MINIMARKET - Amalia Puga,2025-03-15,7,268.94,23,Festividad local,Campaña escolar
7,KUSI MINIMARKET - San Roque,2024-01-30,3,261.54,18,,
5,KUSI MINIMARKET - San Sebastián,2023-12-16,7,300.67,28,Festividad local,Campaña navideña
5,KUSI MINIMARKET - San Sebastián,2025-04-08,3,284.28,18,,
6,KUSI MINIMARKET - Silva Santisteban,2023-04-02,1,370.8,25,Festividad local,Semana Santa
6,KUSI MINIMARKET - Silva Santisteban,2024-07-18,5,301.39,23,,
7,KUSI MINIMARKET - San Roque,2024-01-21,1,177.95,12,,
1,KUSI MINIMARKET - Vía de Evitamiento Norte,2024-09-30,2,571.22,45,,
5,KUSI MINIMARKET - San Sebastián,2023-07-13,5,258.52,17,,
6,KUSI MINIMARKET - Silva Santisteban,2024-01-11,5,66.36,7,,
5,KUSI MINIMARKET - San Sebastián,2024-07-26,6,272.61,21,,
6,KUSI MINIMARKET - Silva Santisteban,2024-06-27,5,207.67,18,,
7,KUSI MINIMARKET - San Roque,2024-10-17,5,247.78,18,,
5,KUSI MINIMARKET - San Sebastián,2024-08-01,5,347.75,18,,
5,KUSI MINIMARKET - San Sebastián,2024-11-25,2,199.0,12,,
4,KUSI MINIMARKET - Del Comercio,2024-03-26,3,304.82,19,Festividad local,Semana Santa
6,KUSI MINIMARKET - Silva Santisteban,2025-08-04,2,275.0,21,,
3,KUSI MINIMARKET - Amalia Puga,2025-01-22,4,296.35,23,,
5,KUSI MINIMARKET - San Sebastián,2024-01-21,1,236.06,16,,
4,KUSI MINIMARKET - Del Comercio,2023-10-29,1,307.25,25,,
7,KUSI MINIMARKET - San Roque,2024-05-13,2,151.59,13,,
7,KUSI MINIMARKET - San Roque,2023-03-26,1,372.34,21,,
7,KUSI MINIMARKET - San Roque,2023-01-13,6,298.42,19,,
2,KUSI MINIMARKET - Hoyos Rubio,2024-08-23,6,294.44,23,,
6,KUSI MINIMARKET - Silva Santisteban,2023-09-09,7,183.06,15,,
5,KUSI MINIMARKET - San Sebastián,2024-07-09,3,176.55,13,,
4,KUSI MINIMARKET - Del Comercio,2023-11-25,7,263.6,18,,
5,KUSI MINIMARKET - San Sebastián,2023-11-29,4,218.12,18,,
7,KUSI MINIMARKET - San Roque,2025-05-03,7,189.76,14,,
5,KUSI MINIMARKET - San Sebastián,2023-02-25,7,206.36,11,Festividad local,Campaña escolar
3,KUSI MINIMARKET - Amalia Puga,2025-08-29,6,393.74,25,,
3,KUSI MINIMARKET - Amalia Puga,2024-09-03,3,248.2,18,,
7,KUSI MINIMARKET - San Roque,2025-05-17,7,231.76,17,,
7,KUSI MINIMARKET - San Roque,2024-06-07,6,199.59,12,,
7,KUSI MINIMARKET - San Roque,2024-06-25,3,241.52,16,,
6,KUSI MINIMARKET - Silva Santisteban,2023-08-11,6,232.34,15,,
5,KUSI MINIMARKET - San Sebastián,2024-05-01,4,277.76,19,Feriado nacional,Día del Trabajo
3,KUSI MINIMARKET - Amalia Puga,2024-06-01,7,177.46,13,,
7,KUSI MINIMARKET - San Roque,2023-10-04,4,125.71,11,,
6,KUSI MINIMARKET - Silva Santisteban,2025-02-22,7,152.16,10,Festividad local,Campaña escolar
7,KUSI MINIMARKET - San Roque,2024-11-25,2,213.82,13,,
5,KUSI MINIMARKET - San Sebastián,2024-06-11,3,157.34,12,,
5,KUSI MINIMARKET - San Sebastián,2024-02-20,3,151.2,10,Festividad local,Campaña escolar
7,KUSI MINIMARKET - San Roque,2024-10-05,7,120.14,7,,
7,KUSI MINIMARKET - San Roque,2023-10-25,4,281.88,18,,
3,KUSI MINIMARKET - Amalia Puga,2025-07-19,7,418.57,32,,
5,KUSI MINIMARKET - San Sebastián,2024-05-19,1,278.69,17,,
3,KUSI MINIMARKET - Amalia Puga,2024-07-23,3,442.49,29,,
2,KUSI MINIMARKET - Hoyos Rubio,2023-09-13,4,186.95,18,,
6,KUSI MINIMARKET - Silva Santisteban,2023-08-30,4,138.93,14,Feriado nacional,Santa Rosa de Lima
2,KUSI MINIMARKET - Hoyos Rubio,2024-03-13,4,298.37,21,Festividad local,Campaña escolar
7,KUSI MINIMARKET - San Roque,2024-01-13,7,180.44,11,,
6,KUSI MINIMARKET - Silva Santisteban,2023-04-30,1,177.52,13,,
2,KUSI MINIMARKET - Hoyos Rubio,2024-11-10,1,268.31,21,,
7,KUSI MINIMARKET - San Roque,2025-01-14,3,272.51,15,,
6,KUSI MINIMARKET - Silva Santisteban,2024-07-26,6,214.93,14,,
7,KUSI MINIMARKET - San Roque,2023-08-09,4,219.61,13,,
3,KUSI MINIMARKET - Amalia Puga,2023-09-26,3,343.81,25,,
5,KUSI MINIMARKET - San Sebastián,2024-04-07,1,352.11,24,,
5,KUSI MINIMARKET - San Sebastián,2023-05-29,2,228.73,16,,
7,KUSI MINIMARKET - San Roque,2024-08-26,2,289.01,16,,
2,KUSI MINIMARKET - Hoyos Rubio,2024-02-02,6,266.08,23,,
6,KUSI MINIMARKET - Silva Santisteban,2023-07-06,5,301.38,21,,
6,KUSI MINIMARKET - Silva Santisteban,2023-06-13,3,207.43,10,,
7,KUSI MINIMARKET - San Roque,2024-09-17,3,163.79,11,,
7,KUSI MINIMARKET - San Roque,2024-06-14,6,296.16,22,,
7,KUSI MINIMARKET - San Roque,2025-03-04,3,232.26,13,Festividad local,Campaña escolar
6,KUSI MINIMARKET - Silva Santisteban,2025-02-11,3,234.76,15,,
7,KUSI MINIMARKET - San Roque,2025-03-20,5,175.14,12,,
6,KUSI MINIMARKET - Silva Santisteban,2023-11-07,3,158.7,11,,
5,KUSI MINIMARKET - San Sebastián,2023-06-07,4,164.39,16,,
6,KUSI MINIMARKET - Silva Santisteban,2025-02-16,1,154.74,9,Festividad local,Campaña escolar
5,KUSI MINIMARKET - San Sebastián,2023-02-18,7,122.77,10,Festividad local,Campaña escolar
7,KUSI MINIMARKET - San Roque,2023-01-02,2,296.72,15,,
1,KUSI MINIMARKET - Vía de Evitamiento Norte,2023-01-13,6,684.41,49,,
1,KUSI MINIMARKET - Vía de Evitamiento Norte,2023-01-25,4,567.05,37,,
6,KUSI MINIMARKET - Silva Santisteban,2023-01-27,6,271.52,23,,
1,KUSI MINIMARKET - Vía de Evitamiento Norte,2023-01-28,7,508.23,38,,
7,KUSI MINIMARKET - San Roque,2023-01-28,7,218.12,18,,
7,KUSI MINIMARKET - San Roque,2023-01-31,3,106.09,9,,
1,KUSI MINIMARKET - Vía de Evitamiento Norte,2023-02-03,6,565.06,41,,
1,KUSI MINIMARKET - Vía de Evitamiento Norte,2023-02-11,7,844.22,58,,
7,KUSI MINIMARKET - San Roque,2023-02-12,1,224.3,22,,
1,KUSI MINIMARKET - Vía de Evitamiento Norte,2023-02-13,2,598.17,37,,
1,KUSI MINIMARKET - Vía de Evitamiento Norte,2023-02-17,6,443.68,36,Festividad local,Campaña escolar
1,KUSI MINIMARKET - Vía de Evitamiento Norte,2023-02-22,4,543.72,40,Festividad local,Campaña escolar
6,KUSI MINIMARKET - Silva Santisteban,2023-03-02,5,337.82,26,Festividad local,Campaña escolar
1,KUSI MINIMARKET - Vía de Evitamiento Norte,2023-03-05,1,778.13,53,Festividad local,Campaña escolar
7,KUSI MINIMARKET - San Roque,2023-03-07,3,299.73,21,Festividad local,Campaña escolar
1,KUSI MINIMARKET - Vía de Evitamiento Norte,2023-03-08,4,619.87,40,Festividad local,Campaña escolar
1,KUSI MINIMARKET - Vía de Evitamiento Norte,2023-03-15,4,637.97,53,Festividad local,Campaña escolar
1,KUSI MINIMARKET - Vía de Evitamiento Norte,2023-03-24,6,814.52,51,,
1,KUSI MINIMARKET - Vía de Evitamiento Norte,2023-03-25,7,637.07,44,,
5,KUSI MINIMARKET - San Sebastián,2023-03-31,6,217.01,13,,
1,KUSI MINIMARKET - Vía de Evitamiento Norte,2023-04-05,4,621.96,41,Festividad local,Semana Santa
1,KUSI MINIMARKET - Vía de Evitamiento Norte,2023-04-07,6,564.98,42,Feriado nacional,Jueves/Viernes Santo
6,KUSI MINIMARKET - Silva Santisteban,2023-04-14,6,241.99,17,,
1,KUSI MINIMARKET - Vía de Evitamiento Norte,2023-04-15,7,601.8,44,,
1,KUSI MINIMARKET - Vía de Evitamiento Norte,2023-04-19,4,575.45,45,,
6,KUSI MINIMARKET - Silva Santisteban,2023-04-19,4,225.9,25,,
1,KUSI MINIMARKET - Vía de Evitamiento Norte,2023-04-25,3,613.32,46,,
1,KUSI MINIMARKET - Vía de Evitamiento Norte,2023-05-09,3,572.53,41,,
6,KUSI MINIMARKET - Silva Santisteban,2023-05-14,1,304.33,21,Festividad local,Día de la Madre
1,KUSI MINIMARKET - Vía de Evitamiento Norte,2023-05-15,2,797.27,50,,
1,KUSI MINIMARKET - Vía de Evitamiento Norte,2023-05-25,5,496.25,30,,
1,KUSI MINIMARKET - Vía de Evitamiento Norte,2023-05-27,7,803.45,53,,
7,KUSI MINIMARKET - San Roque,2023-06-03,7,234.07,14,,
1,KUSI MINIMARKET - Vía de Evitamiento Norte,2023-06-05,2,614.54,41,,
7,KUSI MINIMARKET - San Roque,2023-06-09,6,257.24,20,,
5,KUSI MINIMARKET - San Sebastián,2023-06-10,7,123.89,9,,
7,KUSI MINIMARKET - San Roque,2023-06-27,3,102.42,10,,
1,KUSI MINIMARKET - Vía de Evitamiento Norte,2023-06-29,5,746.33,54,Feriado nacional,San Pedro y San Pablo
5,KUSI MINIMARKET - San Sebastián,2023-07-08,7,271.23,21,,
5,KUSI MINIMARKET - San Sebastián,2023-07-10,2,308.25,21,,
1,KUSI MINIMARKET - Vía de Evitamiento Norte,2023-07-13,5,841.03,59,,
1,KUSI MINIMARKET - Vía de Evitamiento Norte,2023-07-17,2,720.75,50,,
5,KUSI MINIMARKET - San Sebastián,2023-07-18,3,271.99,17,,
1,KUSI MINIMARKET - Vía de Evitamiento Norte,2023-07-19,4,828.93,58,,
7,KUSI MINIMARKET - San Roque,2023-08-04,6,106.14,13,,
5,KUSI MINIMARKET - San Sebastián,2023-08-05,7,234.27,15,,
1,KUSI MINIMARKET - Vía de Evitamiento Norte,2023-08-12,7,790.9,60,,
7,KUSI MINIMARKET - San Roque,2023-08-15,3,199.22,14,,
1,KUSI MINIMARKET - Vía de Evitamiento Norte,2023-08-21,2,658.96,43,,
6,KUSI MINIMARKET - Silva Santisteban,2023-09-01,6,331.2,22,,
5,KUSI MINIMARKET - San Sebastián,2023-09-05,3,124.49,10,,
7,KUSI MINIMARKET - San Roque,2023-09-14,5,184.03,15,,
5,KUSI MINIMARKET - San Sebastián,2023-09-23,7,310.97,20,,
5,KUSI MINIMARKET - San Sebastián,2023-09-28,5,186.14,16,,
6,KUSI MINIMARKET - Silva Santisteban,2023-09-30,7,184.48,14,,
1,KUSI MINIMARKET - Vía de Evitamiento Norte,2023-10-01,1,778.59,58,,
1,KUSI MINIMARKET - Vía de Evitamiento Norte,2023-10-02,2,541.78,39,,
5,KUSI MINIMARKET - San Sebastián,2023-10-03,3,298.87,16,,
5,KUSI MINIMARKET - San Sebastián,2023-10-10,3,238.72,21,,
1,KUSI MINIMARKET - Vía de Evitamiento Norte,2023-10-12,5,740.8,53,,
1,KUSI MINIMARKET - Vía de Evitamiento Norte,2023-10-17,3,604.18,49,,
7,KUSI MINIMARKET - San Roque,2023-10-20,6,216.41,19,,
7,KUSI MINIMARKET - San Roque,2023-11-03,6,266.66,19,,
1,KUSI MINIMARKET - Vía de Evitamiento Norte,2023-11-09,5,520.4,39,,
5,KUSI MINIMARKET - San Sebastián,2023-11-11,7,185.5,16,,
1,KUSI MINIMARKET - Vía de Evitamiento Norte,2023-11-12,1,429.22,30,,
5,KUSI MINIMARKET - San Sebastián,2023-11-14,3,211.47,15,,
1,KUSI MINIMARKET - Vía de Evitamiento Norte,2023-11-15,4,878.08,56,,
6,KUSI MINIMARKET - Silva Santisteban,2023-11-27,2,274.68,20,,
1,KUSI MINIMARKET - Vía de Evitamiento Norte,2023-12-01,6,758.43,59,,
1,KUSI MINIMARKET - Vía de Evitamiento Norte,2023-12-03,1,885.29,61,,
1,KUSI MINIMARKET - Vía de Evitamiento Norte,2023-12-05,3,785.68,58,,
1,KUSI MINIMARKET - Vía de Evitamiento Norte,2023-12-09,7,871.18,56,,
6,KUSI MINIMARKET - Silva Santisteban,2023-12-12,3,388.02,28,,
6,KUSI MINIMARKET - Silva Santisteban,2023-12-18,2,346.38,27,Festividad local,Campaña navideña
5,KUSI MINIMARKET - San Sebastián,2023-12-18,2,346.01,23,Festividad local,Campaña navideña
7,KUSI MINIMARKET - San Roque,2023-12-20,4,367.22,19,Festividad local,Campaña navideña
5,KUSI MINIMARKET - San Sebastián,2023-12-26,3,458.02,27,Festividad local,Fin de año
1,KUSI MINIMARKET - Vía de Evitamiento Norte,2023-12-27,4,975.87,61,Festividad local,Fin de año
6,KUSI MINIMARKET - Silva Santisteban,2023-12-28,5,263.26,20,Festividad local,Fin de año
5,KUSI MINIMARKET - San Sebastián,2023-12-29,6,357.99,25,Festividad local,Fin de año
1,KUSI MINIMARKET - Vía de Evitamiento Norte,2024-01-01,2,596.47,42,Feriado nacional,Año Nuevo
1,KUSI MINIMARKET - Vía de Evitamiento Norte,2024-01-04,5,806.54,55,,
6,KUSI MINIMARKET - Silva Santisteban,2024-01-05,6,287.74,24,,
5,KUSI MINIMARKET - San Sebastián,2024-01-08,2,239.96,20,,
1,KUSI MINIMARKET - Vía de Evitamiento Norte,2024-01-10,4,559.49,50,,
1,KUSI MINIMARKET - Vía de Evitamiento Norte,2024-01-12,6,603.22,45,,
1,KUSI MINIMARKET - Vía de Evitamiento Norte,2024-01-15,2,571.89,45,,
7,KUSI MINIMARKET - San Roque,2024-01-18,5,273.43,17,,
1,KUSI MINIMARKET - Vía de Evitamiento Norte,2024-01-27,7,612.46,47,,
6,KUSI MINIMARKET - Silva Santisteban,2024-01-29,2,235.55,15,,
6,KUSI MINIMARKET - Silva Santisteban,2024-01-30,3,265.65,15,,
1,KUSI MINIMARKET - Vía de Evitamiento Norte,2024-02-02,6,746.56,57,,
1,KUSI MINIMARKET - Vía de Evitamiento Norte,2024-02-12,2,569.01,39,Festividad local,Carnaval de Cajamarca
6,KUSI MINIMARKET - Silva Santisteban,2024-02-18,1,203.29,14,Festividad local,Campaña escolar
1,KUSI MINIMARKET - Vía de Evitamiento Norte,2024-02-19,2,781.97,46,Festividad local,Campaña escolar
5,KUSI MINIMARKET - San Sebastián,2024-02-19,2,242.3,20,Festividad local,Campaña escolar
1,KUSI MINIMARKET - Vía de Evitamiento Norte,2024-02-23,6,504.6,43,Festividad local,Campaña escolar
1,KUSI MINIMARKET - Vía de Evitamiento Norte,2024-02-25,1,801.82,58,Festividad local,Campaña escolar
6,KUSI MINIMARKET - Silva Santisteban,2024-02-26,2,204.25,16,Festividad local,Campaña escolar
1,KUSI MINIMARKET - Vía de Evitamiento Norte,2024-02-27,3,585.47,43,Festividad local,Campaña escolar
5,KUSI MINIMARKET - San Sebastián,2024-03-09,7,244.88,16,Festividad local,Campaña escolar
1,KUSI MINIMARKET - Vía de Evitamiento Norte,2024-03-11,2,759.42,54,Festividad local,Campaña escolar
1,KUSI MINIMARKET - Vía de Evitamiento Norte,2024-03-19,3,817.71,53,,
7,KUSI MINIMARKET - San Roque,2024-03-21,5,203.89,17,,
1,KUSI MINIMARKET - Vía de Evitamiento Norte,2024-03-21,5,990.37,64,,
1,KUSI MINIMARKET - Vía de Evitamiento Norte,2024-03-22,6,636.7,52,,
1,KUSI MINIMARKET - Vía de Evitamiento Norte,2024-03-26,3,696.92,51,Festividad local,Semana Santa
1,KUSI MINIMARKET - Vía de Evitamiento Norte,2024-04-09,3,521.39,33,,
1,KUSI MINIMARKET - Vía de Evitamiento Norte,2024-04-14,1,884.18,55,,
7,KUSI MINIMARKET - San Roque,2024-05-03,6,129.62,14,,
1,KUSI MINIMARKET - Vía de Evitamiento Norte,2024-05-07,3,836.19,52,,
1,KUSI MINIMARKET - Vía de Evitamiento Norte,2024-05-08,4,677.61,45,,
1,KUSI MINIMARKET - Vía de Evitamiento Norte,2024-05-12,1,739.37,51,Festividad local,Día de la Madre
7,KUSI MINIMARKET - San Roque,2024-05-14,3,209.22,13,,
1,KUSI MINIMARKET - Vía de Evitamiento Norte,2024-05-14,3,639.07,49,,
1,KUSI MINIMARKET - Vía de Evitamiento Norte,2024-05-15,4,822.76,54,,
1,KUSI MINIMARKET - Vía de Evitamiento Norte,2024-05-23,5,835.65,55,,
1,KUSI MINIMARKET - Vía de Evitamiento Norte,2024-06-03,2,592.34,51,,
1,KUSI MINIMARKET - Vía de Evitamiento Norte,2024-06-04,3,523.97,40,,
1,KUSI MINIMARKET - Vía de Evitamiento Norte,2024-06-11,3,669.92,51,,
7,KUSI MINIMARKET - San Roque,2024-06-15,7,194.51,11,,
7,KUSI MINIMARKET - San Roque,2024-06-24,2,285.89,18,,
1,KUSI MINIMARKET - Vía de Evitamiento Norte,2024-07-07,1,599.95,45,,
6,KUSI MINIMARKET - Silva Santisteban,2024-07-11,5,343.58,19,,
7,KUSI MINIMARKET - San Roque,2024-07-15,2,192.11,16,,
6,KUSI MINIMARKET - Silva Santisteban,2024-07-20,7,265.97,19,,
6,KUSI MINIMARKET - Silva Santisteban,2024-08-01,5,246.47,21,,
1,KUSI MINIMARKET - Vía de Evitamiento Norte,2024-08-02,6,584.26,38,,
5,KUSI MINIMARKET - San Sebastián,2024-08-04,1,265.51,19,,
1,KUSI MINIMARKET - Vía de Evitamiento Norte,2024-08-08,5,606.04,49,,
1,KUSI MINIMARKET - Vía de Evitamiento Norte,2024-08-18,1,613.18,47,,
5,KUSI MINIMARKET - San Sebastián,2024-08-19,2,181.46,12,,
1,KUSI MINIMARKET - Vía de Evitamiento Norte,2024-08-25,1,558.69,42,,
1,KUSI MINIMARKET - Vía de Evitamiento Norte,2024-08-26,2,432.88,34,,
6,KUSI MINIMARKET - Silva Santisteban,2024-08-28,4,337.48,27,,
6,KUSI MINIMARKET - Silva Santisteban,2024-09-06,6,262.44,22,,
7,KUSI MINIMARKET - San Roque,2024-09-08,1,256.65,18,,
1,KUSI MINIMARKET - Vía de Evitamiento Norte,2023-04-02,1,767.65,53,Festividad local,Semana Santa
7,KUSI MINIMARKET - San Roque,2023-12-18,2,397.08,22,Festividad local,Campaña navideña
5,KUSI MINIMARKET - San Sebastián,2024-02-25,1,302.15,16,Festividad local,Campaña escolar
5,KUSI MINIMARKET - San Sebastián,2024-09-14,7,224.19,16,,
1,KUSI MINIMARKET - Vía de Evitamiento Norte,2024-09-15,1,596.53,39,,
5,KUSI MINIMARKET - San Sebastián,2024-09-20,6,291.28,22,,
7,KUSI MINIMARKET - San Roque,2024-10-15,3,157.11,13,,
7,KUSI MINIMARKET - San Roque,2024-10-28,2,272.72,20,,
6,KUSI MINIMARKET - Silva Santisteban,2024-10-31,5,300.95,21,,
5,KUSI MINIMARKET - San Sebastián,2024-11-01,6,320.56,22,Feriado nacional,Todos los Santos
1,KUSI MINIMARKET - Vía de Evitamiento Norte,2024-11-01,6,858.18,57,Feriado nacional,Todos los Santos
7,KUSI MINIMARKET - San Roque,2024-11-01,6,186.72,16,Feriado nacional,Todos los Santos
1,KUSI MINIMARKET - Vía de Evitamiento Norte,2024-11-04,2,876.1,62,,
6,KUSI MINIMARKET - Silva Santisteban,2024-11-08,6,187.47,15,,
7,KUSI MINIMARKET - San Roque,2024-11-15,6,239.63,16,,
1,KUSI MINIMARKET - Vía de Evitamiento Norte,2024-11-15,6,848.13,45,,
5,KUSI MINIMARKET - San Sebastián,2024-11-19,3,289.05,24,,
7,KUSI MINIMARKET - San Roque,2024-11-19,3,359.68,26,,
1,KUSI MINIMARKET - Vía de Evitamiento Norte,2024-11-20,4,602.98,43,,
5,KUSI MINIMARKET - San Sebastián,2024-12-03,3,377.56,28,,
1,KUSI MINIMARKET - Vía de Evitamiento Norte,2024-12-09,2,911.91,61,,
5,KUSI MINIMARKET - San Sebastián,2024-12-14,7,334.12,17,,
5,KUSI MINIMARKET - San Sebastián,2024-12-28,7,217.92,16,Festividad local,Fin de año
7,KUSI MINIMARKET - San Roque,2025-01-01,4,436.59,28,Feriado nacional,Año Nuevo
5,KUSI MINIMARKET - San Sebastián,2025-01-01,4,229.3,15,Feriado nacional,Año Nuevo
1,KUSI MINIMARKET - Vía de Evitamiento Norte,2025-01-02,5,865.8,60,,
1,KUSI MINIMARKET - Vía de Evitamiento Norte,2025-01-06,2,780.74,49,,
1,KUSI MINIMARKET - Vía de Evitamiento Norte,2025-01-13,2,800.7,49,,
1,KUSI MINIMARKET - Vía de Evitamiento Norte,2025-01-14,3,484.4,39,,
6,KUSI MINIMARKET - Silva Santisteban,2025-01-20,2,334.0,22,,
5,KUSI MINIMARKET - San Sebastián,2025-01-22,4,283.2,19,,
7,KUSI MINIMARKET - San Roque,2025-02-12,4,296.34,18,,
5,KUSI MINIMARKET - San Sebastián,2025-02-18,3,230.67,14,Festividad local,Campaña escolar
7,KUSI MINIMARKET - San Roque,2025-02-19,4,169.52,14,Festividad local,Campaña escolar
1,KUSI MINIMARKET - Vía de Evitamiento Norte,2025-02-24,2,735.98,59,Festividad local,Campaña escolar
5,KUSI MINIMARKET - San Sebastián,2025-02-24,2,361.34,24,Festividad local,Campaña escolar
1,KUSI MINIMARKET - Vía de Evitamiento Norte,2025-03-08,7,914.07,61,Festividad local,Campaña escolar
1,KUSI MINIMARKET - Vía de Evitamiento Norte,2025-03-11,3,627.32,54,Festividad local,Campaña escolar
1,KUSI MINIMARKET - Vía de Evitamiento Norte,2025-03-20,5,752.36,55,,
1,KUSI MINIMARKET - Vía de Evitamiento Norte,2025-03-22,7,734.59,55,,
1,KUSI MINIMARKET - Vía de Evitamiento Norte,2025-03-24,2,819.03,52,,
6,KUSI MINIMARKET - Silva Santisteban,2025-03-25,3,206.48,18,,
1,KUSI MINIMARKET - Vía de Evitamiento Norte,2025-03-27,5,758.27,53,,
1,KUSI MINIMARKET - Vía de Evitamiento Norte,2025-03-28,6,803.3,54,,
5,KUSI MINIMARKET - San Sebastián,2025-03-29,7,273.42,22,,
1,KUSI MINIMARKET - Vía de Evitamiento Norte,2025-03-30,1,967.0,61,,
1,KUSI MINIMARKET - Vía de Evitamiento Norte,2025-04-03,5,900.34,60,,
6,KUSI MINIMARKET - Silva Santisteban,2025-04-05,7,368.59,27,,
6,KUSI MINIMARKET - Silva Santisteban,2025-04-06,1,250.99,23,,
7,KUSI MINIMARKET - San Roque,2025-04-07,2,235.93,14,,
6,KUSI MINIMARKET - Silva Santisteban,2025-04-10,5,232.17,16,,
1,KUSI MINIMARKET - Vía de Evitamiento Norte,2025-04-12,7,832.5,54,,
1,KUSI MINIMARKET - Vía de Evitamiento Norte,2025-04-14,2,725.88,51,Festividad local,Semana Santa
1,KUSI MINIMARKET - Vía de Evitamiento Norte,2025-04-29,3,812.05,54,,
7,KUSI MINIMARKET - San Roque,2025-04-29,3,334.02,24,,
1,KUSI MINIMARKET - Vía de Evitamiento Norte,2025-04-30,4,629.59,47,,
1,KUSI MINIMARKET - Vía de Evitamiento Norte,2025-05-03,7,947.62,60,,
1,KUSI MINIMARKET - Vía de Evitamiento Norte,2025-05-06,3,892.14,65,,
7,KUSI MINIMARKET - San Roque,2025-05-07,4,274.45,21,,
5,KUSI MINIMARKET - San Sebastián,2025-05-19,2,234.67,21,,
1,KUSI MINIMARKET - Vía de Evitamiento Norte,2025-05-20,3,808.27,53,,
1,KUSI MINIMARKET - Vía de Evitamiento Norte,2025-05-26,2,890.04,55,,
1,KUSI MINIMARKET - Vía de Evitamiento Norte,2025-06-07,7,776.9,56,,
5,KUSI MINIMARKET - San Sebastián,2025-06-10,3,267.37,20,,
6,KUSI MINIMARKET - Silva Santisteban,2025-06-15,1,374.12,26,Festividad local,Día del Padre
5,KUSI MINIMARKET - San Sebastián,2025-06-21,7,296.84,22,,
5,KUSI MINIMARKET - San Sebastián,2025-06-24,3,244.25,17,,
5,KUSI MINIMARKET - San Sebastián,2025-06-28,7,370.0,23,,
7,KUSI MINIMARKET - San Roque,2025-07-04,6,337.57,24,,
5,KUSI MINIMARKET - San Sebastián,2025-07-07,2,306.09,27,,
1,KUSI MINIMARKET - Vía de Evitamiento Norte,2025-07-07,2,831.45,62,,
1,KUSI MINIMARKET - Vía de Evitamiento Norte,2025-07-08,3,713.09,53,,
1,KUSI MINIMARKET - Vía de Evitamiento Norte,2025-07-12,7,977.74,77,,
6,KUSI MINIMARKET - Silva Santisteban,2025-07-17,5,367.89,24,,
1,KUSI MINIMARKET - Vía de Evitamiento Norte,2025-07-31,5,801.23,57,,
1,KUSI MINIMARKET - Vía de Evitamiento Norte,2025-08-02,7,759.06,54,,
6,KUSI MINIMARKET - Silva Santisteban,2025-08-02,7,254.63,19,,
6,KUSI MINIMARKET - Silva Santisteban,2025-08-03,1,434.27,28,,
6,KUSI MINIMARKET - Silva Santisteban,2025-08-07,5,173.57,14,,
1,KUSI MINIMARKET - Vía de Evitamiento Norte,2025-08-24,1,663.84,42,,
7,KUSI MINIMARKET - San Roque,2025-08-27,4,264.48,21,,
2,KUSI MINIMARKET - Hoyos Rubio,2023-01-02,2,274.7,21,,
2,KUSI MINIMARKET - Hoyos Rubio,2023-01-14,7,257.2,21,,
2,KUSI MINIMARKET - Hoyos Rubio,2023-01-15,1,392.46,30,,
2,KUSI MINIMARKET - Hoyos Rubio,2023-02-03,6,328.57,28,,
2,KUSI MINIMARKET - Hoyos Rubio,2023-02-11,7,213.84,21,,
2,KUSI MINIMARKET - Hoyos Rubio,2023-02-16,5,228.88,16,Festividad local,Campaña escolar
2,KUSI MINIMARKET - Hoyos Rubio,2023-02-19,1,488.83,29,Festividad local,Campaña escolar
5,KUSI MINIMARKET - San Sebastián,2023-02-19,1,216.5,11,Festividad local,Campaña escolar
5,KUSI MINIMARKET - San Sebastián,2023-02-24,6,294.85,17,Festividad local,Campaña escolar
2,KUSI MINIMARKET - Hoyos Rubio,2023-03-09,5,670.91,44,Festividad local,Campaña escolar
2,KUSI MINIMARKET - Hoyos Rubio,2023-03-10,6,297.03,24,Festividad local,Campaña escolar
2,KUSI MINIMARKET - Hoyos Rubio,2023-03-27,2,394.55,30,,
2,KUSI MINIMARKET - Hoyos Rubio,2023-04-10,2,304.94,21,,
2,KUSI MINIMARKET - Hoyos Rubio,2023-04-18,3,280.71,22,,
5,KUSI MINIMARKET - San Sebastián,2023-04-23,1,213.79,14,,
6,KUSI MINIMARKET - Silva Santisteban,2023-04-27,5,503.93,28,,
2,KUSI MINIMARKET - Hoyos Rubio,2023-04-30,1,582.1,30,,
7,KUSI MINIMARKET - San Roque,2023-05-08,2,175.7,16,,
7,KUSI MINIMARKET - San Roque,2023-05-10,4,152.28,13,,
6,KUSI MINIMARKET - Silva Santisteban,2023-06-03,7,187.7,16,,
7,KUSI MINIMARKET - San Roque,2023-06-11,1,132.13,14,,
2,KUSI MINIMARKET - Hoyos Rubio,2023-06-18,1,341.65,27,Festividad local,Día del Padre
2,KUSI MINIMARKET - Hoyos Rubio,2023-06-28,4,412.64,31,,
2,KUSI MINIMARKET - Hoyos Rubio,2023-07-07,6,367.05,28,,
2,KUSI MINIMARKET - Hoyos Rubio,2023-07-17,2,558.17,36,,
2,KUSI MINIMARKET - Hoyos Rubio,2023-07-22,7,536.72,33,,
2,KUSI MINIMARKET - Hoyos Rubio,2023-07-28,6,324.51,28,Feriado nacional,Fiestas Patrias
2,KUSI MINIMARKET - Hoyos Rubio,2023-08-04,6,568.55,36,,
2,KUSI MINIMARKET - Hoyos Rubio,2023-08-11,6,354.2,30,,
5,KUSI MINIMARKET - San Sebastián,2023-08-14,2,501.2,30,,
6,KUSI MINIMARKET - Silva Santisteban,2023-08-26,7,166.98,11,,
2,KUSI MINIMARKET - Hoyos Rubio,2023-09-02,7,405.72,30,,
2,KUSI MINIMARKET - Hoyos Rubio,2023-09-03,1,382.07,29,,
2,KUSI MINIMARKET - Hoyos Rubio,2023-09-07,5,362.87,27,,
2,KUSI MINIMARKET - Hoyos Rubio,2023-09-09,7,244.9,17,,
2,KUSI MINIMARKET - Hoyos Rubio,2023-09-18,2,356.51,27,,
2,KUSI MINIMARKET - Hoyos Rubio,2023-09-21,5,325.59,30,,
5,KUSI MINIMARKET - San Sebastián,2023-10-12,5,348.16,19,,
7,KUSI MINIMARKET - San Roque,2023-10-18,4,135.1,10,,
2,KUSI MINIMARKET - Hoyos Rubio,2023-10-24,3,206.08,14,,
5,KUSI MINIMARKET - San Sebastián,2023-11-19,1,255.81,22,,
7,KUSI MINIMARKET - San Roque,2023-12-04,2,285.4,19,,
2,KUSI MINIMARKET - Hoyos Rubio,2023-12-12,3,650.18,41,,
7,KUSI MINIMARKET - San Roque,2023-12-16,7,293.53,19,Festividad local,Campaña navideña
2,KUSI MINIMARKET - Hoyos Rubio,2023-12-18,2,489.19,35,Festividad local,Campaña navideña
2,KUSI MINIMARKET - Hoyos Rubio,2023-12-20,4,401.27,34,Festividad local,Campaña navideña
2,KUSI MINIMARKET - Hoyos Rubio,2023-12-21,5,620.27,40,Festividad local,Campaña navideña
7,KUSI MINIMARKET - San Roque,2024-01-06,7,178.93,13,,
6,KUSI MINIMARKET - Silva Santisteban,2024-01-08,2,176.77,14,,
5,KUSI MINIMARKET - San Sebastián,2024-01-13,7,270.21,19,,
2,KUSI MINIMARKET - Hoyos Rubio,2024-01-25,5,443.76,36,,
7,KUSI MINIMARKET - San Roque,2024-01-29,2,220.0,14,,
2,KUSI MINIMARKET - Hoyos Rubio,2024-02-17,7,369.58,31,Festividad local,Campaña escolar
2,KUSI MINIMARKET - Hoyos Rubio,2024-02-23,6,532.67,36,Festividad local,Campaña escolar
2,KUSI MINIMARKET - Hoyos Rubio,2024-03-17,1,361.99,25,,
2,KUSI MINIMARKET - Hoyos Rubio,2024-03-22,6,391.58,27,,
7,KUSI MINIMARKET - San Roque,2024-03-22,6,245.54,22,,
5,KUSI MINIMARKET - San Sebastián,2024-03-25,2,288.09,22,Festividad local,Semana Santa
2,KUSI MINIMARKET - Hoyos Rubio,2024-03-29,6,401.74,28,Feriado nacional,Jueves/Viernes Santo
2,KUSI MINIMARKET - Hoyos Rubio,2024-03-30,7,415.33,31,Festividad local,Semana Santa
7,KUSI MINIMARKET - San Roque,2024-04-11,5,276.13,17,,
2,KUSI MINIMARKET - Hoyos Rubio,2024-04-12,6,405.96,31,,
2,KUSI MINIMARKET - Hoyos Rubio,2024-04-15,2,434.67,34,,
7,KUSI MINIMARKET - San Roque,2024-04-15,2,151.81,11,,
2,KUSI MINIMARKET - Hoyos Rubio,2024-04-20,7,355.28,28,,
7,KUSI MINIMARKET - San Roque,2024-04-29,2,178.45,14,,
2,KUSI MINIMARKET - Hoyos Rubio,2024-05-02,5,361.26,25,,
5,KUSI MINIMARKET - San Sebastián,2024-05-05,1,377.93,28,,
2,KUSI MINIMARKET - Hoyos Rubio,2024-05-07,3,353.9,28,,
2,KUSI MINIMARKET - Hoyos Rubio,2024-05-18,7,293.33,22,,
2,KUSI MINIMARKET - Hoyos Rubio,2024-05-20,2,298.05,19,,
2,KUSI MINIMARKET - Hoyos Rubio,2024-05-30,5,432.0,31,Festividad local,Corpus Christi
2,KUSI MINIMARKET - Hoyos Rubio,2024-06-17,2,390.67,32,,
2,KUSI MINIMARKET - Hoyos Rubio,2024-06-25,3,298.81,21,,
2,KUSI MINIMARKET - Hoyos Rubio,2024-06-29,7,328.19,21,Feriado nacional,San Pedro y San Pablo
6,KUSI MINIMARKET - Silva Santisteban,2024-07-06,7,233.78,17,,
2,KUSI MINIMARKET - Hoyos Rubio,2024-07-07,1,330.78,29,,
2,KUSI MINIMARKET - Hoyos Rubio,2024-07-13,7,343.17,22,,
6,KUSI MINIMARKET - Silva Santisteban,2024-07-19,6,262.93,21,,
2,KUSI MINIMARKET - Hoyos Rubio,2024-07-26,6,454.55,33,,
2,KUSI MINIMARKET - Hoyos Rubio,2024-08-06,3,311.48,27,,
5,KUSI MINIMARKET - San Sebastián,2024-08-27,3,219.38,18,,
2,KUSI MINIMARKET - Hoyos Rubio,2024-09-18,4,278.49,23,,
2,KUSI MINIMARKET - Hoyos Rubio,2024-09-23,2,376.9,26,,
2,KUSI MINIMARKET - Hoyos Rubio,2024-10-31,5,390.15,31,,
2,KUSI MINIMARKET - Hoyos Rubio,2024-11-01,6,367.67,30,Feriado nacional,Todos los Santos
6,KUSI MINIMARKET - Silva Santisteban,2024-11-03,1,206.94,20,,
2,KUSI MINIMARKET - Hoyos Rubio,2024-11-04,2,441.5,35,,
2,KUSI MINIMARKET - Hoyos Rubio,2024-11-09,7,222.42,18,,
2,KUSI MINIMARKET - Hoyos Rubio,2024-11-19,3,385.8,32,,
2,KUSI MINIMARKET - Hoyos Rubio,2024-12-16,2,418.89,29,Festividad local,Campaña navideña
2,KUSI MINIMARKET - Hoyos Rubio,2024-12-21,7,488.16,37,Festividad local,Campaña navideña
2,KUSI MINIMARKET - Hoyos Rubio,2024-12-27,6,482.13,35,Festividad local,Fin de año
2,KUSI MINIMARKET - Hoyos Rubio,2024-12-28,7,415.0,30,Festividad local,Fin de año
2,KUSI MINIMARKET - Hoyos Rubio,2025-01-05,1,414.82,32,,
2,KUSI MINIMARKET - Hoyos Rubio,2025-01-17,6,451.76,31,,
2,KUSI MINIMARKET - Hoyos Rubio,2025-01-20,2,370.52,27,,
2,KUSI MINIMARKET - Hoyos Rubio,2025-01-26,1,320.8,27,,
2,KUSI MINIMARKET - Hoyos Rubio,2025-01-27,2,424.13,32,,
7,KUSI MINIMARKET - San Roque,2025-02-06,5,223.6,14,,
5,KUSI MINIMARKET - San Sebastián,2023-01-09,2,195.44,14,,
5,KUSI MINIMARKET - San Sebastián,2023-02-11,7,226.5,17,,
6,KUSI MINIMARKET - Silva Santisteban,2023-02-21,3,218.39,16,Festividad local,Campaña escolar
6,KUSI MINIMARKET - Silva Santisteban,2023-02-22,4,174.24,16,Festividad local,Campaña escolar
6,KUSI MINIMARKET - Silva Santisteban,2023-02-25,7,75.74,7,Festividad local,Campaña escolar
6,KUSI MINIMARKET - Silva Santisteban,2023-03-08,4,165.59,12,Festividad local,Campaña escolar
7,KUSI MINIMARKET - San Roque,2023-03-10,6,340.84,19,Festividad local,Campaña escolar
7,KUSI MINIMARKET - San Roque,2023-04-19,4,182.17,12,,
5,KUSI MINIMARKET - San Sebastián,2023-05-04,5,314.31,22,,
6,KUSI MINIMARKET - Silva Santisteban,2023-05-27,7,340.72,25,,
5,KUSI MINIMARKET - San Sebastián,2023-06-21,4,262.01,14,,
6,KUSI MINIMARKET - Silva Santisteban,2023-06-22,5,163.59,11,,
7,KUSI MINIMARKET - San Roque,2023-07-25,3,254.2,18,,
5,KUSI MINIMARKET - San Sebastián,2023-07-28,6,232.37,17,Feriado nacional,Fiestas Patrias
1,KUSI MINIMARKET - Vía de Evitamiento Norte,2023-07-31,2,865.93,57,,
1,KUSI MINIMARKET - Vía de Evitamiento Norte,2023-08-06,1,678.71,43,,
1,KUSI MINIMARKET - Vía de Evitamiento Norte,2023-08-19,7,819.21,59,,
1,KUSI MINIMARKET - Vía de Evitamiento Norte,2023-09-08,6,609.88,40,,
7,KUSI MINIMARKET - San Roque,2023-10-03,3,237.61,19,,
6,KUSI MINIMARKET - Silva Santisteban,2023-10-04,4,304.12,22,,
7,KUSI MINIMARKET - San Roque,2023-10-12,5,261.86,15,,
7,KUSI MINIMARKET - San Roque,2023-11-07,3,220.35,14,,
6,KUSI MINIMARKET - Silva Santisteban,2023-11-17,6,336.06,28,,
1,KUSI MINIMARKET - Vía de Evitamiento Norte,2023-11-22,4,548.23,44,,
6,KUSI MINIMARKET - Silva Santisteban,2023-12-22,6,420.12,24,Festividad local,Campaña navideña
6,KUSI MINIMARKET - Silva Santisteban,2023-12-25,2,398.02,24,Feriado nacional,Navidad
5,KUSI MINIMARKET - San Sebastián,2023-12-30,7,372.11,23,Festividad local,Fin de año
5,KUSI MINIMARKET - San Sebastián,2024-01-02,3,344.39,23,,
5,KUSI MINIMARKET - San Sebastián,2024-01-10,4,207.55,15,,
5,KUSI MINIMARKET - San Sebastián,2024-01-22,2,281.47,19,,
6,KUSI MINIMARKET - Silva Santisteban,2024-02-08,5,143.7,10,,
5,KUSI MINIMARKET - San Sebastián,2024-03-07,5,315.58,18,Festividad local,Campaña escolar
6,KUSI MINIMARKET - Silva Santisteban,2024-03-16,7,227.87,17,,
7,KUSI MINIMARKET - San Roque,2024-03-20,4,170.03,13,,
1,KUSI MINIMARKET - Vía de Evitamiento Norte,2024-05-10,6,644.51,42,,
6,KUSI MINIMARKET - Silva Santisteban,2024-05-18,7,251.65,17,,
6,KUSI MINIMARKET - Silva Santisteban,2024-06-20,5,211.28,20,,
1,KUSI MINIMARKET - Vía de Evitamiento Norte,2024-06-25,3,799.45,57,,
6,KUSI MINIMARKET - Silva Santisteban,2024-06-25,3,289.41,19,,
7,KUSI MINIMARKET - San Roque,2024-07-06,7,224.64,19,,
6,KUSI MINIMARKET - Silva Santisteban,2024-07-08,2,259.73,15,,
7,KUSI MINIMARKET - San Roque,2024-07-28,1,239.14,16,Feriado nacional,Fiestas Patrias
5,KUSI MINIMARKET - San Sebastián,2024-08-12,2,391.88,24,,
5,KUSI MINIMARKET - San Sebastián,2024-08-23,6,240.92,20,,
6,KUSI MINIMARKET - Silva Santisteban,2024-08-25,1,242.0,18,,
7,KUSI MINIMARKET - San Roque,2023-05-30,3,163.31,15,,
5,KUSI MINIMARKET - San Sebastián,2024-09-22,1,234.31,20,,
6,KUSI MINIMARKET - Silva Santisteban,2024-09-28,7,256.46,20,,
6,KUSI MINIMARKET - Silva Santisteban,2024-09-30,2,176.7,10,,
6,KUSI MINIMARKET - Silva Santisteban,2024-10-10,5,156.86,13,,
7,KUSI MINIMARKET - San Roque,2024-10-19,7,219.66,13,,
6,KUSI MINIMARKET - Silva Santisteban,2024-12-03,3,239.86,21,,
6,KUSI MINIMARKET - Silva Santisteban,2024-12-05,5,185.09,15,,
1,KUSI MINIMARKET - Vía de Evitamiento Norte,2024-12-31,3,656.45,48,Festividad local,Fin de año
5,KUSI MINIMARKET - San Sebastián,2025-01-17,6,213.77,15,,
7,KUSI MINIMARKET - San Roque,2025-01-21,3,151.1,13,,
6,KUSI MINIMARKET - Silva Santisteban,2025-02-02,1,453.91,29,,
6,KUSI MINIMARKET - Silva Santisteban,2025-03-09,1,126.62,12,Festividad local,Campaña escolar
6,KUSI MINIMARKET - Silva Santisteban,2025-03-10,2,190.26,21,Festividad local,Campaña escolar
7,KUSI MINIMARKET - San Roque,2025-03-17,2,142.98,13,,
1,KUSI MINIMARKET - Vía de Evitamiento Norte,2025-03-21,6,666.17,54,,
7,KUSI MINIMARKET - San Roque,2025-03-28,6,233.41,15,,
5,KUSI MINIMARKET - San Sebastián,2025-04-20,1,146.33,11,Festividad local,Semana Santa
5,KUSI MINIMARKET - San Sebastián,2025-04-24,5,339.42,25,,
5,KUSI MINIMARKET - San Sebastián,2025-04-25,6,197.27,13,,
5,KUSI MINIMARKET - San Sebastián,2025-04-27,1,286.08,20,,
5,KUSI MINIMARKET - San Sebastián,2025-05-04,1,180.08,15,,
5,KUSI MINIMARKET - San Sebastián,2025-05-08,5,447.45,33,,
6,KUSI MINIMARKET - Silva Santisteban,2025-05-20,3,328.15,25,,
5,KUSI MINIMARKET - San Sebastián,2025-05-24,7,500.55,33,,
5,KUSI MINIMARKET - San Sebastián,2025-06-01,1,259.96,17,,
1,KUSI MINIMARKET - Vía de Evitamiento Norte,2025-06-14,7,901.98,65,,
5,KUSI MINIMARKET - San Sebastián,2025-06-18,4,221.58,19,,
5,KUSI MINIMARKET - San Sebastián,2025-07-21,2,207.7,19,,
7,KUSI MINIMARKET - San Roque,2025-07-23,4,195.88,14,,
5,KUSI MINIMARKET - San Sebastián,2025-07-30,4,397.16,24,,
5,KUSI MINIMARKET - San Sebastián,2025-08-04,2,309.7,23,,
5,KUSI MINIMARKET - San Sebastián,2025-08-11,2,386.01,25,,
7,KUSI MINIMARKET - San Roque,2025-08-12,3,247.63,15,,
5,KUSI MINIMARKET - San Sebastián,2025-08-15,6,163.93,14,,
6,KUSI MINIMARKET - Silva Santisteban,2025-08-19,3,232.98,16,,
5,KUSI MINIMARKET - San Sebastián,2025-08-26,3,349.41,26,,
6,KUSI MINIMARKET - Silva Santisteban,2023-01-03,3,207.73,13,,
2,KUSI MINIMARKET - Hoyos Rubio,2023-01-09,2,244.62,17,,
2,KUSI MINIMARKET - Hoyos Rubio,2023-01-23,2,257.0,19,,
2,KUSI MINIMARKET - Hoyos Rubio,2023-01-26,5,268.76,18,,
2,KUSI MINIMARKET - Hoyos Rubio,2023-01-31,3,378.04,30,,
2,KUSI MINIMARKET - Hoyos Rubio,2023-02-17,6,396.08,26,Festividad local,Campaña escolar
2,KUSI MINIMARKET - Hoyos Rubio,2023-02-25,7,377.05,26,Festividad local,Campaña escolar
6,KUSI MINIMARKET - Silva Santisteban,2023-03-30,5,112.46,11,,
6,KUSI MINIMARKET - Silva Santisteban,2023-06-18,1,407.22,23,Festividad local,Día del Padre
2,KUSI MINIMARKET - Hoyos Rubio,2023-08-15,3,374.22,26,,
2,KUSI MINIMARKET - Hoyos Rubio,2023-08-22,3,421.34,32,,
2,KUSI MINIMARKET - Hoyos Rubio,2023-09-05,3,317.85,20,,
2,KUSI MINIMARKET - Hoyos Rubio,2023-09-24,1,490.29,34,,
2,KUSI MINIMARKET - Hoyos Rubio,2023-11-13,2,202.88,17,,
6,KUSI MINIMARKET - Silva Santisteban,2023-11-15,4,279.39,14,,
6,KUSI MINIMARKET - Silva Santisteban,2023-11-20,2,216.67,13,,
6,KUSI MINIMARKET - Silva Santisteban,2024-01-17,4,234.16,16,,
2,KUSI MINIMARKET - Hoyos Rubio,2024-02-19,2,324.11,22,Festividad local,Campaña escolar
2,KUSI MINIMARKET - Hoyos Rubio,2024-03-04,2,409.56,29,Festividad local,Campaña escolar
6,KUSI MINIMARKET - Silva Santisteban,2024-03-13,4,311.39,24,Festividad local,Campaña escolar
2,KUSI MINIMARKET - Hoyos Rubio,2024-03-14,5,506.1,29,Festividad local,Campaña escolar
2,KUSI MINIMARKET - Hoyos Rubio,2024-03-23,7,335.23,22,,
2,KUSI MINIMARKET - Hoyos Rubio,2024-04-19,6,346.99,29,,
2,KUSI MINIMARKET - Hoyos Rubio,2024-04-22,2,482.19,31,,
5,KUSI MINIMARKET - San Sebastián,2024-05-20,2,309.35,21,,
2,KUSI MINIMARKET - Hoyos Rubio,2024-06-21,6,341.0,25,,
2,KUSI MINIMARKET - Hoyos Rubio,2024-08-16,6,312.1,24,,
2,KUSI MINIMARKET - Hoyos Rubio,2024-09-02,2,405.86,32,,
2,KUSI MINIMARKET - Hoyos Rubio,2024-10-03,5,433.04,33,,
2,KUSI MINIMARKET - Hoyos Rubio,2024-11-15,6,359.28,25,,
2,KUSI MINIMARKET - Hoyos Rubio,2025-01-30,5,385.51,27,,
2,KUSI MINIMARKET - Hoyos Rubio,2025-02-10,2,497.58,32,,
2,KUSI MINIMARKET - Hoyos Rubio,2025-02-14,6,509.05,35,Festividad local,Día del Amor y la Amistad
2,KUSI MINIMARKET - Hoyos Rubio,2025-02-17,2,446.32,32,Festividad local,Campaña escolar
2,KUSI MINIMARKET - Hoyos Rubio,2025-02-18,3,510.16,36,Festividad local,Campaña escolar
2,KUSI MINIMARKET - Hoyos Rubio,2025-03-02,1,516.64,35,Festividad local,Campaña escolar
6,KUSI MINIMARKET - Silva Santisteban,2025-03-03,2,289.56,21,Festividad local,Campaña escolar
2,KUSI MINIMARKET - Hoyos Rubio,2025-03-31,2,471.76,28,,
2,KUSI MINIMARKET - Hoyos Rubio,2025-04-13,1,446.43,31,Festividad local,Semana Santa
2,KUSI MINIMARKET - Hoyos Rubio,2025-04-24,5,470.58,34,,
2,KUSI MINIMARKET - Hoyos Rubio,2025-05-24,7,699.76,45,,
2,KUSI MINIMARKET - Hoyos Rubio,2025-05-27,3,648.07,40,,
2,KUSI MINIMARKET - Hoyos Rubio,2025-06-01,1,523.79,36,,
2,KUSI MINIMARKET - Hoyos Rubio,2025-06-05,5,491.47,38,,
2,KUSI MINIMARKET - Hoyos Rubio,2025-06-13,6,388.02,31,,
2,KUSI MINIMARKET - Hoyos Rubio,2025-06-18,4,555.58,40,,
2,KUSI MINIMARKET - Hoyos Rubio,2025-07-13,1,617.46,41,,
5,KUSI MINIMARKET - San Sebastián,2025-07-22,3,212.3,18,,
2,KUSI MINIMARKET - Hoyos Rubio,2025-07-24,5,552.54,37,,
6,KUSI MINIMARKET - Silva Santisteban,2025-07-25,6,439.06,32,,
2,KUSI MINIMARKET - Hoyos Rubio,2025-07-27,1,447.72,34,,
2,KUSI MINIMARKET - Hoyos Rubio,2025-08-01,6,437.67,36,,
6,KUSI MINIMARKET - Silva Santisteban,2025-08-05,3,214.65,15,,
2,KUSI MINIMARKET - Hoyos Rubio,2025-08-09,7,476.4,33,,
2,KUSI MINIMARKET - Hoyos Rubio,2025-08-12,3,514.85,36,,
2,KUSI MINIMARKET - Hoyos Rubio,2025-08-31,1,619.59,41,,
3,KUSI MINIMARKET - Amalia Puga,2023-01-23,2,249.96,22,,
3,KUSI MINIMARKET - Amalia Puga,2023-01-27,6,301.08,25,,
3,KUSI MINIMARKET - Amalia Puga,2023-02-07,3,200.6,15,,
5,KUSI MINIMARKET - San Sebastián,2023-02-07,3,253.71,15,,
3,KUSI MINIMARKET - Amalia Puga,2023-02-13,2,221.02,16,,
3,KUSI MINIMARKET - Amalia Puga,2023-02-15,4,271.51,20,Festividad local,Campaña escolar
3,KUSI MINIMARKET - Amalia Puga,2023-02-17,6,288.84,24,Festividad local,Campaña escolar
3,KUSI MINIMARKET - Amalia Puga,2023-02-26,1,494.16,30,Festividad local,Campaña escolar
3,KUSI MINIMARKET - Amalia Puga,2023-02-27,2,389.79,31,Festividad local,Campaña escolar
6,KUSI MINIMARKET - Silva Santisteban,2023-03-13,2,235.11,18,Festividad local,Campaña escolar
3,KUSI MINIMARKET - Amalia Puga,2023-03-14,3,349.45,26,Festividad local,Campaña escolar
3,KUSI MINIMARKET - Amalia Puga,2023-03-15,4,255.76,22,Festividad local,Campaña escolar
6,KUSI MINIMARKET - Silva Santisteban,2023-03-31,6,319.7,22,,
3,KUSI MINIMARKET - Amalia Puga,2023-04-13,5,230.51,22,,
3,KUSI MINIMARKET - Amalia Puga,2023-04-16,1,467.83,37,,
3,KUSI MINIMARKET - Amalia Puga,2023-04-26,4,338.56,23,,
3,KUSI MINIMARKET - Amalia Puga,2023-05-14,1,389.53,29,Festividad local,Día de la Madre
7,KUSI MINIMARKET - San Roque,2023-05-15,2,229.09,16,,
6,KUSI MINIMARKET - Silva Santisteban,2023-05-15,2,194.89,14,,
3,KUSI MINIMARKET - Amalia Puga,2023-05-22,2,357.22,29,,
3,KUSI MINIMARKET - Amalia Puga,2023-05-25,5,402.61,32,,
5,KUSI MINIMARKET - San Sebastián,2023-05-27,7,226.24,18,,
3,KUSI MINIMARKET - Amalia Puga,2023-05-29,2,267.56,20,,
6,KUSI MINIMARKET - Silva Santisteban,2023-06-10,7,221.21,17,,
3,KUSI MINIMARKET - Amalia Puga,2023-06-13,3,311.67,25,,
3,KUSI MINIMARKET - Amalia Puga,2023-06-14,4,334.77,24,,
3,KUSI MINIMARKET - Amalia Puga,2023-06-27,3,330.54,27,,
3,KUSI MINIMARKET - Amalia Puga,2023-07-31,2,265.05,22,,
3,KUSI MINIMARKET - Amalia Puga,2023-09-08,6,354.87,28,,
3,KUSI MINIMARKET - Amalia Puga,2023-09-28,5,401.9,26,,
3,KUSI MINIMARKET - Amalia Puga,2023-10-07,7,380.31,22,,
3,KUSI MINIMARKET - Amalia Puga,2023-10-18,4,344.94,28,,
3,KUSI MINIMARKET - Amalia Puga,2023-10-29,1,271.83,22,,
3,KUSI MINIMARKET - Amalia Puga,2023-11-08,4,290.59,24,,
3,KUSI MINIMARKET - Amalia Puga,2023-11-10,6,376.53,25,,
3,KUSI MINIMARKET - Amalia Puga,2023-11-14,3,340.54,24,,
5,KUSI MINIMARKET - San Sebastián,2023-11-16,5,339.45,24,,
3,KUSI MINIMARKET - Amalia Puga,2023-11-28,3,343.29,22,,
3,KUSI MINIMARKET - Amalia Puga,2023-12-01,6,583.0,39,,
3,KUSI MINIMARKET - Amalia Puga,2023-12-04,2,435.91,34,,
3,KUSI MINIMARKET - Amalia Puga,2023-12-11,2,414.78,23,,
3,KUSI MINIMARKET - Amalia Puga,2023-12-29,6,480.78,38,Festividad local,Fin de año
3,KUSI MINIMARKET - Amalia Puga,2024-01-06,7,353.8,25,,
3,KUSI MINIMARKET - Amalia Puga,2024-01-09,3,330.66,25,,
3,KUSI MINIMARKET - Amalia Puga,2024-01-12,6,398.77,34,,
3,KUSI MINIMARKET - Amalia Puga,2024-01-17,4,343.86,27,,
6,KUSI MINIMARKET - Silva Santisteban,2024-01-28,1,168.68,13,,
3,KUSI MINIMARKET - Amalia Puga,2024-02-03,7,296.24,22,,
3,KUSI MINIMARKET - Amalia Puga,2024-02-14,4,313.73,24,Festividad local,Día del Amor y la Amistad
6,KUSI MINIMARKET - Silva Santisteban,2024-02-27,3,162.05,13,Festividad local,Campaña escolar
3,KUSI MINIMARKET - Amalia Puga,2024-03-21,5,379.47,30,,
3,KUSI MINIMARKET - Amalia Puga,2024-03-22,6,369.98,26,,
3,KUSI MINIMARKET - Amalia Puga,2024-04-07,1,322.76,29,,
3,KUSI MINIMARKET - Amalia Puga,2024-04-08,2,445.06,31,,
3,KUSI MINIMARKET - Amalia Puga,2024-04-10,4,428.01,25,,
5,KUSI MINIMARKET - San Sebastián,2024-04-11,5,351.9,22,,
3,KUSI MINIMARKET - Amalia Puga,2024-04-11,5,529.06,35,,
3,KUSI MINIMARKET - Amalia Puga,2024-04-20,7,444.79,29,,
3,KUSI MINIMARKET - Amalia Puga,2024-04-26,6,207.02,16,,
3,KUSI MINIMARKET - Amalia Puga,2024-05-21,3,311.27,22,,
3,KUSI MINIMARKET - Amalia Puga,2024-06-14,6,263.43,15,,
3,KUSI MINIMARKET - Amalia Puga,2024-06-16,1,417.64,26,Festividad local,Día del Padre
3,KUSI MINIMARKET - Amalia Puga,2024-07-05,6,510.81,34,,
3,KUSI MINIMARKET - Amalia Puga,2024-07-29,2,488.0,32,Feriado nacional,Fiestas Patrias
3,KUSI MINIMARKET - Amalia Puga,2024-08-29,5,390.12,27,,
3,KUSI MINIMARKET - Amalia Puga,2024-09-23,2,300.3,23,,
3,KUSI MINIMARKET - Amalia Puga,2024-09-24,3,383.82,24,,
3,KUSI MINIMARKET - Amalia Puga,2024-09-27,6,438.81,27,,
6,KUSI MINIMARKET - Silva Santisteban,2024-10-05,7,196.25,13,,
3,KUSI MINIMARKET - Amalia Puga,2024-10-20,1,380.8,26,,
3,KUSI MINIMARKET - Amalia Puga,2024-11-01,6,428.39,32,Feriado nacional,Todos los Santos
3,KUSI MINIMARKET - Amalia Puga,2024-11-25,2,464.43,28,,
3,KUSI MINIMARKET - Amalia Puga,2024-12-02,2,327.65,24,,
3,KUSI MINIMARKET - Amalia Puga,2025-01-18,7,388.36,29,,
3,KUSI MINIMARKET - Amalia Puga,2025-01-19,1,337.53,24,,
6,KUSI MINIMARKET - Silva Santisteban,2025-02-25,3,353.71,27,Festividad local,Campaña escolar
3,KUSI MINIMARKET - Amalia Puga,2025-03-03,2,473.28,28,Festividad local,Campaña escolar
6,KUSI MINIMARKET - Silva Santisteban,2025-03-12,4,272.9,22,Festividad local,Campaña escolar
3,KUSI MINIMARKET - Amalia Puga,2025-03-24,2,315.15,24,,
3,KUSI MINIMARKET - Amalia Puga,2025-03-30,1,587.98,38,,
3,KUSI MINIMARKET - Amalia Puga,2025-04-12,7,339.81,30,,
3,KUSI MINIMARKET - Amalia Puga,2025-04-21,2,408.57,25,,
3,KUSI MINIMARKET - Amalia Puga,2025-04-28,2,466.6,31,,
3,KUSI MINIMARKET - Amalia Puga,2025-04-30,4,452.3,38,,
3,KUSI MINIMARKET - Amalia Puga,2025-05-12,2,217.91,18,,
3,KUSI MINIMARKET - Amalia Puga,2025-05-25,1,288.78,21,,
3,KUSI MINIMARKET - Amalia Puga,2025-05-29,5,469.32,26,,
6,KUSI MINIMARKET - Silva Santisteban,2025-06-17,3,242.81,20,,
3,KUSI MINIMARKET - Amalia Puga,2025-06-21,7,429.33,32,,
3,KUSI MINIMARKET - Amalia Puga,2025-06-30,2,446.56,32,,
3,KUSI MINIMARKET - Amalia Puga,2025-07-06,1,418.17,26,,
3,KUSI MINIMARKET - Amalia Puga,2025-07-07,2,538.82,36,,
5,KUSI MINIMARKET - San Sebastián,2025-07-14,2,160.3,13,,
3,KUSI MINIMARKET - Amalia Puga,2025-07-23,4,456.35,29,,
3,KUSI MINIMARKET - Amalia Puga,2025-08-02,7,325.55,24,,
3,KUSI MINIMARKET - Amalia Puga,2025-08-06,4,256.97,25,,
6,KUSI MINIMARKET - Silva Santisteban,2025-08-08,6,328.13,23,,
3,KUSI MINIMARKET - Amalia Puga,2025-08-09,7,512.58,33,,
5,KUSI MINIMARKET - San Sebastián,2025-08-12,3,355.64,22,,
6,KUSI MINIMARKET - Silva Santisteban,2025-08-13,4,311.75,22,,
3,KUSI MINIMARKET - Amalia Puga,2025-08-15,6,565.28,36,,
4,KUSI MINIMARKET - Del Comercio,2023-01-20,6,222.8,16,,
4,KUSI MINIMARKET - Del Comercio,2023-01-24,3,449.5,26,,
7,KUSI MINIMARKET - San Roque,2023-01-30,2,205.36,12,,
4,KUSI MINIMARKET - Del Comercio,2023-01-30,2,244.38,18,,
4,KUSI MINIMARKET - Del Comercio,2023-02-02,5,387.66,26,,
4,KUSI MINIMARKET - Del Comercio,2023-02-26,1,434.97,26,Festividad local,Campaña escolar
4,KUSI MINIMARKET - Del Comercio,2023-03-04,7,293.41,21,Festividad local,Campaña escolar
4,KUSI MINIMARKET - Del Comercio,2023-03-18,7,309.07,26,,
4,KUSI MINIMARKET - Del Comercio,2023-03-22,4,247.04,20,,
4,KUSI MINIMARKET - Del Comercio,2023-03-28,3,309.58,19,,
4,KUSI MINIMARKET - Del Comercio,2023-04-29,7,496.43,28,,
4,KUSI MINIMARKET - Del Comercio,2023-05-03,4,304.85,22,,
4,KUSI MINIMARKET - Del Comercio,2023-05-18,5,331.07,23,,
4,KUSI MINIMARKET - Del Comercio,2023-05-23,3,386.62,25,,
4,KUSI MINIMARKET - Del Comercio,2023-06-01,5,283.66,22,,
4,KUSI MINIMARKET - Del Comercio,2023-06-07,4,255.63,18,,
3,KUSI MINIMARKET - Amalia Puga,2023-04-18,3,443.59,25,,
3,KUSI MINIMARKET - Amalia Puga,2023-08-28,2,318.13,22,,
3,KUSI MINIMARKET - Amalia Puga,2024-02-28,4,438.02,29,Festividad local,Campaña escolar
4,KUSI MINIMARKET - Del Comercio,2023-02-12,1,217.91,14,,
4,KUSI MINIMARKET - Del Comercio,2023-05-06,7,583.99,35,,
4,KUSI MINIMARKET - Del Comercio,2023-05-19,6,400.13,25,,
4,KUSI MINIMARKET - Del Comercio,2023-06-25,1,265.75,16,,
4,KUSI MINIMARKET - Del Comercio,2023-07-30,1,264.36,20,,
4,KUSI MINIMARKET - Del Comercio,2023-07-31,2,402.43,28,,
4,KUSI MINIMARKET - Del Comercio,2023-08-26,7,305.87,22,,
7,KUSI MINIMARKET - San Roque,2023-09-23,7,161.63,15,,
4,KUSI MINIMARKET - Del Comercio,2023-09-26,3,216.34,16,,
4,KUSI MINIMARKET - Del Comercio,2023-10-14,7,309.59,26,,
4,KUSI MINIMARKET - Del Comercio,2023-12-03,1,420.06,33,,
4,KUSI MINIMARKET - Del Comercio,2023-12-06,4,327.53,21,,
4,KUSI MINIMARKET - Del Comercio,2023-12-08,6,503.66,32,Feriado nacional,Inmaculada Concepción
4,KUSI MINIMARKET - Del Comercio,2023-12-09,7,522.24,34,,
4,KUSI MINIMARKET - Del Comercio,2023-12-11,2,513.73,33,,
4,KUSI MINIMARKET - Del Comercio,2023-12-23,7,457.41,35,Festividad local,Campaña navideña
7,KUSI MINIMARKET - San Roque,2023-12-29,6,292.99,23,Festividad local,Fin de año
4,KUSI MINIMARKET - Del Comercio,2024-01-04,5,180.95,18,,
4,KUSI MINIMARKET - Del Comercio,2024-01-13,7,288.84,19,,
4,KUSI MINIMARKET - Del Comercio,2024-01-14,1,137.15,12,,
4,KUSI MINIMARKET - Del Comercio,2024-01-30,3,252.45,18,,
4,KUSI MINIMARKET - Del Comercio,2024-02-11,1,253.86,19,Festividad local,Carnaval de Cajamarca
4,KUSI MINIMARKET - Del Comercio,2024-02-28,4,308.78,21,Festividad local,Campaña escolar
4,KUSI MINIMARKET - Del Comercio,2024-02-29,5,279.59,18,Festividad local,Campaña escolar
7,KUSI MINIMARKET - San Roque,2024-03-13,4,138.22,11,Festividad local,Campaña escolar
4,KUSI MINIMARKET - Del Comercio,2024-04-09,3,332.1,19,,
7,KUSI MINIMARKET - San Roque,2024-05-04,7,359.97,19,,
4,KUSI MINIMARKET - Del Comercio,2024-05-14,3,444.49,27,,
4,KUSI MINIMARKET - Del Comercio,2024-05-19,1,275.03,24,,
4,KUSI MINIMARKET - Del Comercio,2024-07-14,1,542.23,40,,
4,KUSI MINIMARKET - Del Comercio,2024-07-17,4,320.64,29,,
4,KUSI MINIMARKET - Del Comercio,2024-07-18,5,341.47,22,,
7,KUSI MINIMARKET - San Roque,2024-07-19,6,73.38,10,,
4,KUSI MINIMARKET - Del Comercio,2024-08-30,6,446.98,32,Feriado nacional,Santa Rosa de Lima
7,KUSI MINIMARKET - San Roque,2024-09-04,4,285.79,21,,
4,KUSI MINIMARKET - Del Comercio,2024-09-23,2,373.7,27,,
4,KUSI MINIMARKET - Del Comercio,2024-09-29,1,295.27,21,,
4,KUSI MINIMARKET - Del Comercio,2024-10-07,2,321.76,19,,
4,KUSI MINIMARKET - Del Comercio,2024-10-10,5,183.83,15,,
4,KUSI MINIMARKET - Del Comercio,2024-10-20,1,520.82,26,,
4,KUSI MINIMARKET - Del Comercio,2024-11-01,6,154.02,16,Feriado nacional,Todos los Santos
4,KUSI MINIMARKET - Del Comercio,2024-11-14,5,290.0,28,,
4,KUSI MINIMARKET - Del Comercio,2024-11-15,6,454.25,26,,
4,KUSI MINIMARKET - Del Comercio,2024-11-19,3,324.67,25,,
5,KUSI MINIMARKET - San Sebastián,2024-11-23,7,238.68,21,,
4,KUSI MINIMARKET - Del Comercio,2024-12-31,3,324.97,27,Festividad local,Fin de año
4,KUSI MINIMARKET - Del Comercio,2025-01-22,4,404.85,25,,
4,KUSI MINIMARKET - Del Comercio,2025-01-23,5,361.61,26,,
4,KUSI MINIMARKET - Del Comercio,2025-01-31,6,455.14,30,,
4,KUSI MINIMARKET - Del Comercio,2025-02-09,1,378.94,30,,
4,KUSI MINIMARKET - Del Comercio,2025-02-23,1,497.6,36,Festividad local,Campaña escolar
4,KUSI MINIMARKET - Del Comercio,2025-03-02,1,373.79,28,Festividad local,Campaña escolar
4,KUSI MINIMARKET - Del Comercio,2025-03-08,7,353.22,29,Festividad local,Campaña escolar
7,KUSI MINIMARKET - San Roque,2025-03-12,4,282.71,18,Festividad local,Campaña escolar
4,KUSI MINIMARKET - Del Comercio,2025-03-12,4,268.33,20,Festividad local,Campaña escolar
4,KUSI MINIMARKET - Del Comercio,2025-03-13,5,273.23,20,Festividad local,Campaña escolar
4,KUSI MINIMARKET - Del Comercio,2025-03-16,1,486.28,33,,
4,KUSI MINIMARKET - Del Comercio,2025-04-06,1,463.54,36,,
4,KUSI MINIMARKET - Del Comercio,2025-04-18,6,322.97,24,Feriado nacional,Jueves/Viernes Santo
4,KUSI MINIMARKET - Del Comercio,2025-04-26,7,480.37,37,,
4,KUSI MINIMARKET - Del Comercio,2025-04-29,3,369.28,28,,
4,KUSI MINIMARKET - Del Comercio,2025-05-01,5,545.45,33,Feriado nacional,Día del Trabajo
4,KUSI MINIMARKET - Del Comercio,2025-05-08,5,265.53,25,,
4,KUSI MINIMARKET - Del Comercio,2025-05-11,1,577.24,35,Festividad local,Día de la Madre
4,KUSI MINIMARKET - Del Comercio,2025-05-14,4,342.89,29,,
4,KUSI MINIMARKET - Del Comercio,2025-05-15,5,421.65,33,,
6,KUSI MINIMARKET - Silva Santisteban,2025-05-26,2,322.23,24,,
4,KUSI MINIMARKET - Del Comercio,2025-06-07,7,400.92,28,,
4,KUSI MINIMARKET - Del Comercio,2025-06-24,3,352.96,28,,
4,KUSI MINIMARKET - Del Comercio,2025-06-27,6,400.57,30,,
4,KUSI MINIMARKET - Del Comercio,2025-06-30,2,271.95,23,,
4,KUSI MINIMARKET - Del Comercio,2025-07-12,7,309.71,22,,
4,KUSI MINIMARKET - Del Comercio,2025-07-21,2,467.52,31,,
4,KUSI MINIMARKET - Del Comercio,2025-08-02,7,410.09,30,,
4,KUSI MINIMARKET - Del Comercio,2025-08-03,1,368.08,25,,
4,KUSI MINIMARKET - Del Comercio,2025-08-14,5,461.44,30,,
4,KUSI MINIMARKET - Del Comercio,2025-08-20,4,550.82,33,,
4,KUSI MINIMARKET - Del Comercio,2025-08-28,5,363.25,26,,
7,KUSI MINIMARKET - San Roque,2023-07-14,6,186.15,16,,
7,KUSI MINIMARKET - San Roque,2024-09-01,1,335.36,20,,
4,KUSI MINIMARKET - Del Comercio,2024-07-05,6,307.17,25,,
7,KUSI MINIMARKET - San Roque,2023-01-27,6,212.62,18,,
7,KUSI MINIMARKET - San Roque,2023-10-28,7,234.19,17,,
2,KUSI MINIMARKET - Hoyos Rubio,2025-07-03,5,566.84,41,,
7,KUSI MINIMARKET - San Roque,2023-12-01,6,243.58,20,,
7,KUSI MINIMARKET - San Roque,2023-08-31,5,217.63,14,,
3,KUSI MINIMARKET - Amalia Puga,2023-12-13,4,393.7,28,,
4,KUSI MINIMARKET - Del Comercio,2023-11-10,6,294.81,16,,
7,KUSI MINIMARKET - San Roque,2023-07-30,1,260.01,14,,
5,KUSI MINIMARKET - San Sebastián,2023-02-13,2,146.73,10,,
4,KUSI MINIMARKET - Del Comercio,2023-01-03,3,415.06,24,,
6,KUSI MINIMARKET - Silva Santisteban,2023-05-24,4,139.77,12,,
3,KUSI MINIMARKET - Amalia Puga,2024-09-07,7,454.28,26,,
3,KUSI MINIMARKET - Amalia Puga,2023-01-01,1,235.02,19,Feriado nacional,Año Nuevo
7,KUSI MINIMARKET - San Roque,2024-05-26,1,366.88,22,,
7,KUSI MINIMARKET - San Roque,2023-06-23,6,314.65,17,,
5,KUSI MINIMARKET - San Sebastián,2023-08-08,3,134.19,11,,
4,KUSI MINIMARKET - Del Comercio,2023-10-19,5,271.83,20,,
6,KUSI MINIMARKET - Silva Santisteban,2024-04-12,6,250.6,18,,
7,KUSI MINIMARKET - San Roque,2023-08-05,7,258.72,17,,
5,KUSI MINIMARKET - San Sebastián,2023-03-12,1,205.13,15,Festividad local,Campaña escolar
2,KUSI MINIMARKET - Hoyos Rubio,2025-02-24,2,490.53,37,Festividad local,Campaña escolar
7,KUSI MINIMARKET - San Roque,2025-03-13,5,216.33,15,Festividad local,Campaña escolar
5,KUSI MINIMARKET - San Sebastián,2025-03-20,5,248.74,18,,
7,KUSI MINIMARKET - San Roque,2025-05-04,1,188.16,20,,
2,KUSI MINIMARKET - Hoyos Rubio,2025-06-11,4,415.36,29,,
7,KUSI MINIMARKET - San Roque,2025-06-16,2,251.21,19,,
2,KUSI MINIMARKET - Hoyos Rubio,2025-06-20,6,438.24,31,,
2,KUSI MINIMARKET - Hoyos Rubio,2025-07-18,6,680.01,40,,
3,KUSI MINIMARKET - Amalia Puga,2023-02-16,5,458.78,31,Festividad local,Campaña escolar
7,KUSI MINIMARKET - San Roque,2023-03-16,5,166.15,16,,
7,KUSI MINIMARKET - San Roque,2023-03-20,2,344.09,21,,
3,KUSI MINIMARKET - Amalia Puga,2023-04-01,7,315.51,25,,
7,KUSI MINIMARKET - San Roque,2023-04-14,6,155.74,12,,
3,KUSI MINIMARKET - Amalia Puga,2023-05-16,3,346.55,23,,
3,KUSI MINIMARKET - Amalia Puga,2023-06-01,5,432.24,32,,
3,KUSI MINIMARKET - Amalia Puga,2023-07-21,6,215.53,20,,
5,KUSI MINIMARKET - San Sebastián,2023-08-18,6,338.97,24,,
7,KUSI MINIMARKET - San Roque,2023-09-12,3,129.44,9,,
3,KUSI MINIMARKET - Amalia Puga,2023-11-01,4,303.44,16,Feriado nacional,Todos los Santos
3,KUSI MINIMARKET - Amalia Puga,2024-01-30,3,307.36,22,,
3,KUSI MINIMARKET - Amalia Puga,2024-03-23,7,380.26,26,,
5,KUSI MINIMARKET - San Sebastián,2024-04-09,3,212.31,16,,
3,KUSI MINIMARKET - Amalia Puga,2024-07-10,4,401.47,28,,
3,KUSI MINIMARKET - Amalia Puga,2024-08-05,2,285.14,23,,
3,KUSI MINIMARKET - Amalia Puga,2024-08-13,3,295.72,23,,
6,KUSI MINIMARKET - Silva Santisteban,2024-08-19,2,402.37,25,,
3,KUSI MINIMARKET - Amalia Puga,2024-09-09,2,331.11,23,,
3,KUSI MINIMARKET - Amalia Puga,2024-09-11,4,437.87,26,,
3,KUSI MINIMARKET - Amalia Puga,2024-09-12,5,235.92,19,,
3,KUSI MINIMARKET - Amalia Puga,2024-10-27,1,420.57,29,,
5,KUSI MINIMARKET - San Sebastián,2025-01-20,2,137.85,15,,
7,KUSI MINIMARKET - San Roque,2025-01-30,5,107.68,9,,
3,KUSI MINIMARKET - Amalia Puga,2025-03-20,5,389.58,29,,
5,KUSI MINIMARKET - San Sebastián,2025-06-23,2,305.04,28,,
3,KUSI MINIMARKET - Amalia Puga,2025-07-20,1,474.89,29,,
3,KUSI MINIMARKET - Amalia Puga,2025-07-31,5,634.08,40,,
5,KUSI MINIMARKET - San Sebastián,2025-08-29,6,396.41,25,,
4,KUSI MINIMARKET - Del Comercio,2023-02-11,7,459.59,24,,
7,KUSI MINIMARKET - San Roque,2023-02-16,5,151.79,10,Festividad local,Campaña escolar
4,KUSI MINIMARKET - Del Comercio,2023-03-21,3,354.89,21,,
7,KUSI MINIMARKET - San Roque,2023-03-30,5,242.97,16,,
4,KUSI MINIMARKET - Del Comercio,2023-06-24,7,293.56,22,,
4,KUSI MINIMARKET - Del Comercio,2023-06-30,6,267.87,16,,
4,KUSI MINIMARKET - Del Comercio,2023-07-25,3,444.48,28,,
4,KUSI MINIMARKET - Del Comercio,2023-08-14,2,251.12,20,,
4,KUSI MINIMARKET - Del Comercio,2023-10-15,1,365.0,27,,
4,KUSI MINIMARKET - Del Comercio,2023-10-21,7,370.28,24,,
4,KUSI MINIMARKET - Del Comercio,2023-10-22,1,470.76,26,,
4,KUSI MINIMARKET - Del Comercio,2023-12-26,3,323.01,23,Festividad local,Fin de año
4,KUSI MINIMARKET - Del Comercio,2024-01-16,3,310.01,22,,
4,KUSI MINIMARKET - Del Comercio,2024-02-23,6,388.65,30,Festividad local,Campaña escolar
4,KUSI MINIMARKET - Del Comercio,2024-03-31,1,332.37,27,Festividad local,Semana Santa
7,KUSI MINIMARKET - San Roque,2024-04-13,7,299.9,18,,
7,KUSI MINIMARKET - San Roque,2024-07-23,3,156.91,15,,
7,KUSI MINIMARKET - San Roque,2024-08-10,7,114.41,13,,
6,KUSI MINIMARKET - Silva Santisteban,2024-09-12,5,230.06,17,,
2,KUSI MINIMARKET - Hoyos Rubio,2023-08-16,4,522.41,31,,
5,KUSI MINIMARKET - San Sebastián,2025-05-15,5,277.36,21,,
6,KUSI MINIMARKET - Silva Santisteban,2023-01-17,3,249.47,18,,
7,KUSI MINIMARKET - San Roque,2024-12-19,5,439.32,29,Festividad local,Campaña navideña
6,KUSI MINIMARKET - Silva Santisteban,2024-12-22,1,180.96,17,Festividad local,Campaña navideña
6,KUSI MINIMARKET - Silva Santisteban,2024-12-27,6,150.43,9,Festividad local,Fin de año
4,KUSI MINIMARKET - Del Comercio,2025-02-16,1,252.74,22,Festividad local,Campaña escolar
5,KUSI MINIMARKET - San Sebastián,2025-02-27,5,301.08,24,Festividad local,Campaña escolar
4,KUSI MINIMARKET - Del Comercio,2025-05-16,6,433.56,30,,
4,KUSI MINIMARKET - Del Comercio,2025-06-20,6,374.98,25,,
4,KUSI MINIMARKET - Del Comercio,2025-07-14,2,324.99,23,,
7,KUSI MINIMARKET - San Roque,2024-05-02,5,256.64,20,,
7,KUSI MINIMARKET - San Roque,2023-04-07,6,210.15,13,Feriado nacional,Jueves/Viernes Santo
4,KUSI MINIMARKET - Del Comercio,2025-05-03,7,299.66,20,,
7,KUSI MINIMARKET - San Roque,2025-06-23,2,110.35,11,,
5,KUSI MINIMARKET - San Sebastián,2024-04-13,7,373.55,26,,
5,KUSI MINIMARKET - San Sebastián,2025-08-09,7,279.17,14,,
5,KUSI MINIMARKET - San Sebastián,2024-01-16,3,173.27,15,,
4,KUSI MINIMARKET - Del Comercio,2023-02-05,1,244.37,14,,
3,KUSI MINIMARKET - Amalia Puga,2025-08-17,1,431.97,29,,
5,KUSI MINIMARKET - San Sebastián,2023-02-21,3,257.81,14,Festividad local,Campaña escolar
7,KUSI MINIMARKET - San Roque,2025-06-24,3,239.9,15,,
7,KUSI MINIMARKET - San Roque,2024-02-28,4,129.88,12,Festividad local,Campaña escolar
5,KUSI MINIMARKET - San Sebastián,2023-10-20,6,397.96,23,,
3,KUSI MINIMARKET - Amalia Puga,2025-06-09,2,231.37,19,,
3,KUSI MINIMARKET - Amalia Puga,2023-02-02,5,268.33,14,,
2,KUSI MINIMARKET - Hoyos Rubio,2023-12-04,2,522.09,33,,
6,KUSI MINIMARKET - Silva Santisteban,2025-03-08,7,175.81,13,Festividad local,Campaña escolar
6,KUSI MINIMARKET - Silva Santisteban,2025-01-08,4,146.51,12,,
7,KUSI MINIMARKET - San Roque,2024-04-21,1,136.75,11,,
5,KUSI MINIMARKET - San Sebastián,2024-04-18,5,194.92,14,,
5,KUSI MINIMARKET - San Sebastián,2025-02-25,3,264.91,22,Festividad local,Campaña escolar
4,KUSI MINIMARKET - Del Comercio,2024-02-01,5,262.73,19,,
3,KUSI MINIMARKET - Amalia Puga,2023-12-25,2,330.51,28,Feriado nacional,Navidad
6,KUSI MINIMARKET - Silva Santisteban,2024-04-19,6,215.59,20,,
2,KUSI MINIMARKET - Hoyos Rubio,2024-08-27,3,377.13,22,,
6,KUSI MINIMARKET - Silva Santisteban,2025-02-03,2,176.08,15,,
3,KUSI MINIMARKET - Amalia Puga,2024-01-27,7,287.69,20,,
5,KUSI MINIMARKET - San Sebastián,2024-11-08,6,228.08,15,,
7,KUSI MINIMARKET - San Roque,2023-11-15,4,235.05,13,,
7,KUSI MINIMARKET - San Roque,2024-08-21,4,205.08,13,,
5,KUSI MINIMARKET - San Sebastián,2024-11-22,6,192.28,17,,
6,KUSI MINIMARKET - Silva Santisteban,2023-08-01,3,340.67,23,,
5,KUSI MINIMARKET - San Sebastián,2023-06-24,7,224.62,16,,
4,KUSI MINIMARKET - Del Comercio,2023-12-24,1,428.81,27,Festividad local,Campaña navideña
6,KUSI MINIMARKET - Silva Santisteban,2024-03-24,1,404.1,27,Festividad local,Semana Santa
2,KUSI MINIMARKET - Hoyos Rubio,2024-12-05,5,500.96,38,,
7,KUSI MINIMARKET - San Roque,2025-06-01,1,212.61,16,,
7,KUSI MINIMARKET - San Roque,2024-01-09,3,194.83,16,,
6,KUSI MINIMARKET - Silva Santisteban,2025-07-11,6,302.42,21,,
7,KUSI MINIMARKET - San Roque,2025-02-23,1,241.19,20,Festividad local,Campaña escolar
7,KUSI MINIMARKET - San Roque,2025-02-25,3,263.86,17,Festividad local,Campaña escolar
5,KUSI MINIMARKET - San Sebastián,2023-07-26,4,211.01,15,,
5,KUSI MINIMARKET - San Sebastián,2023-10-22,1,154.31,11,,
7,KUSI MINIMARKET - San Roque,2025-06-05,5,210.39,13,,
5,KUSI MINIMARKET - San Sebastián,2025-05-05,2,268.68,22,,
6,KUSI MINIMARKET - Silva Santisteban,2023-02-08,4,109.07,9,,
5,KUSI MINIMARKET - San Sebastián,2025-08-22,6,376.82,23,,
4,KUSI MINIMARKET - Del Comercio,2023-06-16,6,235.78,19,,
7,KUSI MINIMARKET - San Roque,2025-07-11,6,265.38,20,,
5,KUSI MINIMARKET - San Sebastián,2023-01-23,2,237.84,18,,
6,KUSI MINIMARKET - Silva Santisteban,2023-08-16,4,264.68,18,,
7,KUSI MINIMARKET - San Roque,2024-09-09,2,259.78,20,,
5,KUSI MINIMARKET - San Sebastián,2023-04-05,4,336.35,19,Festividad local,Semana Santa
7,KUSI MINIMARKET - San Roque,2023-04-28,6,156.01,11,,
6,KUSI MINIMARKET - Silva Santisteban,2025-03-22,7,283.99,18,,
6,KUSI MINIMARKET - Silva Santisteban,2024-03-02,7,223.73,11,Festividad local,Campaña escolar
3,KUSI MINIMARKET - Amalia Puga,2024-06-24,2,288.9,21,,
7,KUSI MINIMARKET - San Roque,2024-10-02,4,330.96,22,,
6,KUSI MINIMARKET - Silva Santisteban,2023-11-16,5,229.48,16,,
6,KUSI MINIMARKET - Silva Santisteban,2023-01-09,2,216.14,16,,
7,KUSI MINIMARKET - San Roque,2025-05-06,3,361.83,20,,
3,KUSI MINIMARKET - Amalia Puga,2024-08-03,7,289.48,21,,
7,KUSI MINIMARKET - San Roque,2024-02-18,1,48.38,7,Festividad local,Campaña escolar
5,KUSI MINIMARKET - San Sebastián,2024-01-05,6,235.17,20,,
4,KUSI MINIMARKET - Del Comercio,2023-10-31,3,167.28,13,,
6,KUSI MINIMARKET - Silva Santisteban,2023-09-28,5,229.24,13,,
7,KUSI MINIMARKET - San Roque,2025-03-19,4,218.0,17,,
2,KUSI MINIMARKET - Hoyos Rubio,2024-06-10,2,259.01,18,,
7,KUSI MINIMARKET - San Roque,2023-06-20,3,221.29,12,,
6,KUSI MINIMARKET - Silva Santisteban,2024-06-01,7,243.28,13,,
6,KUSI MINIMARKET - Silva Santisteban,2024-02-13,3,143.44,11,Festividad local,Carnaval de Cajamarca
7,KUSI MINIMARKET - San Roque,2024-02-08,5,175.31,12,,
6,KUSI MINIMARKET - Silva Santisteban,2023-02-09,5,259.17,13,,
5,KUSI MINIMARKET - San Sebastián,2023-12-04,2,329.9,22,,
2,KUSI MINIMARKET - Hoyos Rubio,2024-08-03,7,513.88,30,,
7,KUSI MINIMARKET - San Roque,2024-06-21,6,282.16,18,,
5,KUSI MINIMARKET - San Sebastián,2023-04-03,2,284.3,20,Festividad local,Semana Santa
6,KUSI MINIMARKET - Silva Santisteban,2025-05-09,6,324.49,26,,
7,KUSI MINIMARKET - San Roque,2023-03-11,7,314.46,19,Festividad local,Campaña escolar
5,KUSI MINIMARKET - San Sebastián,2023-11-27,2,277.24,21,,
7,KUSI MINIMARKET - San Roque,2024-07-26,6,314.32,18,,
6,KUSI MINIMARKET - Silva Santisteban,2024-10-21,2,54.62,6,,
5,KUSI MINIMARKET - San Sebastián,2024-06-20,5,219.91,17,,
5,KUSI MINIMARKET - San Sebastián,2023-03-18,7,287.39,21,,
7,KUSI MINIMARKET - San Roque,2024-01-20,7,341.4,24,,
4,KUSI MINIMARKET - Del Comercio,2025-04-14,2,454.07,23,Festividad local,Semana Santa
4,KUSI MINIMARKET - Del Comercio,2025-05-10,7,438.95,31,,
5,KUSI MINIMARKET - San Sebastián,2023-10-19,5,343.59,16,,
2,KUSI MINIMARKET - Hoyos Rubio,2023-02-13,2,247.36,16,,
5,KUSI MINIMARKET - San Sebastián,2025-04-17,5,253.63,21,Feriado nacional,Jueves/Viernes Santo
6,KUSI MINIMARKET - Silva Santisteban,2023-06-24,7,253.42,20,,
7,KUSI MINIMARKET - San Roque,2024-06-19,4,194.27,12,,
2,KUSI MINIMARKET - Hoyos Rubio,2023-02-26,1,356.83,26,Festividad local,Campaña escolar
5,KUSI MINIMARKET - San Sebastián,2024-05-02,5,371.91,18,,
3,KUSI MINIMARKET - Amalia Puga,2024-04-16,3,295.69,22,,
6,KUSI MINIMARKET - Silva Santisteban,2024-09-10,3,219.9,18,,
6,KUSI MINIMARKET - Silva Santisteban,2024-06-19,4,316.66,16,,
7,KUSI MINIMARKET - San Roque,2024-01-11,5,240.3,18,,
6,KUSI MINIMARKET - Silva Santisteban,2023-05-30,3,187.2,13,,
5,KUSI MINIMARKET - San Sebastián,2025-02-16,1,288.61,19,Festividad local,Campaña escolar
6,KUSI MINIMARKET - Silva Santisteban,2025-08-11,2,224.69,16,,
5,KUSI MINIMARKET - San Sebastián,2023-12-13,4,246.82,17,,
5,KUSI MINIMARKET - San Sebastián,2023-01-06,6,255.85,18,,
2,KUSI MINIMARKET - Hoyos Rubio,2023-11-29,4,149.66,14,,
4,KUSI MINIMARKET - Del Comercio,2025-03-27,5,238.45,17,,
5,KUSI MINIMARKET - San Sebastián,2023-04-15,7,337.59,25,,
6,KUSI MINIMARKET - Silva Santisteban,2024-10-27,1,249.86,21,,
4,KUSI MINIMARKET - Del Comercio,2025-04-22,3,500.61,31,,
7,KUSI MINIMARKET - San Roque,2023-03-09,5,153.51,14,Festividad local,Campaña escolar
3,KUSI MINIMARKET - Amalia Puga,2024-12-23,2,280.25,25,Festividad local,Campaña navideña
5,KUSI MINIMARKET - San Sebastián,2023-10-15,1,226.22,18,,
7,KUSI MINIMARKET - San Roque,2023-09-29,6,80.54,7,,
7,KUSI MINIMARKET - San Roque,2024-06-23,1,247.04,17,,
5,KUSI MINIMARKET - San Sebastián,2023-02-01,4,184.46,13,,
7,KUSI MINIMARKET - San Roque,2024-05-27,2,138.79,14,,
7,KUSI MINIMARKET - San Roque,2023-04-15,7,125.27,10,,
4,KUSI MINIMARKET - Del Comercio,2023-12-14,5,518.11,31,,
5,KUSI MINIMARKET - San Sebastián,2024-10-22,3,106.46,8,,
7,KUSI MINIMARKET - San Roque,2025-03-11,3,193.12,14,Festividad local,Campaña escolar
5,KUSI MINIMARKET - San Sebastián,2025-06-07,7,201.05,16,,
7,KUSI MINIMARKET - San Roque,2024-10-06,1,99.29,9,,
6,KUSI MINIMARKET - Silva Santisteban,2023-01-24,3,209.44,13,,
5,KUSI MINIMARKET - San Sebastián,2023-01-02,2,126.47,12,,
3,KUSI MINIMARKET - Amalia Puga,2023-12-30,7,528.71,39,Festividad local,Fin de año
7,KUSI MINIMARKET - San Roque,2024-03-01,6,143.54,10,Festividad local,Campaña escolar
7,KUSI MINIMARKET - San Roque,2024-04-05,6,232.2,14,,
7,KUSI MINIMARKET - San Roque,2024-06-02,1,223.89,15,,
6,KUSI MINIMARKET - Silva Santisteban,2025-04-20,1,147.01,10,Festividad local,Semana Santa
7,KUSI MINIMARKET - San Roque,2024-09-14,7,167.29,12,,
4,KUSI MINIMARKET - Del Comercio,2024-03-30,7,306.48,20,Festividad local,Semana Santa
7,KUSI MINIMARKET - San Roque,2023-01-05,5,69.61,8,,
1,KUSI MINIMARKET - Vía de Evitamiento Norte,2023-01-02,2,772.91,49,,
1,KUSI MINIMARKET - Vía de Evitamiento Norte,2023-01-03,3,738.95,48,,
1,KUSI MINIMARKET - Vía de Evitamiento Norte,2023-01-05,5,697.77,49,,
1,KUSI MINIMARKET - Vía de Evitamiento Norte,2023-01-15,1,432.52,39,,
1,KUSI MINIMARKET - Vía de Evitamiento Norte,2023-01-20,6,669.55,47,,
1,KUSI MINIMARKET - Vía de Evitamiento Norte,2023-01-27,6,636.86,44,,
6,KUSI MINIMARKET - Silva Santisteban,2023-02-01,4,200.83,12,,
7,KUSI MINIMARKET - San Roque,2023-02-07,3,271.54,14,,
1,KUSI MINIMARKET - Vía de Evitamiento Norte,2023-02-12,1,680.15,51,,
1,KUSI MINIMARKET - Vía de Evitamiento Norte,2023-02-14,3,724.17,49,Festividad local,Día del Amor y la Amistad
1,KUSI MINIMARKET - Vía de Evitamiento Norte,2023-02-23,5,480.6,38,Festividad local,Campaña escolar
6,KUSI MINIMARKET - Silva Santisteban,2023-02-27,2,232.18,15,Festividad local,Campaña escolar
1,KUSI MINIMARKET - Vía de Evitamiento Norte,2023-03-06,2,399.48,33,Festividad local,Campaña escolar
6,KUSI MINIMARKET - Silva Santisteban,2023-03-11,7,277.91,19,Festividad local,Campaña escolar
1,KUSI MINIMARKET - Vía de Evitamiento Norte,2023-03-12,1,743.52,44,Festividad local,Campaña escolar
1,KUSI MINIMARKET - Vía de Evitamiento Norte,2023-03-16,5,679.97,48,,
1,KUSI MINIMARKET - Vía de Evitamiento Norte,2023-03-19,1,765.45,51,,
1,KUSI MINIMARKET - Vía de Evitamiento Norte,2023-03-20,2,718.97,48,,
7,KUSI MINIMARKET - San Roque,2023-03-21,3,329.78,21,,
7,KUSI MINIMARKET - San Roque,2023-04-03,2,281.61,17,Festividad local,Semana Santa
1,KUSI MINIMARKET - Vía de Evitamiento Norte,2023-04-03,2,594.42,46,Festividad local,Semana Santa
5,KUSI MINIMARKET - San Sebastián,2023-04-04,3,184.2,15,Festividad local,Semana Santa
1,KUSI MINIMARKET - Vía de Evitamiento Norte,2023-04-08,7,709.1,51,Festividad local,Semana Santa
1,KUSI MINIMARKET - Vía de Evitamiento Norte,2023-04-24,2,655.46,47,,
6,KUSI MINIMARKET - Silva Santisteban,2023-04-29,7,267.45,18,,
7,KUSI MINIMARKET - San Roque,2023-05-07,1,309.62,23,,
6,KUSI MINIMARKET - Silva Santisteban,2023-05-16,3,151.13,12,,
1,KUSI MINIMARKET - Vía de Evitamiento Norte,2023-05-17,4,927.0,56,,
1,KUSI MINIMARKET - Vía de Evitamiento Norte,2023-05-18,5,690.19,52,,
7,KUSI MINIMARKET - San Roque,2023-05-20,7,498.56,32,,
1,KUSI MINIMARKET - Vía de Evitamiento Norte,2023-06-06,3,571.77,44,,
5,KUSI MINIMARKET - San Sebastián,2023-06-15,5,179.87,11,,
1,KUSI MINIMARKET - Vía de Evitamiento Norte,2023-06-27,3,672.13,53,,
1,KUSI MINIMARKET - Vía de Evitamiento Norte,2023-06-28,4,716.69,48,,
1,KUSI MINIMARKET - Vía de Evitamiento Norte,2023-07-04,3,752.01,49,,
6,KUSI MINIMARKET - Silva Santisteban,2023-07-05,4,235.25,15,,
1,KUSI MINIMARKET - Vía de Evitamiento Norte,2023-07-09,1,563.31,40,,
6,KUSI MINIMARKET - Silva Santisteban,2023-07-13,5,273.06,21,,
5,KUSI MINIMARKET - San Sebastián,2023-07-14,6,260.58,19,,
1,KUSI MINIMARKET - Vía de Evitamiento Norte,2023-07-24,2,635.94,46,,
1,KUSI MINIMARKET - Vía de Evitamiento Norte,2023-07-25,3,880.9,52,,
1,KUSI MINIMARKET - Vía de Evitamiento Norte,2023-07-26,4,912.43,59,,
7,KUSI MINIMARKET - San Roque,2023-07-29,7,125.81,11,Feriado nacional,Fiestas Patrias
7,KUSI MINIMARKET - San Roque,2023-08-03,5,178.32,14,,
1,KUSI MINIMARKET - Vía de Evitamiento Norte,2023-08-04,6,566.31,44,,
1,KUSI MINIMARKET - Vía de Evitamiento Norte,2023-08-15,3,673.66,50,,
1,KUSI MINIMARKET - Vía de Evitamiento Norte,2023-08-22,3,778.36,54,,
5,KUSI MINIMARKET - San Sebastián,2023-08-27,1,177.47,12,,
1,KUSI MINIMARKET - Vía de Evitamiento Norte,2023-09-02,7,619.54,48,,
7,KUSI MINIMARKET - San Roque,2023-09-08,6,257.14,18,,
1,KUSI MINIMARKET - Vía de Evitamiento Norte,2023-09-10,1,771.05,48,,
5,KUSI MINIMARKET - San Sebastián,2023-09-15,6,184.87,15,,
6,KUSI MINIMARKET - Silva Santisteban,2023-09-16,7,259.02,18,,
1,KUSI MINIMARKET - Vía de Evitamiento Norte,2023-09-17,1,632.08,47,,
1,KUSI MINIMARKET - Vía de Evitamiento Norte,2023-09-26,3,486.2,36,,
1,KUSI MINIMARKET - Vía de Evitamiento Norte,2023-10-18,4,768.28,54,,
1,KUSI MINIMARKET - Vía de Evitamiento Norte,2023-10-28,7,823.82,50,,
6,KUSI MINIMARKET - Silva Santisteban,2023-10-28,7,302.84,19,,
1,KUSI MINIMARKET - Vía de Evitamiento Norte,2023-10-31,3,690.94,53,,
6,KUSI MINIMARKET - Silva Santisteban,2023-11-01,4,219.52,19,Feriado nacional,Todos los Santos
1,KUSI MINIMARKET - Vía de Evitamiento Norte,2023-11-02,5,714.31,46,,
1,KUSI MINIMARKET - Vía de Evitamiento Norte,2023-11-03,6,839.68,52,,
5,KUSI MINIMARKET - San Sebastián,2023-11-03,6,413.96,25,,
1,KUSI MINIMARKET - Vía de Evitamiento Norte,2023-11-13,2,789.37,55,,
1,KUSI MINIMARKET - Vía de Evitamiento Norte,2023-11-20,2,688.81,49,,
6,KUSI MINIMARKET - Silva Santisteban,2023-11-22,4,174.18,14,,
5,KUSI MINIMARKET - San Sebastián,2023-11-25,7,337.01,27,,
1,KUSI MINIMARKET - Vía de Evitamiento Norte,2023-12-04,2,826.4,51,,
1,KUSI MINIMARKET - Vía de Evitamiento Norte,2023-12-08,6,950.26,69,Feriado nacional,Inmaculada Concepción
5,KUSI MINIMARKET - San Sebastián,2023-12-09,7,213.18,15,,
1,KUSI MINIMARKET - Vía de Evitamiento Norte,2023-12-16,7,760.63,64,Festividad local,Campaña navideña
1,KUSI MINIMARKET - Vía de Evitamiento Norte,2023-12-17,1,1019.29,69,Festividad local,Campaña navideña
1,KUSI MINIMARKET - Vía de Evitamiento Norte,2023-12-20,4,950.99,74,Festividad local,Campaña navideña
6,KUSI MINIMARKET - Silva Santisteban,2023-12-24,1,222.78,15,Festividad local,Campaña navideña
1,KUSI MINIMARKET - Vía de Evitamiento Norte,2024-01-03,4,662.45,41,,
1,KUSI MINIMARKET - Vía de Evitamiento Norte,2024-01-06,7,765.94,55,,
1,KUSI MINIMARKET - Vía de Evitamiento Norte,2024-01-11,5,512.82,40,,
6,KUSI MINIMARKET - Silva Santisteban,2024-01-14,1,263.51,16,,
5,KUSI MINIMARKET - San Sebastián,2024-01-14,1,132.53,10,,
1,KUSI MINIMARKET - Vía de Evitamiento Norte,2024-01-24,4,533.34,38,,
5,KUSI MINIMARKET - San Sebastián,2024-01-25,5,178.02,12,,
6,KUSI MINIMARKET - Silva Santisteban,2024-01-26,6,288.62,18,,
1,KUSI MINIMARKET - Vía de Evitamiento Norte,2024-02-01,5,572.09,42,,
1,KUSI MINIMARKET - Vía de Evitamiento Norte,2024-02-21,4,739.6,51,Festividad local,Campaña escolar
6,KUSI MINIMARKET - Silva Santisteban,2024-03-07,5,402.78,23,Festividad local,Campaña escolar
7,KUSI MINIMARKET - San Roque,2024-03-11,2,167.88,13,Festividad local,Campaña escolar
6,KUSI MINIMARKET - Silva Santisteban,2024-03-28,5,469.26,25,Feriado nacional,Jueves/Viernes Santo
1,KUSI MINIMARKET - Vía de Evitamiento Norte,2024-03-30,7,818.02,52,Festividad local,Semana Santa
7,KUSI MINIMARKET - San Roque,2024-04-04,5,224.2,17,,
1,KUSI MINIMARKET - Vía de Evitamiento Norte,2024-04-16,3,624.57,52,,
1,KUSI MINIMARKET - Vía de Evitamiento Norte,2024-04-20,7,778.93,43,,
6,KUSI MINIMARKET - Silva Santisteban,2024-04-22,2,226.73,13,,
7,KUSI MINIMARKET - San Roque,2024-04-25,5,323.63,23,,
1,KUSI MINIMARKET - Vía de Evitamiento Norte,2024-04-25,5,529.9,42,,
5,KUSI MINIMARKET - San Sebastián,2024-04-27,7,254.61,21,,
6,KUSI MINIMARKET - Silva Santisteban,2024-05-07,3,258.65,20,,
1,KUSI MINIMARKET - Vía de Evitamiento Norte,2024-05-11,7,877.65,59,,
5,KUSI MINIMARKET - San Sebastián,2024-05-11,7,254.37,16,,
5,KUSI MINIMARKET - San Sebastián,2024-05-14,3,145.28,14,,
1,KUSI MINIMARKET - Vía de Evitamiento Norte,2024-05-25,7,951.63,55,,
1,KUSI MINIMARKET - Vía de Evitamiento Norte,2024-05-30,5,608.55,49,Festividad local,Corpus Christi
5,KUSI MINIMARKET - San Sebastián,2024-05-31,6,253.27,20,,
1,KUSI MINIMARKET - Vía de Evitamiento Norte,2024-06-07,6,724.38,49,,
1,KUSI MINIMARKET - Vía de Evitamiento Norte,2024-06-15,7,686.25,46,,
1,KUSI MINIMARKET - Vía de Evitamiento Norte,2024-06-16,1,678.12,48,Festividad local,Día del Padre
1,KUSI MINIMARKET - Vía de Evitamiento Norte,2024-06-26,4,754.88,47,,
6,KUSI MINIMARKET - Silva Santisteban,2024-06-26,4,290.81,18,,
7,KUSI MINIMARKET - San Roque,2024-06-30,1,220.84,17,,
6,KUSI MINIMARKET - Silva Santisteban,2024-07-01,2,270.52,22,,
1,KUSI MINIMARKET - Vía de Evitamiento Norte,2024-07-02,3,766.35,58,,
1,KUSI MINIMARKET - Vía de Evitamiento Norte,2024-07-06,7,720.08,47,,
5,KUSI MINIMARKET - San Sebastián,2024-07-15,2,269.86,18,,
1,KUSI MINIMARKET - Vía de Evitamiento Norte,2024-07-19,6,750.12,50,,
1,KUSI MINIMARKET - Vía de Evitamiento Norte,2024-07-26,6,1005.98,63,,
7,KUSI MINIMARKET - San Roque,2024-07-29,2,321.85,23,Feriado nacional,Fiestas Patrias
6,KUSI MINIMARKET - Silva Santisteban,2024-07-30,3,265.66,17,,
5,KUSI MINIMARKET - San Sebastián,2024-08-07,4,255.6,17,,
1,KUSI MINIMARKET - Vía de Evitamiento Norte,2024-08-09,6,603.62,47,,
1,KUSI MINIMARKET - Vía de Evitamiento Norte,2024-08-10,7,711.89,53,,
7,KUSI MINIMARKET - San Roque,2024-08-15,5,193.9,16,,
1,KUSI MINIMARKET - Vía de Evitamiento Norte,2024-08-19,2,645.69,47,,
1,KUSI MINIMARKET - Vía de Evitamiento Norte,2024-08-23,6,614.18,48,,
7,KUSI MINIMARKET - San Roque,2024-08-24,7,262.36,19,,
5,KUSI MINIMARKET - San Sebastián,2024-08-29,5,342.85,26,,
1,KUSI MINIMARKET - Vía de Evitamiento Norte,2024-09-01,1,623.22,42,,
1,KUSI MINIMARKET - Vía de Evitamiento Norte,2024-09-04,4,680.32,50,,
7,KUSI MINIMARKET - San Roque,2023-11-17,6,168.4,14,,
1,KUSI MINIMARKET - Vía de Evitamiento Norte,2024-04-08,2,593.32,39,,
1,KUSI MINIMARKET - Vía de Evitamiento Norte,2024-07-18,5,764.12,53,,
5,KUSI MINIMARKET - San Sebastián,2024-07-29,2,229.14,19,Feriado nacional,Fiestas Patrias
6,KUSI MINIMARKET - Silva Santisteban,2024-08-13,3,165.25,12,,
1,KUSI MINIMARKET - Vía de Evitamiento Norte,2024-09-14,7,720.74,51,,
1,KUSI MINIMARKET - Vía de Evitamiento Norte,2024-09-16,2,814.2,55,,
1,KUSI MINIMARKET - Vía de Evitamiento Norte,2024-09-17,3,674.12,49,,
6,KUSI MINIMARKET - Silva Santisteban,2024-09-22,1,341.14,20,,
6,KUSI MINIMARKET - Silva Santisteban,2024-09-25,4,372.35,23,,
6,KUSI MINIMARKET - Silva Santisteban,2024-10-01,3,274.47,25,,
6,KUSI MINIMARKET - Silva Santisteban,2024-10-02,4,349.25,25,,
1,KUSI MINIMARKET - Vía de Evitamiento Norte,2024-10-17,5,848.3,56,,
1,KUSI MINIMARKET - Vía de Evitamiento Norte,2024-10-18,6,460.83,39,,
1,KUSI MINIMARKET - Vía de Evitamiento Norte,2024-10-24,5,791.96,57,,
1,KUSI MINIMARKET - Vía de Evitamiento Norte,2024-10-25,6,745.6,52,,
5,KUSI MINIMARKET - San Sebastián,2024-10-29,3,304.87,24,,
6,KUSI MINIMARKET - Silva Santisteban,2024-11-02,7,185.76,16,,
6,KUSI MINIMARKET - Silva Santisteban,2024-11-06,4,322.75,22,,
1,KUSI MINIMARKET - Vía de Evitamiento Norte,2024-11-08,6,703.5,42,,
1,KUSI MINIMARKET - Vía de Evitamiento Norte,2024-11-13,4,914.73,61,,
5,KUSI MINIMARKET - San Sebastián,2024-11-16,7,228.11,16,,
1,KUSI MINIMARKET - Vía de Evitamiento Norte,2024-11-23,7,790.67,52,,
7,KUSI MINIMARKET - San Roque,2024-11-24,1,194.29,13,,
1,KUSI MINIMARKET - Vía de Evitamiento Norte,2024-12-02,2,956.03,58,,
1,KUSI MINIMARKET - Vía de Evitamiento Norte,2024-12-03,3,803.57,56,,
7,KUSI MINIMARKET - San Roque,2024-12-04,4,313.21,18,,
6,KUSI MINIMARKET - Silva Santisteban,2024-12-12,5,145.27,14,,
1,KUSI MINIMARKET - Vía de Evitamiento Norte,2024-12-18,4,959.17,63,Festividad local,Campaña navideña
5,KUSI MINIMARKET - San Sebastián,2024-12-29,1,308.27,22,Festividad local,Fin de año
1,KUSI MINIMARKET - Vía de Evitamiento Norte,2024-12-30,2,936.39,67,Festividad local,Fin de año
6,KUSI MINIMARKET - Silva Santisteban,2025-01-23,5,314.42,19,,
1,KUSI MINIMARKET - Vía de Evitamiento Norte,2025-01-27,2,710.96,45,,
6,KUSI MINIMARKET - Silva Santisteban,2025-01-30,5,221.05,18,,
1,KUSI MINIMARKET - Vía de Evitamiento Norte,2025-02-07,6,818.05,55,,
1,KUSI MINIMARKET - Vía de Evitamiento Norte,2025-02-14,6,748.2,57,Festividad local,Día del Amor y la Amistad
1,KUSI MINIMARKET - Vía de Evitamiento Norte,2025-02-27,5,827.19,55,Festividad local,Campaña escolar
1,KUSI MINIMARKET - Vía de Evitamiento Norte,2025-03-03,2,880.29,66,Festividad local,Campaña escolar
1,KUSI MINIMARKET - Vía de Evitamiento Norte,2025-03-05,4,715.09,47,Festividad local,Campaña escolar
6,KUSI MINIMARKET - Silva Santisteban,2025-03-05,4,299.9,25,Festividad local,Campaña escolar
1,KUSI MINIMARKET - Vía de Evitamiento Norte,2025-03-07,6,760.74,53,Festividad local,Campaña escolar
5,KUSI MINIMARKET - San Sebastián,2025-03-07,6,302.37,20,Festividad local,Campaña escolar
1,KUSI MINIMARKET - Vía de Evitamiento Norte,2025-03-12,4,1002.32,66,Festividad local,Campaña escolar
1,KUSI MINIMARKET - Vía de Evitamiento Norte,2025-03-13,5,822.3,59,Festividad local,Campaña escolar
5,KUSI MINIMARKET - San Sebastián,2025-03-16,1,271.84,22,,
1,KUSI MINIMARKET - Vía de Evitamiento Norte,2025-03-17,2,622.63,45,,
1,KUSI MINIMARKET - Vía de Evitamiento Norte,2025-03-18,3,845.91,49,,
6,KUSI MINIMARKET - Silva Santisteban,2025-03-23,1,171.14,14,,
1,KUSI MINIMARKET - Vía de Evitamiento Norte,2025-04-22,3,679.97,54,,
1,KUSI MINIMARKET - Vía de Evitamiento Norte,2025-04-26,7,971.99,68,,
1,KUSI MINIMARKET - Vía de Evitamiento Norte,2025-05-01,5,827.32,61,Feriado nacional,Día del Trabajo
1,KUSI MINIMARKET - Vía de Evitamiento Norte,2025-05-08,5,841.66,58,,
5,KUSI MINIMARKET - San Sebastián,2025-05-11,1,350.45,26,Festividad local,Día de la Madre
5,KUSI MINIMARKET - San Sebastián,2025-05-17,7,415.8,26,,
1,KUSI MINIMARKET - Vía de Evitamiento Norte,2025-05-18,1,978.92,56,,
1,KUSI MINIMARKET - Vía de Evitamiento Norte,2025-05-19,2,837.79,59,,
1,KUSI MINIMARKET - Vía de Evitamiento Norte,2025-05-24,7,833.75,65,,
1,KUSI MINIMARKET - Vía de Evitamiento Norte,2025-05-28,4,1032.47,75,,
7,KUSI MINIMARKET - San Roque,2025-05-29,5,280.9,16,,
1,KUSI MINIMARKET - Vía de Evitamiento Norte,2025-05-31,7,1085.43,72,,
6,KUSI MINIMARKET - Silva Santisteban,2025-05-31,7,265.18,21,,
1,KUSI MINIMARKET - Vía de Evitamiento Norte,2025-06-03,3,714.81,51,,
1,KUSI MINIMARKET - Vía de Evitamiento Norte,2025-06-09,2,771.57,59,,
1,KUSI MINIMARKET - Vía de Evitamiento Norte,2025-06-16,2,587.67,42,,
1,KUSI MINIMARKET - Vía de Evitamiento Norte,2025-06-19,5,570.69,45,Festividad local,Corpus Christi
1,KUSI MINIMARKET - Vía de Evitamiento Norte,2025-06-21,7,757.84,60,,
1,KUSI MINIMARKET - Vía de Evitamiento Norte,2025-06-25,4,853.42,56,,
1,KUSI MINIMARKET - Vía de Evitamiento Norte,2025-06-27,6,576.4,41,,
5,KUSI MINIMARKET - San Sebastián,2025-07-01,3,438.89,29,,
6,KUSI MINIMARKET - Silva Santisteban,2025-07-04,6,238.96,19,,
6,KUSI MINIMARKET - Silva Santisteban,2025-07-14,2,304.0,24,,
1,KUSI MINIMARKET - Vía de Evitamiento Norte,2025-07-14,2,937.44,62,,
6,KUSI MINIMARKET - Silva Santisteban,2025-07-27,1,272.28,20,,
6,KUSI MINIMARKET - Silva Santisteban,2025-08-06,4,170.31,13,,
7,KUSI MINIMARKET - San Roque,2025-08-22,6,394.14,27,,
5,KUSI MINIMARKET - San Sebastián,2025-08-27,4,301.99,20,,
1,KUSI MINIMARKET - Vía de Evitamiento Norte,2025-08-29,6,866.98,67,,
2,KUSI MINIMARKET - Hoyos Rubio,2023-01-05,5,339.84,24,,
2,KUSI MINIMARKET - Hoyos Rubio,2023-01-19,5,222.45,18,,
2,KUSI MINIMARKET - Hoyos Rubio,2023-01-25,4,235.98,16,,
2,KUSI MINIMARKET - Hoyos Rubio,2023-01-29,1,379.46,30,,
2,KUSI MINIMARKET - Hoyos Rubio,2023-01-30,2,353.63,26,,
2,KUSI MINIMARKET - Hoyos Rubio,2023-02-02,5,355.89,29,,
2,KUSI MINIMARKET - Hoyos Rubio,2023-02-10,6,354.93,29,,
5,KUSI MINIMARKET - San Sebastián,2023-02-16,5,188.09,9,Festividad local,Campaña escolar
2,KUSI MINIMARKET - Hoyos Rubio,2023-03-22,4,390.28,28,,
2,KUSI MINIMARKET - Hoyos Rubio,2023-03-31,6,391.28,31,,
7,KUSI MINIMARKET - San Roque,2023-04-01,7,409.52,22,,
2,KUSI MINIMARKET - Hoyos Rubio,2023-04-07,6,540.24,31,Feriado nacional,Jueves/Viernes Santo
6,KUSI MINIMARKET - Silva Santisteban,2023-04-23,1,276.54,20,,
2,KUSI MINIMARKET - Hoyos Rubio,2023-04-27,5,495.44,31,,
5,KUSI MINIMARKET - San Sebastián,2023-04-28,6,387.68,20,,
2,KUSI MINIMARKET - Hoyos Rubio,2023-05-10,4,433.19,36,,
2,KUSI MINIMARKET - Hoyos Rubio,2023-05-13,7,381.85,28,,
5,KUSI MINIMARKET - San Sebastián,2023-05-14,1,255.8,20,Festividad local,Día de la Madre
2,KUSI MINIMARKET - Hoyos Rubio,2023-05-15,2,597.02,39,,
2,KUSI MINIMARKET - Hoyos Rubio,2023-05-31,4,384.9,30,,
2,KUSI MINIMARKET - Hoyos Rubio,2023-06-01,5,264.49,25,,
2,KUSI MINIMARKET - Hoyos Rubio,2023-06-02,6,498.56,29,,
2,KUSI MINIMARKET - Hoyos Rubio,2023-06-09,6,427.11,28,,
2,KUSI MINIMARKET - Hoyos Rubio,2023-06-16,6,323.52,27,,
2,KUSI MINIMARKET - Hoyos Rubio,2023-06-21,4,340.25,23,,
2,KUSI MINIMARKET - Hoyos Rubio,2023-06-23,6,455.05,29,,
2,KUSI MINIMARKET - Hoyos Rubio,2023-06-29,5,543.17,38,Feriado nacional,San Pedro y San Pablo
6,KUSI MINIMARKET - Silva Santisteban,2023-07-10,2,240.56,17,,
2,KUSI MINIMARKET - Hoyos Rubio,2023-07-14,6,349.62,27,,
2,KUSI MINIMARKET - Hoyos Rubio,2023-07-16,1,358.41,23,,
5,KUSI MINIMARKET - San Sebastián,2023-07-17,2,231.62,22,,
2,KUSI MINIMARKET - Hoyos Rubio,2023-08-09,4,367.85,31,,
6,KUSI MINIMARKET - Silva Santisteban,2023-09-19,3,215.2,15,,
2,KUSI MINIMARKET - Hoyos Rubio,2023-09-25,2,330.4,27,,
2,KUSI MINIMARKET - Hoyos Rubio,2023-10-01,1,517.83,35,,
2,KUSI MINIMARKET - Hoyos Rubio,2023-10-26,5,296.38,23,,
2,KUSI MINIMARKET - Hoyos Rubio,2023-11-04,7,413.37,33,,
2,KUSI MINIMARKET - Hoyos Rubio,2023-11-06,2,463.25,32,,
2,KUSI MINIMARKET - Hoyos Rubio,2023-11-11,7,287.77,22,,
2,KUSI MINIMARKET - Hoyos Rubio,2023-11-22,4,361.15,24,,
2,KUSI MINIMARKET - Hoyos Rubio,2023-12-09,7,467.41,36,,
2,KUSI MINIMARKET - Hoyos Rubio,2023-12-10,1,320.98,26,,
2,KUSI MINIMARKET - Hoyos Rubio,2023-12-16,7,684.79,40,Festividad local,Campaña navideña
2,KUSI MINIMARKET - Hoyos Rubio,2023-12-23,7,554.09,44,Festividad local,Campaña navideña
6,KUSI MINIMARKET - Silva Santisteban,2023-12-30,7,294.37,19,Festividad local,Fin de año
2,KUSI MINIMARKET - Hoyos Rubio,2024-01-02,3,317.64,20,,
7,KUSI MINIMARKET - San Roque,2024-01-24,4,218.71,12,,
2,KUSI MINIMARKET - Hoyos Rubio,2024-02-07,4,301.57,25,,
2,KUSI MINIMARKET - Hoyos Rubio,2024-02-14,4,400.92,29,Festividad local,Día del Amor y la Amistad
2,KUSI MINIMARKET - Hoyos Rubio,2024-02-16,6,311.53,19,Festividad local,Campaña escolar
5,KUSI MINIMARKET - San Sebastián,2024-02-16,6,165.89,10,Festividad local,Campaña escolar
2,KUSI MINIMARKET - Hoyos Rubio,2024-02-20,3,273.21,19,Festividad local,Campaña escolar
2,KUSI MINIMARKET - Hoyos Rubio,2024-02-25,1,441.67,27,Festividad local,Campaña escolar
2,KUSI MINIMARKET - Hoyos Rubio,2024-02-29,5,612.67,40,Festividad local,Campaña escolar
2,KUSI MINIMARKET - Hoyos Rubio,2024-03-01,6,313.88,24,Festividad local,Campaña escolar
2,KUSI MINIMARKET - Hoyos Rubio,2024-03-03,1,486.06,37,Festividad local,Campaña escolar
6,KUSI MINIMARKET - Silva Santisteban,2024-03-08,6,212.96,17,Festividad local,Campaña escolar
2,KUSI MINIMARKET - Hoyos Rubio,2024-03-10,1,425.39,37,Festividad local,Campaña escolar
2,KUSI MINIMARKET - Hoyos Rubio,2024-03-20,4,506.53,35,,
2,KUSI MINIMARKET - Hoyos Rubio,2024-03-24,1,423.31,32,Festividad local,Semana Santa
2,KUSI MINIMARKET - Hoyos Rubio,2024-04-03,4,486.87,35,,
2,KUSI MINIMARKET - Hoyos Rubio,2024-04-04,5,465.33,30,,
2,KUSI MINIMARKET - Hoyos Rubio,2024-04-16,3,249.75,20,,
2,KUSI MINIMARKET - Hoyos Rubio,2024-04-25,5,345.04,19,,
2,KUSI MINIMARKET - Hoyos Rubio,2024-05-06,2,394.39,33,,
2,KUSI MINIMARKET - Hoyos Rubio,2024-05-23,5,461.44,31,,
2,KUSI MINIMARKET - Hoyos Rubio,2024-05-26,1,493.49,37,,
2,KUSI MINIMARKET - Hoyos Rubio,2024-05-28,3,374.62,30,,
2,KUSI MINIMARKET - Hoyos Rubio,2024-06-26,4,391.87,32,,
2,KUSI MINIMARKET - Hoyos Rubio,2024-07-04,5,277.46,22,,
2,KUSI MINIMARKET - Hoyos Rubio,2024-07-05,6,237.4,26,,
2,KUSI MINIMARKET - Hoyos Rubio,2024-07-10,4,276.53,26,,
2,KUSI MINIMARKET - Hoyos Rubio,2024-07-19,6,513.74,34,,
2,KUSI MINIMARKET - Hoyos Rubio,2024-07-28,1,287.15,20,Feriado nacional,Fiestas Patrias
2,KUSI MINIMARKET - Hoyos Rubio,2024-08-04,1,446.2,34,,
2,KUSI MINIMARKET - Hoyos Rubio,2024-08-12,2,471.37,34,,
2,KUSI MINIMARKET - Hoyos Rubio,2024-08-13,3,488.54,32,,
2,KUSI MINIMARKET - Hoyos Rubio,2024-08-30,6,465.93,37,Feriado nacional,Santa Rosa de Lima
2,KUSI MINIMARKET - Hoyos Rubio,2024-09-07,7,473.07,27,,
2,KUSI MINIMARKET - Hoyos Rubio,2024-09-14,7,388.28,31,,
2,KUSI MINIMARKET - Hoyos Rubio,2024-10-14,2,566.98,36,,
5,KUSI MINIMARKET - San Sebastián,2024-10-27,1,249.71,18,,
2,KUSI MINIMARKET - Hoyos Rubio,2024-11-06,4,511.94,35,,
2,KUSI MINIMARKET - Hoyos Rubio,2024-11-29,6,437.76,31,,
2,KUSI MINIMARKET - Hoyos Rubio,2024-12-09,2,367.48,26,,
2,KUSI MINIMARKET - Hoyos Rubio,2024-12-15,1,513.83,33,Festividad local,Campaña navideña
2,KUSI MINIMARKET - Hoyos Rubio,2024-12-17,3,423.9,32,Festividad local,Campaña navideña
2,KUSI MINIMARKET - Hoyos Rubio,2024-12-24,3,312.31,26,Festividad local,Campaña navideña
2,KUSI MINIMARKET - Hoyos Rubio,2024-12-26,5,577.51,41,Festividad local,Fin de año
2,KUSI MINIMARKET - Hoyos Rubio,2025-01-04,7,430.31,33,,
2,KUSI MINIMARKET - Hoyos Rubio,2025-01-07,3,340.3,25,,
7,KUSI MINIMARKET - San Roque,2025-01-29,4,257.55,17,,
2,KUSI MINIMARKET - Hoyos Rubio,2025-01-31,6,417.9,27,,
2,KUSI MINIMARKET - Hoyos Rubio,2025-02-03,2,346.18,28,,
2,KUSI MINIMARKET - Hoyos Rubio,2025-02-08,7,378.77,28,,
6,KUSI MINIMARKET - Silva Santisteban,2023-01-12,5,140.0,11,,
6,KUSI MINIMARKET - Silva Santisteban,2023-01-14,7,149.03,8,,
1,KUSI MINIMARKET - Vía de Evitamiento Norte,2023-02-04,7,672.06,49,,
5,KUSI MINIMARKET - San Sebastián,2023-03-22,4,128.08,11,,
1,KUSI MINIMARKET - Vía de Evitamiento Norte,2023-04-14,6,444.69,32,,
5,KUSI MINIMARKET - San Sebastián,2023-04-14,6,198.19,16,,
6,KUSI MINIMARKET - Silva Santisteban,2023-04-16,1,106.06,9,,
7,KUSI MINIMARKET - San Roque,2023-04-30,1,176.86,14,,
5,KUSI MINIMARKET - San Sebastián,2023-06-14,4,241.74,21,,
7,KUSI MINIMARKET - San Roque,2023-06-19,2,175.18,15,,
5,KUSI MINIMARKET - San Sebastián,2023-06-23,6,165.38,17,,
6,KUSI MINIMARKET - Silva Santisteban,2023-07-01,7,271.42,19,,
1,KUSI MINIMARKET - Vía de Evitamiento Norte,2023-07-03,2,630.69,45,,
6,KUSI MINIMARKET - Silva Santisteban,2023-07-09,1,320.96,18,,
5,KUSI MINIMARKET - San Sebastián,2023-07-16,1,212.78,16,,
6,KUSI MINIMARKET - Silva Santisteban,2023-09-23,7,250.18,17,,
5,KUSI MINIMARKET - San Sebastián,2023-09-24,1,216.28,20,,
7,KUSI MINIMARKET - San Roque,2023-10-01,1,285.36,20,,
6,KUSI MINIMARKET - Silva Santisteban,2023-10-10,3,246.65,17,,
5,KUSI MINIMARKET - San Sebastián,2023-11-01,4,158.98,12,Feriado nacional,Todos los Santos
7,KUSI MINIMARKET - San Roque,2023-11-14,3,215.64,13,,
5,KUSI MINIMARKET - San Sebastián,2023-12-01,6,331.62,24,,
7,KUSI MINIMARKET - San Roque,2023-12-05,3,225.11,16,,
7,KUSI MINIMARKET - San Roque,2024-01-17,4,124.64,10,,
6,KUSI MINIMARKET - Silva Santisteban,2024-01-25,5,273.67,17,,
5,KUSI MINIMARKET - San Sebastián,2024-02-02,6,195.81,14,,
5,KUSI MINIMARKET - San Sebastián,2024-02-05,2,266.42,20,,
5,KUSI MINIMARKET - San Sebastián,2024-02-14,4,193.51,15,Festividad local,Día del Amor y la Amistad
5,KUSI MINIMARKET - San Sebastián,2024-02-15,5,270.76,20,Festividad local,Campaña escolar
7,KUSI MINIMARKET - San Roque,2024-02-19,2,118.62,10,Festividad local,Campaña escolar
6,KUSI MINIMARKET - Silva Santisteban,2024-03-03,1,364.04,25,Festividad local,Campaña escolar
7,KUSI MINIMARKET - San Roque,2024-03-09,7,221.27,21,Festividad local,Campaña escolar
1,KUSI MINIMARKET - Vía de Evitamiento Norte,2024-03-31,1,557.03,45,Festividad local,Semana Santa
7,KUSI MINIMARKET - San Roque,2024-03-31,1,138.86,12,Festividad local,Semana Santa
7,KUSI MINIMARKET - San Roque,2024-04-20,7,221.72,11,,
6,KUSI MINIMARKET - Silva Santisteban,2024-04-26,6,221.58,17,,
6,KUSI MINIMARKET - Silva Santisteban,2024-04-29,2,180.03,15,,
5,KUSI MINIMARKET - San Sebastián,2024-05-07,3,287.45,25,,
6,KUSI MINIMARKET - Silva Santisteban,2024-06-06,5,325.54,20,,
6,KUSI MINIMARKET - Silva Santisteban,2024-06-14,6,304.82,22,,
5,KUSI MINIMARKET - San Sebastián,2024-06-27,5,267.36,20,,
1,KUSI MINIMARKET - Vía de Evitamiento Norte,2024-07-05,6,713.25,48,,
7,KUSI MINIMARKET - San Roque,2024-07-18,5,289.85,21,,
6,KUSI MINIMARKET - Silva Santisteban,2024-07-27,7,162.21,11,,
5,KUSI MINIMARKET - San Sebastián,2024-08-02,6,261.76,15,,
1,KUSI MINIMARKET - Vía de Evitamiento Norte,2024-08-07,4,668.82,47,,
6,KUSI MINIMARKET - Silva Santisteban,2024-08-11,1,293.76,22,,
1,KUSI MINIMARKET - Vía de Evitamiento Norte,2024-08-24,7,630.01,42,,
6,KUSI MINIMARKET - Silva Santisteban,2024-08-24,7,352.35,23,,
5,KUSI MINIMARKET - San Sebastián,2024-08-26,2,167.46,12,,
7,KUSI MINIMARKET - San Roque,2024-08-29,5,230.81,16,,
6,KUSI MINIMARKET - Silva Santisteban,2024-08-29,5,337.08,21,,
6,KUSI MINIMARKET - Silva Santisteban,2024-09-04,4,295.14,16,,
5,KUSI MINIMARKET - San Sebastián,2024-09-06,6,267.28,16,,
6,KUSI MINIMARKET - Silva Santisteban,2024-04-25,5,290.33,15,,
1,KUSI MINIMARKET - Vía de Evitamiento Norte,2024-10-05,7,596.61,40,,
5,KUSI MINIMARKET - San Sebastián,2024-10-15,3,307.19,21,,
6,KUSI MINIMARKET - Silva Santisteban,2024-11-07,5,219.83,20,,
6,KUSI MINIMARKET - Silva Santisteban,2024-12-04,4,270.45,21,,
7,KUSI MINIMARKET - San Roque,2024-12-18,4,273.6,20,Festividad local,Campaña navideña
6,KUSI MINIMARKET - Silva Santisteban,2024-12-30,2,259.38,22,Festividad local,Fin de año
5,KUSI MINIMARKET - San Sebastián,2024-12-31,3,239.65,18,Festividad local,Fin de año
6,KUSI MINIMARKET - Silva Santisteban,2025-01-22,4,247.25,14,,
6,KUSI MINIMARKET - Silva Santisteban,2025-01-26,1,217.22,15,,
1,KUSI MINIMARKET - Vía de Evitamiento Norte,2025-01-30,5,524.37,39,,
6,KUSI MINIMARKET - Silva Santisteban,2025-02-01,7,476.48,29,,
6,KUSI MINIMARKET - Silva Santisteban,2025-02-24,2,302.08,22,Festividad local,Campaña escolar
5,KUSI MINIMARKET - San Sebastián,2025-04-12,7,281.37,16,,
6,KUSI MINIMARKET - Silva Santisteban,2025-04-18,6,192.01,15,Feriado nacional,Jueves/Viernes Santo
5,KUSI MINIMARKET - San Sebastián,2025-04-30,4,323.32,21,,
5,KUSI MINIMARKET - San Sebastián,2025-05-01,5,319.57,22,Feriado nacional,Día del Trabajo
5,KUSI MINIMARKET - San Sebastián,2025-05-03,7,395.83,25,,
6,KUSI MINIMARKET - Silva Santisteban,2025-05-22,5,303.87,24,,
7,KUSI MINIMARKET - San Roque,2025-06-19,5,186.51,14,Festividad local,Corpus Christi
7,KUSI MINIMARKET - San Roque,2025-07-05,7,257.12,19,,
6,KUSI MINIMARKET - Silva Santisteban,2025-07-08,3,395.99,26,,
1,KUSI MINIMARKET - Vía de Evitamiento Norte,2025-07-16,4,712.96,45,,
7,KUSI MINIMARKET - San Roque,2025-07-26,7,252.29,17,,
7,KUSI MINIMARKET - San Roque,2025-07-27,1,294.27,18,,
5,KUSI MINIMARKET - San Sebastián,2025-07-27,1,208.54,20,,
7,KUSI MINIMARKET - San Roque,2025-07-31,5,234.1,18,,
7,KUSI MINIMARKET - San Roque,2025-08-03,1,193.53,15,,
7,KUSI MINIMARKET - San Roque,2023-02-27,2,209.17,17,Festividad local,Campaña escolar
5,KUSI MINIMARKET - San Sebastián,2023-03-02,5,173.18,14,Festividad local,Campaña escolar
6,KUSI MINIMARKET - Silva Santisteban,2023-04-25,3,143.19,13,,
2,KUSI MINIMARKET - Hoyos Rubio,2023-05-27,7,337.81,25,,
2,KUSI MINIMARKET - Hoyos Rubio,2023-06-04,1,411.54,26,,
2,KUSI MINIMARKET - Hoyos Rubio,2023-06-06,3,236.01,24,,
2,KUSI MINIMARKET - Hoyos Rubio,2023-06-26,2,390.0,32,,
2,KUSI MINIMARKET - Hoyos Rubio,2023-07-10,2,278.12,19,,
5,KUSI MINIMARKET - San Sebastián,2023-07-12,4,228.78,18,,
2,KUSI MINIMARKET - Hoyos Rubio,2023-08-18,6,397.9,24,,
2,KUSI MINIMARKET - Hoyos Rubio,2023-09-01,6,532.81,30,,
2,KUSI MINIMARKET - Hoyos Rubio,2023-10-09,2,235.02,23,,
7,KUSI MINIMARKET - San Roque,2023-11-27,2,308.9,19,,
2,KUSI MINIMARKET - Hoyos Rubio,2023-12-27,4,377.36,28,Festividad local,Fin de año
6,KUSI MINIMARKET - Silva Santisteban,2024-04-03,4,219.72,14,,
2,KUSI MINIMARKET - Hoyos Rubio,2024-04-28,1,400.34,27,,
7,KUSI MINIMARKET - San Roque,2024-05-21,3,191.52,14,,
6,KUSI MINIMARKET - Silva Santisteban,2024-05-28,3,170.67,14,,
6,KUSI MINIMARKET - Silva Santisteban,2024-05-30,5,222.81,15,Festividad local,Corpus Christi
2,KUSI MINIMARKET - Hoyos Rubio,2024-07-06,7,470.2,30,,
5,KUSI MINIMARKET - San Sebastián,2024-07-10,4,385.18,26,,
2,KUSI MINIMARKET - Hoyos Rubio,2024-07-25,5,377.37,29,,
2,KUSI MINIMARKET - Hoyos Rubio,2024-07-31,4,308.1,23,,
2,KUSI MINIMARKET - Hoyos Rubio,2024-08-17,7,406.13,29,,
5,KUSI MINIMARKET - San Sebastián,2024-08-17,7,397.26,24,,
2,KUSI MINIMARKET - Hoyos Rubio,2024-09-12,5,313.91,25,,
2,KUSI MINIMARKET - Hoyos Rubio,2024-11-14,5,273.52,20,,
2,KUSI MINIMARKET - Hoyos Rubio,2024-12-22,1,430.8,31,Festividad local,Campaña navideña
2,KUSI MINIMARKET - Hoyos Rubio,2024-12-31,3,430.06,30,Festividad local,Fin de año
2,KUSI MINIMARKET - Hoyos Rubio,2025-01-09,5,612.33,42,,
6,KUSI MINIMARKET - Silva Santisteban,2025-01-11,7,217.47,14,,
2,KUSI MINIMARKET - Hoyos Rubio,2025-01-16,5,571.01,35,,
6,KUSI MINIMARKET - Silva Santisteban,2025-01-28,3,260.36,18,,
2,KUSI MINIMARKET - Hoyos Rubio,2025-03-07,6,498.94,30,Festividad local,Campaña escolar
2,KUSI MINIMARKET - Hoyos Rubio,2025-03-09,1,445.08,33,Festividad local,Campaña escolar
2,KUSI MINIMARKET - Hoyos Rubio,2025-03-10,2,544.09,30,Festividad local,Campaña escolar
2,KUSI MINIMARKET - Hoyos Rubio,2025-03-15,7,587.16,42,Festividad local,Campaña escolar
2,KUSI MINIMARKET - Hoyos Rubio,2025-03-16,1,577.77,42,,
2,KUSI MINIMARKET - Hoyos Rubio,2025-03-23,1,415.82,28,,
2,KUSI MINIMARKET - Hoyos Rubio,2025-04-04,6,441.5,34,,
2,KUSI MINIMARKET - Hoyos Rubio,2025-04-05,7,546.65,34,,
2,KUSI MINIMARKET - Hoyos Rubio,2025-04-29,3,521.67,35,,
2,KUSI MINIMARKET - Hoyos Rubio,2025-05-20,3,516.41,38,,
2,KUSI MINIMARKET - Hoyos Rubio,2025-05-22,5,402.71,33,,
2,KUSI MINIMARKET - Hoyos Rubio,2025-05-31,7,459.92,36,,
2,KUSI MINIMARKET - Hoyos Rubio,2025-06-03,3,533.13,34,,
2,KUSI MINIMARKET - Hoyos Rubio,2025-07-17,5,545.92,35,,
2,KUSI MINIMARKET - Hoyos Rubio,2025-07-25,6,553.52,38,,
2,KUSI MINIMARKET - Hoyos Rubio,2025-07-31,5,416.84,30,,
6,KUSI MINIMARKET - Silva Santisteban,2025-08-12,3,267.44,16,,
2,KUSI MINIMARKET - Hoyos Rubio,2025-08-13,4,326.88,21,,
3,KUSI MINIMARKET - Amalia Puga,2023-01-03,3,409.14,26,,
3,KUSI MINIMARKET - Amalia Puga,2023-01-14,7,353.97,25,,
3,KUSI MINIMARKET - Amalia Puga,2023-01-15,1,428.46,25,,
6,KUSI MINIMARKET - Silva Santisteban,2023-02-14,3,183.44,12,Festividad local,Día del Amor y la Amistad
6,KUSI MINIMARKET - Silva Santisteban,2023-02-17,6,188.93,16,Festividad local,Campaña escolar
3,KUSI MINIMARKET - Amalia Puga,2023-03-08,4,267.85,20,Festividad local,Campaña escolar
3,KUSI MINIMARKET - Amalia Puga,2023-03-10,6,293.86,20,Festividad local,Campaña escolar
3,KUSI MINIMARKET - Amalia Puga,2023-04-03,2,379.25,29,Festividad local,Semana Santa
6,KUSI MINIMARKET - Silva Santisteban,2023-04-08,7,203.26,12,Festividad local,Semana Santa
7,KUSI MINIMARKET - San Roque,2023-04-17,2,189.67,16,,
3,KUSI MINIMARKET - Amalia Puga,2023-05-03,4,256.15,23,,
3,KUSI MINIMARKET - Amalia Puga,2023-05-08,2,350.47,26,,
3,KUSI MINIMARKET - Amalia Puga,2023-06-05,2,366.55,27,,
3,KUSI MINIMARKET - Amalia Puga,2023-06-09,6,461.38,30,,
3,KUSI MINIMARKET - Amalia Puga,2023-06-15,5,356.52,24,,
3,KUSI MINIMARKET - Amalia Puga,2023-06-17,7,230.31,17,,
3,KUSI MINIMARKET - Amalia Puga,2023-06-18,1,418.23,35,Festividad local,Día del Padre
3,KUSI MINIMARKET - Amalia Puga,2023-06-21,4,385.34,25,,
3,KUSI MINIMARKET - Amalia Puga,2023-06-30,6,389.14,25,,
3,KUSI MINIMARKET - Amalia Puga,2023-07-12,4,292.64,22,,
3,KUSI MINIMARKET - Amalia Puga,2023-07-26,4,349.58,27,,
3,KUSI MINIMARKET - Amalia Puga,2023-08-10,5,312.4,25,,
3,KUSI MINIMARKET - Amalia Puga,2023-08-15,3,356.38,30,,
3,KUSI MINIMARKET - Amalia Puga,2023-08-21,2,355.09,22,,
5,KUSI MINIMARKET - San Sebastián,2023-08-21,2,271.1,20,,
6,KUSI MINIMARKET - Silva Santisteban,2023-08-24,5,304.16,23,,
3,KUSI MINIMARKET - Amalia Puga,2023-09-11,2,347.57,24,,
7,KUSI MINIMARKET - San Roque,2023-09-16,7,137.86,14,,
3,KUSI MINIMARKET - Amalia Puga,2023-09-20,4,283.09,22,,
6,KUSI MINIMARKET - Silva Santisteban,2023-10-06,6,316.76,17,,
6,KUSI MINIMARKET - Silva Santisteban,2023-10-11,4,280.17,14,,
3,KUSI MINIMARKET - Amalia Puga,2023-10-13,6,312.51,26,,
7,KUSI MINIMARKET - San Roque,2023-10-21,7,158.47,11,,
6,KUSI MINIMARKET - Silva Santisteban,2023-11-06,2,183.13,17,,
3,KUSI MINIMARKET - Amalia Puga,2023-11-18,7,418.76,27,,
3,KUSI MINIMARKET - Amalia Puga,2023-12-27,4,362.51,21,Festividad local,Fin de año
3,KUSI MINIMARKET - Amalia Puga,2023-12-28,5,466.72,27,Festividad local,Fin de año
3,KUSI MINIMARKET - Amalia Puga,2024-01-04,5,566.48,30,,
3,KUSI MINIMARKET - Amalia Puga,2024-01-15,2,412.02,30,,
3,KUSI MINIMARKET - Amalia Puga,2024-01-20,7,264.26,19,,
3,KUSI MINIMARKET - Amalia Puga,2024-01-23,3,289.62,20,,
3,KUSI MINIMARKET - Amalia Puga,2024-02-09,6,406.22,26,,
3,KUSI MINIMARKET - Amalia Puga,2024-02-17,7,357.78,26,Festividad local,Campaña escolar
3,KUSI MINIMARKET - Amalia Puga,2024-02-26,2,276.18,24,Festividad local,Campaña escolar
3,KUSI MINIMARKET - Amalia Puga,2024-02-27,3,336.15,25,Festividad local,Campaña escolar
3,KUSI MINIMARKET - Amalia Puga,2024-03-17,1,342.76,22,,
3,KUSI MINIMARKET - Amalia Puga,2024-04-04,5,299.2,23,,
6,KUSI MINIMARKET - Silva Santisteban,2024-04-05,6,251.48,21,,
3,KUSI MINIMARKET - Amalia Puga,2024-05-01,4,287.84,22,Feriado nacional,Día del Trabajo
7,KUSI MINIMARKET - San Roque,2024-05-08,4,388.22,31,,
3,KUSI MINIMARKET - Amalia Puga,2024-05-10,6,440.52,30,,
3,KUSI MINIMARKET - Amalia Puga,2024-05-29,4,387.94,27,,
3,KUSI MINIMARKET - Amalia Puga,2024-06-13,5,247.21,20,,
3,KUSI MINIMARKET - Amalia Puga,2024-06-22,7,385.49,22,,
3,KUSI MINIMARKET - Amalia Puga,2024-06-29,7,538.24,33,Feriado nacional,San Pedro y San Pablo
3,KUSI MINIMARKET - Amalia Puga,2024-07-02,3,474.12,31,,
5,KUSI MINIMARKET - San Sebastián,2024-07-08,2,229.78,22,,
6,KUSI MINIMARKET - Silva Santisteban,2024-07-17,4,168.15,16,,
3,KUSI MINIMARKET - Amalia Puga,2024-07-28,1,401.32,26,Feriado nacional,Fiestas Patrias
3,KUSI MINIMARKET - Amalia Puga,2024-08-12,2,475.74,31,,
3,KUSI MINIMARKET - Amalia Puga,2024-08-23,6,484.32,28,,
3,KUSI MINIMARKET - Amalia Puga,2024-09-04,4,308.29,26,,
3,KUSI MINIMARKET - Amalia Puga,2024-09-15,1,264.02,25,,
3,KUSI MINIMARKET - Amalia Puga,2024-09-16,2,291.27,24,,
3,KUSI MINIMARKET - Amalia Puga,2024-09-26,5,444.46,30,,
7,KUSI MINIMARKET - San Roque,2024-09-30,2,178.77,10,,
3,KUSI MINIMARKET - Amalia Puga,2024-10-10,5,407.37,30,,
6,KUSI MINIMARKET - Silva Santisteban,2024-10-22,3,231.96,19,,
3,KUSI MINIMARKET - Amalia Puga,2024-11-10,1,263.77,18,,
3,KUSI MINIMARKET - Amalia Puga,2024-11-19,3,438.67,29,,
6,KUSI MINIMARKET - Silva Santisteban,2024-11-22,6,285.15,18,,
3,KUSI MINIMARKET - Amalia Puga,2024-11-26,3,370.49,27,,
3,KUSI MINIMARKET - Amalia Puga,2024-12-03,3,588.22,37,,
3,KUSI MINIMARKET - Amalia Puga,2024-12-06,6,474.2,31,,
6,KUSI MINIMARKET - Silva Santisteban,2024-12-24,3,356.4,28,Festividad local,Campaña navideña
3,KUSI MINIMARKET - Amalia Puga,2025-01-02,5,388.49,29,,
3,KUSI MINIMARKET - Amalia Puga,2025-01-07,3,422.46,28,,
7,KUSI MINIMARKET - San Roque,2025-01-19,1,314.11,21,,
3,KUSI MINIMARKET - Amalia Puga,2025-02-20,5,478.53,34,Festividad local,Campaña escolar
3,KUSI MINIMARKET - Amalia Puga,2025-02-23,1,547.76,38,Festividad local,Campaña escolar
7,KUSI MINIMARKET - San Roque,2025-03-15,7,275.93,14,Festividad local,Campaña escolar
3,KUSI MINIMARKET - Amalia Puga,2025-03-23,1,394.21,26,,
3,KUSI MINIMARKET - Amalia Puga,2025-04-11,6,575.66,36,,
3,KUSI MINIMARKET - Amalia Puga,2025-04-16,4,487.7,37,Festividad local,Semana Santa
3,KUSI MINIMARKET - Amalia Puga,2025-04-19,7,393.61,25,Festividad local,Semana Santa
3,KUSI MINIMARKET - Amalia Puga,2025-05-03,7,436.68,26,,
3,KUSI MINIMARKET - Amalia Puga,2025-05-17,7,497.36,36,,
3,KUSI MINIMARKET - Amalia Puga,2025-05-23,6,385.48,25,,
3,KUSI MINIMARKET - Amalia Puga,2025-06-03,3,510.22,35,,
3,KUSI MINIMARKET - Amalia Puga,2025-06-07,7,324.87,24,,
6,KUSI MINIMARKET - Silva Santisteban,2025-06-18,4,348.65,24,,
3,KUSI MINIMARKET - Amalia Puga,2025-06-20,6,301.94,25,,
3,KUSI MINIMARKET - Amalia Puga,2025-06-27,6,465.08,33,,
3,KUSI MINIMARKET - Amalia Puga,2025-07-02,4,475.9,30,,
3,KUSI MINIMARKET - Amalia Puga,2025-07-08,3,426.74,30,,
3,KUSI MINIMARKET - Amalia Puga,2025-07-10,5,267.74,17,,
3,KUSI MINIMARKET - Amalia Puga,2025-07-15,3,457.87,38,,
3,KUSI MINIMARKET - Amalia Puga,2025-07-17,5,385.0,32,,
5,KUSI MINIMARKET - San Sebastián,2025-08-18,2,306.97,19,,
7,KUSI MINIMARKET - San Roque,2025-08-21,5,243.84,19,,
3,KUSI MINIMARKET - Amalia Puga,2025-08-26,3,418.2,31,,
6,KUSI MINIMARKET - Silva Santisteban,2025-08-27,4,220.4,15,,
4,KUSI MINIMARKET - Del Comercio,2023-01-06,6,239.85,19,,
4,KUSI MINIMARKET - Del Comercio,2023-01-17,3,513.42,32,,
4,KUSI MINIMARKET - Del Comercio,2023-01-18,4,190.21,13,,
6,KUSI MINIMARKET - Silva Santisteban,2023-01-22,1,255.66,17,,
4,KUSI MINIMARKET - Del Comercio,2023-02-14,3,411.2,27,Festividad local,Día del Amor y la Amistad
4,KUSI MINIMARKET - Del Comercio,2023-02-15,4,352.99,23,Festividad local,Campaña escolar
4,KUSI MINIMARKET - Del Comercio,2023-02-19,1,300.69,23,Festividad local,Campaña escolar
4,KUSI MINIMARKET - Del Comercio,2023-03-08,4,193.04,16,Festividad local,Campaña escolar
4,KUSI MINIMARKET - Del Comercio,2023-03-11,7,329.8,27,Festividad local,Campaña escolar
4,KUSI MINIMARKET - Del Comercio,2023-03-16,5,380.1,26,,
4,KUSI MINIMARKET - Del Comercio,2023-03-26,1,401.85,25,,
4,KUSI MINIMARKET - Del Comercio,2023-03-29,4,344.31,21,,
4,KUSI MINIMARKET - Del Comercio,2023-04-25,3,300.2,21,,
4,KUSI MINIMARKET - Del Comercio,2023-04-27,5,414.86,26,,
4,KUSI MINIMARKET - Del Comercio,2023-05-04,5,253.51,20,,
4,KUSI MINIMARKET - Del Comercio,2023-05-07,1,332.93,27,,
4,KUSI MINIMARKET - Del Comercio,2023-05-12,6,224.63,22,,
4,KUSI MINIMARKET - Del Comercio,2023-05-17,4,337.61,28,,
4,KUSI MINIMARKET - Del Comercio,2023-05-24,4,313.49,26,,
4,KUSI MINIMARKET - Del Comercio,2023-05-30,3,339.16,21,,
4,KUSI MINIMARKET - Del Comercio,2023-06-02,6,481.3,30,,
4,KUSI MINIMARKET - Del Comercio,2023-06-03,7,392.84,23,,
3,KUSI MINIMARKET - Amalia Puga,2024-04-03,4,311.36,21,,
3,KUSI MINIMARKET - Amalia Puga,2025-01-17,6,462.37,27,,
4,KUSI MINIMARKET - Del Comercio,2023-06-18,1,396.39,27,Festividad local,Día del Padre
4,KUSI MINIMARKET - Del Comercio,2023-06-29,5,352.83,24,Feriado nacional,San Pedro y San Pablo
4,KUSI MINIMARKET - Del Comercio,2023-07-03,2,375.16,23,,
4,KUSI MINIMARKET - Del Comercio,2023-07-24,2,317.53,24,,
4,KUSI MINIMARKET - Del Comercio,2023-08-02,4,228.72,19,,
5,KUSI MINIMARKET - San Sebastián,2023-08-12,7,243.16,18,,
4,KUSI MINIMARKET - Del Comercio,2023-09-09,7,492.73,29,,
4,KUSI MINIMARKET - Del Comercio,2023-09-24,1,311.79,20,,
4,KUSI MINIMARKET - Del Comercio,2023-10-05,5,385.55,23,,
4,KUSI MINIMARKET - Del Comercio,2023-11-14,3,248.16,19,,
4,KUSI MINIMARKET - Del Comercio,2023-11-18,7,212.84,18,,
4,KUSI MINIMARKET - Del Comercio,2023-11-19,1,294.38,22,,
4,KUSI MINIMARKET - Del Comercio,2023-11-23,5,265.34,20,,
4,KUSI MINIMARKET - Del Comercio,2023-11-29,4,165.46,18,,
4,KUSI MINIMARKET - Del Comercio,2023-11-30,5,344.7,25,,
4,KUSI MINIMARKET - Del Comercio,2023-12-12,3,359.61,24,,
4,KUSI MINIMARKET - Del Comercio,2023-12-25,2,397.91,33,Feriado nacional,Navidad
4,KUSI MINIMARKET - Del Comercio,2024-01-09,3,251.29,19,,
4,KUSI MINIMARKET - Del Comercio,2024-01-17,4,239.89,18,,
4,KUSI MINIMARKET - Del Comercio,2024-03-16,7,332.91,23,,
4,KUSI MINIMARKET - Del Comercio,2024-03-29,6,408.41,23,Feriado nacional,Jueves/Viernes Santo
4,KUSI MINIMARKET - Del Comercio,2024-04-07,1,428.62,30,,
4,KUSI MINIMARKET - Del Comercio,2024-04-08,2,314.66,25,,
4,KUSI MINIMARKET - Del Comercio,2024-04-10,4,363.64,27,,
4,KUSI MINIMARKET - Del Comercio,2024-04-14,1,294.38,25,,
4,KUSI MINIMARKET - Del Comercio,2024-05-01,4,550.17,29,Feriado nacional,Día del Trabajo
4,KUSI MINIMARKET - Del Comercio,2024-05-11,7,410.58,30,,
4,KUSI MINIMARKET - Del Comercio,2024-05-23,5,416.82,30,,
5,KUSI MINIMARKET - San Sebastián,2024-06-03,2,225.81,17,,
4,KUSI MINIMARKET - Del Comercio,2024-07-23,3,231.14,19,,
4,KUSI MINIMARKET - Del Comercio,2024-08-11,1,321.54,22,,
4,KUSI MINIMARKET - Del Comercio,2024-08-22,5,278.55,22,,
4,KUSI MINIMARKET - Del Comercio,2024-09-02,2,166.28,16,,
4,KUSI MINIMARKET - Del Comercio,2024-09-10,3,384.2,26,,
6,KUSI MINIMARKET - Silva Santisteban,2024-10-12,7,235.62,16,,
4,KUSI MINIMARKET - Del Comercio,2024-11-06,4,368.03,26,,
7,KUSI MINIMARKET - San Roque,2024-11-13,4,250.91,17,,
6,KUSI MINIMARKET - Silva Santisteban,2024-11-20,4,145.58,13,,
4,KUSI MINIMARKET - Del Comercio,2024-11-25,2,472.9,35,,
4,KUSI MINIMARKET - Del Comercio,2024-12-07,7,426.65,28,,
4,KUSI MINIMARKET - Del Comercio,2024-12-18,4,373.48,32,Festividad local,Campaña navideña
4,KUSI MINIMARKET - Del Comercio,2024-12-20,6,421.55,29,Festividad local,Campaña navideña
4,KUSI MINIMARKET - Del Comercio,2024-12-30,2,449.76,34,Festividad local,Fin de año
4,KUSI MINIMARKET - Del Comercio,2025-01-07,3,494.55,34,,
4,KUSI MINIMARKET - Del Comercio,2025-01-26,1,311.72,23,,
4,KUSI MINIMARKET - Del Comercio,2025-02-07,6,347.66,23,,
4,KUSI MINIMARKET - Del Comercio,2025-02-10,2,458.42,28,,
7,KUSI MINIMARKET - San Roque,2025-02-20,5,247.11,20,Festividad local,Campaña escolar
4,KUSI MINIMARKET - Del Comercio,2025-03-05,4,284.39,24,Festividad local,Campaña escolar
4,KUSI MINIMARKET - Del Comercio,2025-03-06,5,329.1,26,Festividad local,Campaña escolar
4,KUSI MINIMARKET - Del Comercio,2025-03-09,1,339.75,23,Festividad local,Campaña escolar
4,KUSI MINIMARKET - Del Comercio,2025-03-10,2,391.87,27,Festividad local,Campaña escolar
4,KUSI MINIMARKET - Del Comercio,2025-04-09,4,451.27,31,,
4,KUSI MINIMARKET - Del Comercio,2025-04-12,7,584.9,42,,
4,KUSI MINIMARKET - Del Comercio,2025-04-19,7,476.2,36,Festividad local,Semana Santa
5,KUSI MINIMARKET - San Sebastián,2025-04-28,2,498.42,33,,
4,KUSI MINIMARKET - Del Comercio,2025-05-05,2,446.05,35,,
6,KUSI MINIMARKET - Silva Santisteban,2025-05-06,3,309.44,20,,
7,KUSI MINIMARKET - San Roque,2025-05-08,5,289.31,19,,
5,KUSI MINIMARKET - San Sebastián,2025-05-23,6,336.16,22,,
4,KUSI MINIMARKET - Del Comercio,2025-06-13,6,338.18,24,,
4,KUSI MINIMARKET - Del Comercio,2025-06-23,2,390.85,30,,
4,KUSI MINIMARKET - Del Comercio,2025-07-03,5,340.08,31,,
4,KUSI MINIMARKET - Del Comercio,2025-07-15,3,304.4,23,,
4,KUSI MINIMARKET - Del Comercio,2025-08-17,1,484.39,35,,
2,KUSI MINIMARKET - Hoyos Rubio,2025-08-23,7,426.36,28,,
4,KUSI MINIMARKET - Del Comercio,2024-04-17,4,243.23,23,,
3,KUSI MINIMARKET - Amalia Puga,2024-03-25,2,250.6,19,Festividad local,Semana Santa
4,KUSI MINIMARKET - Del Comercio,2024-05-28,3,319.64,29,,
3,KUSI MINIMARKET - Amalia Puga,2024-10-06,1,315.2,20,,
7,KUSI MINIMARKET - San Roque,2024-11-11,2,293.36,23,,
5,KUSI MINIMARKET - San Sebastián,2025-08-13,4,336.73,23,,
4,KUSI MINIMARKET - Del Comercio,2024-07-21,1,325.67,21,,
7,KUSI MINIMARKET - San Roque,2024-04-03,4,218.78,17,,
5,KUSI MINIMARKET - San Sebastián,2024-02-21,4,199.64,17,Festividad local,Campaña escolar
4,KUSI MINIMARKET - Del Comercio,2023-08-21,2,414.01,23,,
4,KUSI MINIMARKET - Del Comercio,2024-07-31,4,568.95,37,,
6,KUSI MINIMARKET - Silva Santisteban,2025-03-07,6,145.46,14,Festividad local,Campaña escolar
6,KUSI MINIMARKET - Silva Santisteban,2023-12-09,7,344.21,22,,
4,KUSI MINIMARKET - Del Comercio,2023-11-07,3,383.78,26,,
4,KUSI MINIMARKET - Del Comercio,2024-08-25,1,297.1,22,,
2,KUSI MINIMARKET - Hoyos Rubio,2023-08-28,2,411.95,27,,
5,KUSI MINIMARKET - San Sebastián,2024-12-27,6,252.13,20,Festividad local,Fin de año
4,KUSI MINIMARKET - Del Comercio,2024-09-16,2,151.54,17,,
4,KUSI MINIMARKET - Del Comercio,2025-06-28,7,424.76,26,,
3,KUSI MINIMARKET - Amalia Puga,2024-07-30,3,202.71,18,,
6,KUSI MINIMARKET - Silva Santisteban,2025-03-13,5,273.04,23,Festividad local,Campaña escolar
6,KUSI MINIMARKET - Silva Santisteban,2025-04-14,2,204.36,15,Festividad local,Semana Santa
7,KUSI MINIMARKET - San Roque,2025-07-24,5,321.63,22,,
6,KUSI MINIMARKET - Silva Santisteban,2024-12-18,4,243.24,18,Festividad local,Campaña navideña
2,KUSI MINIMARKET - Hoyos Rubio,2025-04-25,6,307.48,19,,
3,KUSI MINIMARKET - Amalia Puga,2025-06-16,2,323.38,21,,
6,KUSI MINIMARKET - Silva Santisteban,2024-04-02,3,231.84,17,,
5,KUSI MINIMARKET - San Sebastián,2023-01-28,7,147.45,10,,
4,KUSI MINIMARKET - Del Comercio,2023-03-06,2,260.53,21,Festividad local,Campaña escolar
6,KUSI MINIMARKET - Silva Santisteban,2024-02-17,7,268.32,15,Festividad local,Campaña escolar
5,KUSI MINIMARKET - San Sebastián,2025-06-06,6,366.61,26,,
7,KUSI MINIMARKET - San Roque,2023-10-10,3,151.82,9,,
6,KUSI MINIMARKET - Silva Santisteban,2024-09-07,7,195.19,14,,
6,KUSI MINIMARKET - Silva Santisteban,2025-02-10,2,158.92,13,,
2,KUSI MINIMARKET - Hoyos Rubio,2025-05-06,3,645.41,46,,
5,KUSI MINIMARKET - San Sebastián,2025-05-07,4,283.1,19,,
6,KUSI MINIMARKET - Silva Santisteban,2025-06-02,2,263.39,21,,
3,KUSI MINIMARKET - Amalia Puga,2023-04-17,2,452.81,27,,
6,KUSI MINIMARKET - Silva Santisteban,2023-07-19,4,365.14,20,,
3,KUSI MINIMARKET - Amalia Puga,2023-07-27,5,362.1,25,,
7,KUSI MINIMARKET - San Roque,2023-08-26,7,362.82,24,,
3,KUSI MINIMARKET - Amalia Puga,2024-01-26,6,172.61,15,,
6,KUSI MINIMARKET - Silva Santisteban,2024-03-04,2,265.14,15,Festividad local,Campaña escolar
6,KUSI MINIMARKET - Silva Santisteban,2024-03-21,5,259.01,17,,
3,KUSI MINIMARKET - Amalia Puga,2024-03-24,1,335.94,26,Festividad local,Semana Santa
6,KUSI MINIMARKET - Silva Santisteban,2024-04-06,7,266.86,21,,
3,KUSI MINIMARKET - Amalia Puga,2024-07-11,5,576.92,39,,
3,KUSI MINIMARKET - Amalia Puga,2024-07-31,4,300.0,22,,
3,KUSI MINIMARKET - Amalia Puga,2024-09-05,5,338.58,25,,
7,KUSI MINIMARKET - San Roque,2024-09-21,7,291.57,17,,
3,KUSI MINIMARKET - Amalia Puga,2024-10-31,5,360.73,23,,
3,KUSI MINIMARKET - Amalia Puga,2024-11-14,5,325.22,23,,
3,KUSI MINIMARKET - Amalia Puga,2024-12-11,4,387.93,32,,
3,KUSI MINIMARKET - Amalia Puga,2024-12-13,6,476.52,37,,
7,KUSI MINIMARKET - San Roque,2025-02-13,5,197.14,10,,
3,KUSI MINIMARKET - Amalia Puga,2025-02-26,4,301.98,23,Festividad local,Campaña escolar
3,KUSI MINIMARKET - Amalia Puga,2025-03-19,4,403.57,28,,
7,KUSI MINIMARKET - San Roque,2025-03-22,7,286.56,17,,
3,KUSI MINIMARKET - Amalia Puga,2025-06-06,6,366.37,25,,
3,KUSI MINIMARKET - Amalia Puga,2025-08-07,5,421.89,31,,
4,KUSI MINIMARKET - Del Comercio,2023-02-07,3,270.88,19,,
7,KUSI MINIMARKET - San Roque,2023-07-16,1,273.97,17,,
7,KUSI MINIMARKET - San Roque,2023-09-04,2,101.65,9,,
4,KUSI MINIMARKET - Del Comercio,2023-10-28,7,409.3,28,,
4,KUSI MINIMARKET - Del Comercio,2023-12-27,4,570.97,34,Festividad local,Fin de año
7,KUSI MINIMARKET - San Roque,2024-01-28,1,185.79,12,,
4,KUSI MINIMARKET - Del Comercio,2024-03-13,4,397.38,27,Festividad local,Campaña escolar
4,KUSI MINIMARKET - Del Comercio,2024-04-04,5,311.18,23,,
4,KUSI MINIMARKET - Del Comercio,2024-06-23,1,242.9,20,,
4,KUSI MINIMARKET - Del Comercio,2024-07-04,5,443.84,23,,
4,KUSI MINIMARKET - Del Comercio,2024-09-21,7,411.07,24,,
1,KUSI MINIMARKET - Vía de Evitamiento Norte,2025-05-22,5,825.62,55,,
4,KUSI MINIMARKET - Del Comercio,2023-02-13,2,376.89,25,,
6,KUSI MINIMARKET - Silva Santisteban,2024-08-31,7,251.53,19,,
4,KUSI MINIMARKET - Del Comercio,2024-09-15,1,313.05,22,,
4,KUSI MINIMARKET - Del Comercio,2024-11-11,2,280.81,18,,
4,KUSI MINIMARKET - Del Comercio,2025-01-30,5,241.82,18,,
4,KUSI MINIMARKET - Del Comercio,2025-04-17,5,301.48,24,Feriado nacional,Jueves/Viernes Santo
6,KUSI MINIMARKET - Silva Santisteban,2025-05-05,2,260.23,19,,
7,KUSI MINIMARKET - San Roque,2025-07-18,6,180.76,16,,
7,KUSI MINIMARKET - San Roque,2025-08-10,1,329.61,23,,
4,KUSI MINIMARKET - Del Comercio,2023-10-03,3,330.51,21,,
7,KUSI MINIMARKET - San Roque,2023-03-03,6,212.78,12,Festividad local,Campaña escolar
5,KUSI MINIMARKET - San Sebastián,2024-05-27,2,224.91,17,,
5,KUSI MINIMARKET - San Sebastián,2024-10-24,5,138.59,12,,
5,KUSI MINIMARKET - San Sebastián,2024-06-30,1,205.13,16,,
3,KUSI MINIMARKET - Amalia Puga,2025-02-11,3,300.73,21,,
7,KUSI MINIMARKET - San Roque,2024-04-07,1,371.33,22,,
7,KUSI MINIMARKET - San Roque,2024-02-05,2,117.53,9,,
1,KUSI MINIMARKET - Vía de Evitamiento Norte,2025-08-23,7,868.11,54,,
3,KUSI MINIMARKET - Amalia Puga,2023-10-31,3,281.41,20,,
7,KUSI MINIMARKET - San Roque,2023-07-22,7,300.29,22,,
3,KUSI MINIMARKET - Amalia Puga,2024-04-02,3,483.67,27,,
3,KUSI MINIMARKET - Amalia Puga,2025-04-01,3,405.92,26,,
4,KUSI MINIMARKET - Del Comercio,2023-06-23,6,302.81,22,,
3,KUSI MINIMARKET - Amalia Puga,2023-02-01,4,338.29,26,,
5,KUSI MINIMARKET - San Sebastián,2023-07-25,3,227.25,17,,
6,KUSI MINIMARKET - Silva Santisteban,2023-03-25,7,265.73,22,,
6,KUSI MINIMARKET - Silva Santisteban,2024-04-28,1,313.12,17,,
3,KUSI MINIMARKET - Amalia Puga,2023-07-17,2,654.59,35,,
4,KUSI MINIMARKET - Del Comercio,2024-08-24,7,488.0,29,,
6,KUSI MINIMARKET - Silva Santisteban,2025-02-20,5,186.71,14,Festividad local,Campaña escolar
6,KUSI MINIMARKET - Silva Santisteban,2024-10-18,6,218.69,15,,
5,KUSI MINIMARKET - San Sebastián,2025-08-24,1,256.13,15,,
4,KUSI MINIMARKET - Del Comercio,2023-04-19,4,278.3,23,,
7,KUSI MINIMARKET - San Roque,2024-02-23,6,51.18,4,Festividad local,Campaña escolar
6,KUSI MINIMARKET - Silva Santisteban,2025-04-03,5,143.48,11,,
5,KUSI MINIMARKET - San Sebastián,2024-07-23,3,259.56,20,,
2,KUSI MINIMARKET - Hoyos Rubio,2023-01-16,2,312.62,16,,
4,KUSI MINIMARKET - Del Comercio,2023-05-11,5,380.89,24,,
2,KUSI MINIMARKET - Hoyos Rubio,2025-07-04,6,517.05,41,,
6,KUSI MINIMARKET - Silva Santisteban,2025-01-14,3,239.96,19,,
5,KUSI MINIMARKET - San Sebastián,2025-07-31,5,309.05,20,,
7,KUSI MINIMARKET - San Roque,2025-01-13,2,204.48,17,,
6,KUSI MINIMARKET - Silva Santisteban,2024-05-19,1,321.42,23,,
6,KUSI MINIMARKET - Silva Santisteban,2024-06-04,3,197.55,15,,
7,KUSI MINIMARKET - San Roque,2025-01-26,1,217.75,16,,
7,KUSI MINIMARKET - San Roque,2023-11-01,4,155.24,12,Feriado nacional,Todos los Santos
7,KUSI MINIMARKET - San Roque,2023-10-30,2,211.34,21,,
4,KUSI MINIMARKET - Del Comercio,2023-09-11,2,228.6,16,,
4,KUSI MINIMARKET - Del Comercio,2023-02-21,3,245.91,17,Festividad local,Campaña escolar
5,KUSI MINIMARKET - San Sebastián,2023-05-08,2,252.77,17,,
2,KUSI MINIMARKET - Hoyos Rubio,2023-11-23,5,382.43,28,,
6,KUSI MINIMARKET - Silva Santisteban,2024-02-22,5,127.22,10,Festividad local,Campaña escolar
6,KUSI MINIMARKET - Silva Santisteban,2023-11-03,6,241.72,16,,
7,KUSI MINIMARKET - San Roque,2025-05-20,3,238.36,18,,
5,KUSI MINIMARKET - San Sebastián,2025-03-09,1,307.98,18,Festividad local,Campaña escolar
6,KUSI MINIMARKET - Silva Santisteban,2023-06-16,6,170.05,12,,
6,KUSI MINIMARKET - Silva Santisteban,2024-06-18,3,190.6,14,,
1,KUSI MINIMARKET - Vía de Evitamiento Norte,2023-04-10,2,653.58,45,,
3,KUSI MINIMARKET - Amalia Puga,2024-07-09,3,283.24,18,,
4,KUSI MINIMARKET - Del Comercio,2023-10-30,2,235.11,15,,
6,KUSI MINIMARKET - Silva Santisteban,2023-02-15,4,278.37,16,Festividad local,Campaña escolar
5,KUSI MINIMARKET - San Sebastián,2024-08-10,7,358.3,21,,
7,KUSI MINIMARKET - San Roque,2025-01-09,5,192.9,13,,
3,KUSI MINIMARKET - Amalia Puga,2023-01-30,2,268.71,18,,
6,KUSI MINIMARKET - Silva Santisteban,2024-05-25,7,211.41,18,,
5,KUSI MINIMARKET - San Sebastián,2024-06-13,5,87.77,5,,
7,KUSI MINIMARKET - San Roque,2025-06-20,6,324.76,23,,
2,KUSI MINIMARKET - Hoyos Rubio,2023-04-05,4,218.99,17,Festividad local,Semana Santa
5,KUSI MINIMARKET - San Sebastián,2023-01-13,6,195.4,15,,
4,KUSI MINIMARKET - Del Comercio,2024-02-09,6,354.57,21,,
7,KUSI MINIMARKET - San Roque,2025-07-19,7,353.97,26,,
7,KUSI MINIMARKET - San Roque,2025-01-08,4,177.83,13,,
4,KUSI MINIMARKET - Del Comercio,2023-02-08,4,248.07,19,,
4,KUSI MINIMARKET - Del Comercio,2024-02-19,2,428.82,22,Festividad local,Campaña escolar
7,KUSI MINIMARKET - San Roque,2024-03-06,4,293.54,19,Festividad local,Campaña escolar
2,KUSI MINIMARKET - Hoyos Rubio,2024-02-18,1,333.67,29,Festividad local,Campaña escolar
4,KUSI MINIMARKET - Del Comercio,2023-05-02,3,295.39,20,,
7,KUSI MINIMARKET - San Roque,2025-08-09,7,174.68,12,,
5,KUSI MINIMARKET - San Sebastián,2024-12-19,5,335.71,24,Festividad local,Campaña navideña
7,KUSI MINIMARKET - San Roque,2023-10-26,5,246.81,18,,
7,KUSI MINIMARKET - San Roque,2024-01-10,4,264.53,15,,
3,KUSI MINIMARKET - Amalia Puga,2025-08-08,6,455.79,31,,
7,KUSI MINIMARKET - San Roque,2023-12-06,4,293.91,21,,
7,KUSI MINIMARKET - San Roque,2025-04-25,6,295.38,23,,
5,KUSI MINIMARKET - San Sebastián,2023-12-02,7,402.5,22,,
3,KUSI MINIMARKET - Amalia Puga,2023-09-21,5,270.31,17,,
2,KUSI MINIMARKET - Hoyos Rubio,2023-07-21,6,408.62,24,,
2,KUSI MINIMARKET - Hoyos Rubio,2025-08-19,3,407.45,28,,
5,KUSI MINIMARKET - San Sebastián,2024-04-21,1,319.41,15,,
7,KUSI MINIMARKET - San Roque,2024-10-01,3,246.82,20,,
7,KUSI MINIMARKET - San Roque,2024-06-28,6,117.28,10,,
5,KUSI MINIMARKET - San Sebastián,2025-04-18,6,207.16,15,Feriado nacional,Jueves/Viernes Santo
5,KUSI MINIMARKET - San Sebastián,2024-09-17,3,228.0,16,,
7,KUSI MINIMARKET - San Roque,2023-06-01,5,220.98,15,,
7,KUSI MINIMARKET - San Roque,2024-01-04,5,263.41,17,,
5,KUSI MINIMARKET - San Sebastián,2025-07-09,4,290.96,22,,
3,KUSI MINIMARKET - Amalia Puga,2024-08-30,6,376.19,24,Feriado nacional,Santa Rosa de Lima
5,KUSI MINIMARKET - San Sebastián,2024-05-29,4,141.2,11,,
5,KUSI MINIMARKET - San Sebastián,2023-02-20,2,230.95,15,Festividad local,Campaña escolar
7,KUSI MINIMARKET - San Roque,2023-08-01,3,235.37,16,,
6,KUSI MINIMARKET - Silva Santisteban,2025-01-18,7,246.79,18,,
6,KUSI MINIMARKET - Silva Santisteban,2023-03-21,3,189.45,11,,
5,KUSI MINIMARKET - San Sebastián,2024-02-03,7,121.93,12,,
6,KUSI MINIMARKET - Silva Santisteban,2023-04-24,2,370.15,26,,
3,KUSI MINIMARKET - Amalia Puga,2023-08-29,3,209.48,18,,
5,KUSI MINIMARKET - San Sebastián,2023-10-27,6,335.74,22,,
5,KUSI MINIMARKET - San Sebastián,2024-10-16,4,261.91,18,,
5,KUSI MINIMARKET - San Sebastián,2024-08-13,3,181.91,12,,
7,KUSI MINIMARKET - San Roque,2023-04-09,1,147.27,12,Festividad local,Semana Santa
5,KUSI MINIMARKET - San Sebastián,2023-08-23,4,278.35,17,,
7,KUSI MINIMARKET - San Roque,2024-10-20,1,247.2,17,,
5,KUSI MINIMARKET - San Sebastián,2023-02-15,4,212.63,20,Festividad local,Campaña escolar
2,KUSI MINIMARKET - Hoyos Rubio,2023-04-15,7,442.7,26,,
4,KUSI MINIMARKET - Del Comercio,2025-07-28,2,430.2,36,Feriado nacional,Fiestas Patrias
2,KUSI MINIMARKET - Hoyos Rubio,2025-01-03,6,307.83,22,,
7,KUSI MINIMARKET - San Roque,2023-10-16,2,168.73,12,,
6,KUSI MINIMARKET - Silva Santisteban,2024-07-14,1,215.98,13,,
7,KUSI MINIMARKET - San Roque,2024-02-06,3,191.41,12,,
6,KUSI MINIMARKET - Silva Santisteban,2023-06-14,4,174.16,12,,
6,KUSI MINIMARKET - Silva Santisteban,2023-03-09,5,207.66,15,Festividad local,Campaña escolar
6,KUSI MINIMARKET - Silva Santisteban,2024-06-28,6,166.19,17,,
6,KUSI MINIMARKET - Silva Santisteban,2023-05-05,6,170.38,14,,
6,KUSI MINIMARKET - Silva Santisteban,2023-02-26,1,138.9,9,Festividad local,Campaña escolar
3,KUSI MINIMARKET - Amalia Puga,2024-07-06,7,274.93,17,,
7,KUSI MINIMARKET - San Roque,2023-05-29,2,203.67,15,,
5,KUSI MINIMARKET - San Sebastián,2023-10-05,5,203.32,14,,
5,KUSI MINIMARKET - San Sebastián,2023-05-24,4,256.11,17,,
7,KUSI MINIMARKET - San Roque,2024-10-03,5,183.67,13,,
6,KUSI MINIMARKET - Silva Santisteban,2025-02-06,5,131.91,10,,
5,KUSI MINIMARKET - San Sebastián,2023-06-19,2,268.08,16,,
4,KUSI MINIMARKET - Del Comercio,2025-01-27,2,243.22,17,,
7,KUSI MINIMARKET - San Roque,2023-06-07,4,195.14,12,,
6,KUSI MINIMARKET - Silva Santisteban,2023-01-28,7,288.65,15,,
7,KUSI MINIMARKET - San Roque,2023-04-26,4,178.66,17,,
6,KUSI MINIMARKET - Silva Santisteban,2023-08-03,5,209.41,15,,
5,KUSI MINIMARKET - San Sebastián,2025-06-15,1,292.96,18,Festividad local,Día del Padre
6,KUSI MINIMARKET - Silva Santisteban,2024-03-15,6,245.21,19,Festividad local,Campaña escolar
5,KUSI MINIMARKET - San Sebastián,2023-04-19,4,68.45,4,,
7,KUSI MINIMARKET - San Roque,2023-08-22,3,310.08,17,,
1,KUSI MINIMARKET - Vía de Evitamiento Norte,2023-01-04,4,1082.04,58,,
1,KUSI MINIMARKET - Vía de Evitamiento Norte,2023-01-16,2,530.55,46,,
7,KUSI MINIMARKET - San Roque,2023-01-16,2,323.88,23,,
1,KUSI MINIMARKET - Vía de Evitamiento Norte,2023-01-23,2,449.87,36,,
1,KUSI MINIMARKET - Vía de Evitamiento Norte,2023-01-24,3,747.14,47,,
7,KUSI MINIMARKET - San Roque,2023-01-24,3,238.02,16,,
1,KUSI MINIMARKET - Vía de Evitamiento Norte,2023-02-01,4,621.4,41,,
1,KUSI MINIMARKET - Vía de Evitamiento Norte,2023-02-02,5,550.64,42,,
1,KUSI MINIMARKET - Vía de Evitamiento Norte,2023-02-05,1,796.11,52,,
1,KUSI MINIMARKET - Vía de Evitamiento Norte,2023-02-06,2,545.18,38,,
7,KUSI MINIMARKET - San Roque,2023-02-10,6,172.99,13,,
1,KUSI MINIMARKET - Vía de Evitamiento Norte,2023-02-19,1,724.79,47,Festividad local,Campaña escolar
1,KUSI MINIMARKET - Vía de Evitamiento Norte,2023-02-20,2,716.18,40,Festividad local,Campaña escolar
1,KUSI MINIMARKET - Vía de Evitamiento Norte,2023-02-24,6,670.66,49,Festividad local,Campaña escolar
1,KUSI MINIMARKET - Vía de Evitamiento Norte,2023-02-26,1,681.02,46,Festividad local,Campaña escolar
1,KUSI MINIMARKET - Vía de Evitamiento Norte,2023-02-27,2,473.47,33,Festividad local,Campaña escolar
5,KUSI MINIMARKET - San Sebastián,2023-03-03,6,265.16,23,Festividad local,Campaña escolar
7,KUSI MINIMARKET - San Roque,2023-03-04,7,213.91,17,Festividad local,Campaña escolar
6,KUSI MINIMARKET - Silva Santisteban,2023-03-20,2,291.32,20,,
1,KUSI MINIMARKET - Vía de Evitamiento Norte,2023-03-21,3,575.46,46,,
1,KUSI MINIMARKET - Vía de Evitamiento Norte,2023-03-22,4,821.27,54,,
1,KUSI MINIMARKET - Vía de Evitamiento Norte,2023-03-23,5,347.96,29,,
6,KUSI MINIMARKET - Silva Santisteban,2023-03-27,2,162.37,12,,
1,KUSI MINIMARKET - Vía de Evitamiento Norte,2023-03-27,2,805.7,54,,
5,KUSI MINIMARKET - San Sebastián,2023-04-09,1,171.12,15,Festividad local,Semana Santa
5,KUSI MINIMARKET - San Sebastián,2023-04-10,2,224.46,14,,
1,KUSI MINIMARKET - Vía de Evitamiento Norte,2023-04-11,3,736.88,52,,
5,KUSI MINIMARKET - San Sebastián,2023-04-12,4,319.32,15,,
5,KUSI MINIMARKET - San Sebastián,2023-04-25,3,197.36,14,,
1,KUSI MINIMARKET - Vía de Evitamiento Norte,2023-04-26,4,811.4,62,,
5,KUSI MINIMARKET - San Sebastián,2023-04-27,5,249.99,18,,
1,KUSI MINIMARKET - Vía de Evitamiento Norte,2023-04-29,7,834.84,59,,
1,KUSI MINIMARKET - Vía de Evitamiento Norte,2023-04-30,1,833.78,60,,
5,KUSI MINIMARKET - San Sebastián,2023-05-01,2,265.12,20,Feriado nacional,Día del Trabajo
6,KUSI MINIMARKET - Silva Santisteban,2023-05-03,4,142.46,11,,
5,KUSI MINIMARKET - San Sebastián,2023-05-06,7,260.82,18,,
7,KUSI MINIMARKET - San Roque,2023-05-17,4,254.85,22,,
1,KUSI MINIMARKET - Vía de Evitamiento Norte,2023-05-20,7,705.19,49,,
1,KUSI MINIMARKET - Vía de Evitamiento Norte,2023-05-22,2,579.64,46,,
1,KUSI MINIMARKET - Vía de Evitamiento Norte,2023-05-28,1,760.11,48,,
1,KUSI MINIMARKET - Vía de Evitamiento Norte,2023-06-04,1,721.01,51,,
7,KUSI MINIMARKET - San Roque,2023-06-08,5,330.05,22,Festividad local,Corpus Christi
1,KUSI MINIMARKET - Vía de Evitamiento Norte,2023-06-13,3,616.93,47,,
1,KUSI MINIMARKET - Vía de Evitamiento Norte,2023-06-22,5,709.93,44,,
1,KUSI MINIMARKET - Vía de Evitamiento Norte,2023-06-23,6,716.79,48,,
6,KUSI MINIMARKET - Silva Santisteban,2023-06-27,3,172.43,15,,
7,KUSI MINIMARKET - San Roque,2023-07-05,4,291.93,19,,
5,KUSI MINIMARKET - San Sebastián,2023-07-11,3,277.53,18,,
5,KUSI MINIMARKET - San Sebastián,2023-07-19,4,182.48,17,,
1,KUSI MINIMARKET - Vía de Evitamiento Norte,2023-07-27,5,664.11,52,,
5,KUSI MINIMARKET - San Sebastián,2023-08-01,3,181.99,11,,
6,KUSI MINIMARKET - Silva Santisteban,2023-08-17,5,309.29,21,,
1,KUSI MINIMARKET - Vía de Evitamiento Norte,2023-08-24,5,479.95,32,,
7,KUSI MINIMARKET - San Roque,2023-08-25,6,239.72,18,,
6,KUSI MINIMARKET - Silva Santisteban,2023-08-28,2,291.53,16,,
1,KUSI MINIMARKET - Vía de Evitamiento Norte,2023-08-29,3,596.03,39,,
1,KUSI MINIMARKET - Vía de Evitamiento Norte,2023-08-30,4,630.89,41,Feriado nacional,Santa Rosa de Lima
1,KUSI MINIMARKET - Vía de Evitamiento Norte,2023-09-05,3,527.96,34,,
6,KUSI MINIMARKET - Silva Santisteban,2023-09-08,6,255.48,15,,
1,KUSI MINIMARKET - Vía de Evitamiento Norte,2023-09-11,2,733.89,55,,
5,KUSI MINIMARKET - San Sebastián,2023-09-20,4,325.81,21,,
1,KUSI MINIMARKET - Vía de Evitamiento Norte,2023-09-25,2,829.32,62,,
1,KUSI MINIMARKET - Vía de Evitamiento Norte,2023-10-13,6,760.74,49,,
5,KUSI MINIMARKET - San Sebastián,2023-10-13,6,218.5,14,,
1,KUSI MINIMARKET - Vía de Evitamiento Norte,2023-10-21,7,708.24,51,,
5,KUSI MINIMARKET - San Sebastián,2023-10-21,7,316.47,21,,
6,KUSI MINIMARKET - Silva Santisteban,2023-10-27,6,252.61,18,,
1,KUSI MINIMARKET - Vía de Evitamiento Norte,2023-10-29,1,885.39,57,,
6,KUSI MINIMARKET - Silva Santisteban,2023-10-31,3,310.09,22,,
5,KUSI MINIMARKET - San Sebastián,2023-11-04,7,265.61,19,,
7,KUSI MINIMARKET - San Roque,2023-11-11,7,318.9,21,,
6,KUSI MINIMARKET - Silva Santisteban,2023-11-13,2,271.53,17,,
5,KUSI MINIMARKET - San Sebastián,2023-11-15,4,226.96,15,,
1,KUSI MINIMARKET - Vía de Evitamiento Norte,2023-11-21,3,798.56,50,,
7,KUSI MINIMARKET - San Roque,2023-11-23,5,256.1,21,,
5,KUSI MINIMARKET - San Sebastián,2023-11-30,5,225.07,16,,
6,KUSI MINIMARKET - Silva Santisteban,2023-12-06,4,340.12,22,,
5,KUSI MINIMARKET - San Sebastián,2023-12-07,5,346.99,22,,
1,KUSI MINIMARKET - Vía de Evitamiento Norte,2023-12-12,3,1022.8,68,,
6,KUSI MINIMARKET - Silva Santisteban,2023-12-21,5,349.4,24,Festividad local,Campaña navideña
5,KUSI MINIMARKET - San Sebastián,2023-12-24,1,327.24,29,Festividad local,Campaña navideña
1,KUSI MINIMARKET - Vía de Evitamiento Norte,2023-12-28,5,806.01,63,Festividad local,Fin de año
1,KUSI MINIMARKET - Vía de Evitamiento Norte,2023-12-29,6,975.57,66,Festividad local,Fin de año
1,KUSI MINIMARKET - Vía de Evitamiento Norte,2024-01-02,3,556.28,40,,
1,KUSI MINIMARKET - Vía de Evitamiento Norte,2024-01-08,2,698.16,51,,
1,KUSI MINIMARKET - Vía de Evitamiento Norte,2024-01-09,3,544.54,42,,
6,KUSI MINIMARKET - Silva Santisteban,2024-01-15,2,265.81,19,,
1,KUSI MINIMARKET - Vía de Evitamiento Norte,2024-01-19,6,441.91,32,,
5,KUSI MINIMARKET - San Sebastián,2024-01-28,1,261.56,18,,
1,KUSI MINIMARKET - Vía de Evitamiento Norte,2024-01-29,2,785.74,54,,
1,KUSI MINIMARKET - Vía de Evitamiento Norte,2024-02-06,3,566.24,44,,
1,KUSI MINIMARKET - Vía de Evitamiento Norte,2024-02-08,5,551.46,39,,
1,KUSI MINIMARKET - Vía de Evitamiento Norte,2024-02-15,5,672.96,51,Festividad local,Campaña escolar
5,KUSI MINIMARKET - San Sebastián,2024-02-18,1,250.61,18,Festividad local,Campaña escolar
1,KUSI MINIMARKET - Vía de Evitamiento Norte,2024-02-20,3,584.26,46,Festividad local,Campaña escolar
6,KUSI MINIMARKET - Silva Santisteban,2024-02-21,4,309.13,21,Festividad local,Campaña escolar
1,KUSI MINIMARKET - Vía de Evitamiento Norte,2024-02-24,7,672.32,50,Festividad local,Campaña escolar
1,KUSI MINIMARKET - Vía de Evitamiento Norte,2024-02-26,2,534.91,33,Festividad local,Campaña escolar
7,KUSI MINIMARKET - San Roque,2024-02-27,3,272.78,20,Festividad local,Campaña escolar
1,KUSI MINIMARKET - Vía de Evitamiento Norte,2024-02-29,5,667.44,58,Festividad local,Campaña escolar
1,KUSI MINIMARKET - Vía de Evitamiento Norte,2024-03-03,1,744.04,52,Festividad local,Campaña escolar
6,KUSI MINIMARKET - Silva Santisteban,2024-03-09,7,293.45,16,Festividad local,Campaña escolar
1,KUSI MINIMARKET - Vía de Evitamiento Norte,2024-03-12,3,1012.59,71,Festividad local,Campaña escolar
1,KUSI MINIMARKET - Vía de Evitamiento Norte,2024-03-18,2,580.94,46,,
5,KUSI MINIMARKET - San Sebastián,2024-03-19,3,271.59,17,,
1,KUSI MINIMARKET - Vía de Evitamiento Norte,2024-03-27,4,664.17,47,Festividad local,Semana Santa
6,KUSI MINIMARKET - Silva Santisteban,2024-04-09,3,184.08,14,,
1,KUSI MINIMARKET - Vía de Evitamiento Norte,2024-04-13,7,897.38,61,,
6,KUSI MINIMARKET - Silva Santisteban,2024-04-14,1,223.24,18,,
7,KUSI MINIMARKET - San Roque,2024-04-19,6,183.57,15,,
1,KUSI MINIMARKET - Vía de Evitamiento Norte,2024-04-26,6,819.45,55,,
1,KUSI MINIMARKET - Vía de Evitamiento Norte,2024-05-27,2,1078.52,63,,
1,KUSI MINIMARKET - Vía de Evitamiento Norte,2024-05-29,4,710.58,54,,
7,KUSI MINIMARKET - San Roque,2024-06-01,7,183.12,15,,
1,KUSI MINIMARKET - Vía de Evitamiento Norte,2024-06-02,1,707.82,50,,
5,KUSI MINIMARKET - San Sebastián,2024-06-02,1,159.32,14,,
7,KUSI MINIMARKET - San Roque,2024-06-05,4,213.34,11,,
5,KUSI MINIMARKET - San Sebastián,2024-06-16,1,300.77,17,Festividad local,Día del Padre
5,KUSI MINIMARKET - San Sebastián,2024-06-28,6,222.87,16,,
5,KUSI MINIMARKET - San Sebastián,2024-06-29,7,422.38,25,Feriado nacional,San Pedro y San Pablo
1,KUSI MINIMARKET - Vía de Evitamiento Norte,2024-07-09,3,983.48,63,,
1,KUSI MINIMARKET - Vía de Evitamiento Norte,2024-07-12,6,687.72,49,,
1,KUSI MINIMARKET - Vía de Evitamiento Norte,2024-07-17,4,751.95,51,,
7,KUSI MINIMARKET - San Roque,2024-08-08,5,222.45,17,,
1,KUSI MINIMARKET - Vía de Evitamiento Norte,2024-08-15,5,610.66,47,,
1,KUSI MINIMARKET - Vía de Evitamiento Norte,2024-08-17,7,763.92,50,,
5,KUSI MINIMARKET - San Sebastián,2024-08-18,1,224.43,16,,
7,KUSI MINIMARKET - San Roque,2024-08-23,6,289.26,23,,
1,KUSI MINIMARKET - Vía de Evitamiento Norte,2024-08-31,7,573.52,43,,
1,KUSI MINIMARKET - Vía de Evitamiento Norte,2024-01-30,3,524.11,40,,
7,KUSI MINIMARKET - San Roque,2024-04-17,4,166.0,16,,
7,KUSI MINIMARKET - San Roque,2024-05-17,6,397.36,23,,
1,KUSI MINIMARKET - Vía de Evitamiento Norte,2024-09-09,2,593.17,43,,
1,KUSI MINIMARKET - Vía de Evitamiento Norte,2024-09-18,4,749.03,54,,
5,KUSI MINIMARKET - San Sebastián,2024-09-26,5,266.12,19,,
5,KUSI MINIMARKET - San Sebastián,2024-10-08,3,179.36,15,Feriado nacional,Combate de Angamos
1,KUSI MINIMARKET - Vía de Evitamiento Norte,2024-10-09,4,582.19,49,,
5,KUSI MINIMARKET - San Sebastián,2024-10-09,4,201.07,14,,
7,KUSI MINIMARKET - San Roque,2024-10-10,5,214.13,16,,
7,KUSI MINIMARKET - San Roque,2024-10-22,3,226.32,11,,
6,KUSI MINIMARKET - Silva Santisteban,2024-11-01,6,470.46,29,Feriado nacional,Todos los Santos
1,KUSI MINIMARKET - Vía de Evitamiento Norte,2024-11-03,1,848.45,52,,
1,KUSI MINIMARKET - Vía de Evitamiento Norte,2024-11-06,4,752.57,49,,
6,KUSI MINIMARKET - Silva Santisteban,2024-11-14,5,294.0,24,,
7,KUSI MINIMARKET - San Roque,2024-11-17,1,230.68,19,,
1,KUSI MINIMARKET - Vía de Evitamiento Norte,2024-11-24,1,759.68,56,,
1,KUSI MINIMARKET - Vía de Evitamiento Norte,2024-11-25,2,788.17,57,,
7,KUSI MINIMARKET - San Roque,2024-11-27,4,333.68,25,,
7,KUSI MINIMARKET - San Roque,2024-11-29,6,252.53,21,,
1,KUSI MINIMARKET - Vía de Evitamiento Norte,2024-11-30,7,844.36,59,,
1,KUSI MINIMARKET - Vía de Evitamiento Norte,2024-12-01,1,660.83,47,,
5,KUSI MINIMARKET - San Sebastián,2024-12-05,5,265.17,21,,
1,KUSI MINIMARKET - Vía de Evitamiento Norte,2024-12-06,6,928.23,64,,
6,KUSI MINIMARKET - Silva Santisteban,2024-12-08,1,338.11,22,Feriado nacional,Inmaculada Concepción
1,KUSI MINIMARKET - Vía de Evitamiento Norte,2024-12-13,6,791.43,56,,
1,KUSI MINIMARKET - Vía de Evitamiento Norte,2024-12-14,7,685.83,52,,
1,KUSI MINIMARKET - Vía de Evitamiento Norte,2024-12-15,1,909.66,69,Festividad local,Campaña navideña
6,KUSI MINIMARKET - Silva Santisteban,2024-12-19,5,282.55,16,Festividad local,Campaña navideña
6,KUSI MINIMARKET - Silva Santisteban,2024-12-20,6,369.57,25,Festividad local,Campaña navideña
1,KUSI MINIMARKET - Vía de Evitamiento Norte,2024-12-23,2,936.81,65,Festividad local,Campaña navideña
1,KUSI MINIMARKET - Vía de Evitamiento Norte,2024-12-27,6,953.98,65,Festividad local,Fin de año
5,KUSI MINIMARKET - San Sebastián,2025-01-02,5,284.5,15,,
7,KUSI MINIMARKET - San Roque,2025-01-02,5,157.08,13,,
5,KUSI MINIMARKET - San Sebastián,2025-01-12,1,249.88,17,,
7,KUSI MINIMARKET - San Roque,2025-01-16,5,248.6,17,,
5,KUSI MINIMARKET - San Sebastián,2025-01-21,3,330.08,19,,
1,KUSI MINIMARKET - Vía de Evitamiento Norte,2025-01-23,5,702.76,45,,
1,KUSI MINIMARKET - Vía de Evitamiento Norte,2025-02-02,1,906.74,60,,
7,KUSI MINIMARKET - San Roque,2025-02-03,2,204.73,12,,
1,KUSI MINIMARKET - Vía de Evitamiento Norte,2025-02-12,4,802.44,55,,
1,KUSI MINIMARKET - Vía de Evitamiento Norte,2025-02-15,7,745.96,51,Festividad local,Campaña escolar
7,KUSI MINIMARKET - San Roque,2025-02-16,1,371.92,24,Festividad local,Campaña escolar
1,KUSI MINIMARKET - Vía de Evitamiento Norte,2025-02-22,7,851.53,59,Festividad local,Campaña escolar
1,KUSI MINIMARKET - Vía de Evitamiento Norte,2025-02-25,3,716.78,48,Festividad local,Campaña escolar
6,KUSI MINIMARKET - Silva Santisteban,2025-03-01,7,346.12,25,Festividad local,Campaña escolar
5,KUSI MINIMARKET - San Sebastián,2025-03-10,2,286.19,20,Festividad local,Campaña escolar
6,KUSI MINIMARKET - Silva Santisteban,2025-03-14,6,191.43,19,Festividad local,Campaña escolar
5,KUSI MINIMARKET - San Sebastián,2025-03-17,2,300.01,22,,
6,KUSI MINIMARKET - Silva Santisteban,2025-03-24,2,208.37,13,,
1,KUSI MINIMARKET - Vía de Evitamiento Norte,2025-03-26,4,966.55,58,,
1,KUSI MINIMARKET - Vía de Evitamiento Norte,2025-04-01,3,869.77,57,,
6,KUSI MINIMARKET - Silva Santisteban,2025-04-01,3,338.22,22,,
1,KUSI MINIMARKET - Vía de Evitamiento Norte,2025-04-10,5,969.89,65,,
7,KUSI MINIMARKET - San Roque,2025-04-13,1,289.27,23,Festividad local,Semana Santa
1,KUSI MINIMARKET - Vía de Evitamiento Norte,2025-04-18,6,1173.01,67,Feriado nacional,Jueves/Viernes Santo
5,KUSI MINIMARKET - San Sebastián,2025-04-19,7,202.59,15,Festividad local,Semana Santa
1,KUSI MINIMARKET - Vía de Evitamiento Norte,2025-04-20,1,772.79,51,Festividad local,Semana Santa
6,KUSI MINIMARKET - Silva Santisteban,2025-04-23,4,261.56,19,,
7,KUSI MINIMARKET - San Roque,2025-04-28,2,247.39,22,,
6,KUSI MINIMARKET - Silva Santisteban,2025-05-14,4,484.69,31,,
1,KUSI MINIMARKET - Vía de Evitamiento Norte,2025-05-15,5,967.72,61,,
1,KUSI MINIMARKET - Vía de Evitamiento Norte,2025-05-25,1,758.99,58,,
1,KUSI MINIMARKET - Vía de Evitamiento Norte,2025-05-29,5,722.18,53,,
6,KUSI MINIMARKET - Silva Santisteban,2025-05-30,6,248.88,20,,
5,KUSI MINIMARKET - San Sebastián,2025-05-31,7,344.38,22,,
1,KUSI MINIMARKET - Vía de Evitamiento Norte,2025-06-05,5,867.3,62,,
1,KUSI MINIMARKET - Vía de Evitamiento Norte,2025-06-10,3,820.17,61,,
1,KUSI MINIMARKET - Vía de Evitamiento Norte,2025-06-12,5,705.96,55,,
1,KUSI MINIMARKET - Vía de Evitamiento Norte,2025-06-18,4,577.22,51,,
6,KUSI MINIMARKET - Silva Santisteban,2025-07-03,5,314.68,22,,
5,KUSI MINIMARKET - San Sebastián,2025-07-05,7,333.11,22,,
6,KUSI MINIMARKET - Silva Santisteban,2025-07-05,7,327.17,25,,
1,KUSI MINIMARKET - Vía de Evitamiento Norte,2025-07-10,5,1155.21,73,,
1,KUSI MINIMARKET - Vía de Evitamiento Norte,2025-07-11,6,852.75,60,,
7,KUSI MINIMARKET - San Roque,2025-07-14,2,294.68,22,,
7,KUSI MINIMARKET - San Roque,2025-07-28,2,313.69,23,Feriado nacional,Fiestas Patrias
1,KUSI MINIMARKET - Vía de Evitamiento Norte,2025-08-03,1,856.77,64,,
1,KUSI MINIMARKET - Vía de Evitamiento Norte,2025-08-17,1,875.21,59,,
6,KUSI MINIMARKET - Silva Santisteban,2025-08-18,2,345.25,24,,
7,KUSI MINIMARKET - San Roque,2025-08-20,4,313.27,21,,
1,KUSI MINIMARKET - Vía de Evitamiento Norte,2025-08-22,6,1242.09,74,,
5,KUSI MINIMARKET - San Sebastián,2025-08-23,7,288.53,20,,
1,KUSI MINIMARKET - Vía de Evitamiento Norte,2025-08-27,4,859.28,68,,
5,KUSI MINIMARKET - San Sebastián,2025-08-28,5,410.58,27,,
1,KUSI MINIMARKET - Vía de Evitamiento Norte,2025-08-31,1,836.94,58,,
6,KUSI MINIMARKET - Silva Santisteban,2025-08-31,1,271.53,19,,
2,KUSI MINIMARKET - Hoyos Rubio,2023-01-07,7,318.48,18,,
2,KUSI MINIMARKET - Hoyos Rubio,2023-01-17,3,305.07,24,,
2,KUSI MINIMARKET - Hoyos Rubio,2023-02-15,4,385.9,26,Festividad local,Campaña escolar
2,KUSI MINIMARKET - Hoyos Rubio,2023-03-04,7,466.09,26,Festividad local,Campaña escolar
2,KUSI MINIMARKET - Hoyos Rubio,2023-03-18,7,436.05,30,,
2,KUSI MINIMARKET - Hoyos Rubio,2023-04-04,3,385.45,28,Festividad local,Semana Santa
5,KUSI MINIMARKET - San Sebastián,2023-04-18,3,329.6,22,,
2,KUSI MINIMARKET - Hoyos Rubio,2023-04-25,3,286.74,26,,
2,KUSI MINIMARKET - Hoyos Rubio,2023-04-29,7,436.63,25,,
7,KUSI MINIMARKET - San Roque,2023-05-02,3,176.96,17,,
2,KUSI MINIMARKET - Hoyos Rubio,2023-05-04,5,444.62,27,,
7,KUSI MINIMARKET - San Roque,2023-05-05,6,277.78,21,,
5,KUSI MINIMARKET - San Sebastián,2023-05-10,4,267.92,19,,
6,KUSI MINIMARKET - Silva Santisteban,2023-05-12,6,257.64,16,,
2,KUSI MINIMARKET - Hoyos Rubio,2023-05-12,6,377.91,27,,
2,KUSI MINIMARKET - Hoyos Rubio,2023-05-21,1,399.82,27,,
5,KUSI MINIMARKET - San Sebastián,2023-05-21,1,259.75,22,,
2,KUSI MINIMARKET - Hoyos Rubio,2023-05-30,3,422.94,32,,
7,KUSI MINIMARKET - San Roque,2023-06-12,2,193.28,13,,
2,KUSI MINIMARKET - Hoyos Rubio,2023-06-27,3,434.04,33,,
5,KUSI MINIMARKET - San Sebastián,2023-07-01,7,185.27,14,,
2,KUSI MINIMARKET - Hoyos Rubio,2023-07-03,2,484.08,34,,
2,KUSI MINIMARKET - Hoyos Rubio,2023-07-12,4,371.78,29,,
2,KUSI MINIMARKET - Hoyos Rubio,2023-07-15,7,454.83,36,,
5,KUSI MINIMARKET - San Sebastián,2023-07-22,7,342.11,25,,
2,KUSI MINIMARKET - Hoyos Rubio,2023-08-03,5,402.79,30,,
6,KUSI MINIMARKET - Silva Santisteban,2023-08-13,1,382.39,21,,
2,KUSI MINIMARKET - Hoyos Rubio,2023-08-21,2,308.42,21,,
2,KUSI MINIMARKET - Hoyos Rubio,2023-09-10,1,233.32,26,,
2,KUSI MINIMARKET - Hoyos Rubio,2023-09-11,2,299.41,21,,
2,KUSI MINIMARKET - Hoyos Rubio,2023-09-12,3,318.57,25,,
2,KUSI MINIMARKET - Hoyos Rubio,2023-09-30,7,394.77,27,,
2,KUSI MINIMARKET - Hoyos Rubio,2023-10-05,5,279.22,18,,
2,KUSI MINIMARKET - Hoyos Rubio,2023-10-08,1,574.46,35,Feriado nacional,Combate de Angamos
2,KUSI MINIMARKET - Hoyos Rubio,2023-10-17,3,611.2,33,,
2,KUSI MINIMARKET - Hoyos Rubio,2023-10-22,1,503.48,38,,
2,KUSI MINIMARKET - Hoyos Rubio,2023-11-09,5,331.28,23,,
2,KUSI MINIMARKET - Hoyos Rubio,2023-11-15,4,320.79,22,,
7,KUSI MINIMARKET - San Roque,2023-11-21,3,143.51,13,,
2,KUSI MINIMARKET - Hoyos Rubio,2023-11-26,1,441.54,31,,
2,KUSI MINIMARKET - Hoyos Rubio,2023-11-30,5,453.43,25,,
2,KUSI MINIMARKET - Hoyos Rubio,2023-12-06,4,541.89,39,,
6,KUSI MINIMARKET - Silva Santisteban,2023-12-13,4,326.4,21,,
2,KUSI MINIMARKET - Hoyos Rubio,2023-12-17,1,442.91,35,Festividad local,Campaña navideña
2,KUSI MINIMARKET - Hoyos Rubio,2023-12-22,6,416.15,31,Festividad local,Campaña navideña
2,KUSI MINIMARKET - Hoyos Rubio,2023-12-28,5,465.05,33,Festividad local,Fin de año
2,KUSI MINIMARKET - Hoyos Rubio,2024-01-13,7,424.11,25,,
5,KUSI MINIMARKET - San Sebastián,2024-02-10,7,307.29,24,Festividad local,Carnaval de Cajamarca
7,KUSI MINIMARKET - San Roque,2024-02-16,6,138.17,9,Festividad local,Campaña escolar
2,KUSI MINIMARKET - Hoyos Rubio,2024-03-09,7,410.1,31,Festividad local,Campaña escolar
2,KUSI MINIMARKET - Hoyos Rubio,2024-03-16,7,409.77,33,,
2,KUSI MINIMARKET - Hoyos Rubio,2024-03-18,2,570.59,35,,
2,KUSI MINIMARKET - Hoyos Rubio,2024-03-27,4,383.4,26,Festividad local,Semana Santa
2,KUSI MINIMARKET - Hoyos Rubio,2024-03-28,5,335.99,29,Feriado nacional,Jueves/Viernes Santo
7,KUSI MINIMARKET - San Roque,2024-04-08,2,151.24,13,,
2,KUSI MINIMARKET - Hoyos Rubio,2024-04-14,1,320.89,21,,
2,KUSI MINIMARKET - Hoyos Rubio,2024-04-26,6,212.47,17,,
2,KUSI MINIMARKET - Hoyos Rubio,2024-05-04,7,500.22,36,,
5,KUSI MINIMARKET - San Sebastián,2024-05-06,2,292.74,17,,
5,KUSI MINIMARKET - San Sebastián,2024-05-12,1,364.55,26,Festividad local,Día de la Madre
2,KUSI MINIMARKET - Hoyos Rubio,2024-05-15,4,415.71,31,,
2,KUSI MINIMARKET - Hoyos Rubio,2024-05-16,5,396.82,26,,
2,KUSI MINIMARKET - Hoyos Rubio,2024-06-09,1,465.17,36,,
2,KUSI MINIMARKET - Hoyos Rubio,2024-06-11,3,383.3,26,,
2,KUSI MINIMARKET - Hoyos Rubio,2024-06-14,6,407.08,27,,
2,KUSI MINIMARKET - Hoyos Rubio,2024-06-20,5,363.07,26,,
2,KUSI MINIMARKET - Hoyos Rubio,2024-07-08,2,447.65,32,,
2,KUSI MINIMARKET - Hoyos Rubio,2024-07-12,6,481.52,38,,
2,KUSI MINIMARKET - Hoyos Rubio,2024-08-02,6,424.54,32,,
2,KUSI MINIMARKET - Hoyos Rubio,2024-08-11,1,385.06,24,,
2,KUSI MINIMARKET - Hoyos Rubio,2024-08-25,1,367.59,24,,
2,KUSI MINIMARKET - Hoyos Rubio,2024-09-03,3,379.28,26,,
2,KUSI MINIMARKET - Hoyos Rubio,2024-09-21,7,640.18,39,,
2,KUSI MINIMARKET - Hoyos Rubio,2024-09-27,6,450.06,32,,
2,KUSI MINIMARKET - Hoyos Rubio,2024-09-29,1,306.02,24,,
2,KUSI MINIMARKET - Hoyos Rubio,2024-10-07,2,348.46,24,,
2,KUSI MINIMARKET - Hoyos Rubio,2024-10-12,7,393.38,26,,
2,KUSI MINIMARKET - Hoyos Rubio,2024-10-27,1,389.46,25,,
2,KUSI MINIMARKET - Hoyos Rubio,2024-11-11,2,373.7,34,,
2,KUSI MINIMARKET - Hoyos Rubio,2024-11-13,4,453.84,36,,
2,KUSI MINIMARKET - Hoyos Rubio,2024-11-21,5,496.07,35,,
2,KUSI MINIMARKET - Hoyos Rubio,2024-11-23,7,435.58,32,,
2,KUSI MINIMARKET - Hoyos Rubio,2024-12-04,4,478.6,36,,
2,KUSI MINIMARKET - Hoyos Rubio,2024-12-08,1,385.08,26,Feriado nacional,Inmaculada Concepción
6,KUSI MINIMARKET - Silva Santisteban,2024-12-09,2,264.19,19,,
2,KUSI MINIMARKET - Hoyos Rubio,2024-12-18,4,398.3,31,Festividad local,Campaña navideña
7,KUSI MINIMARKET - San Roque,2024-12-20,6,406.86,23,Festividad local,Campaña navideña
2,KUSI MINIMARKET - Hoyos Rubio,2025-01-06,2,465.56,34,,
7,KUSI MINIMARKET - San Roque,2025-01-11,7,350.96,20,,
2,KUSI MINIMARKET - Hoyos Rubio,2025-01-14,3,392.27,32,,
7,KUSI MINIMARKET - San Roque,2025-01-22,4,275.55,17,,
2,KUSI MINIMARKET - Hoyos Rubio,2025-01-23,5,376.48,29,,
2,KUSI MINIMARKET - Hoyos Rubio,2025-01-25,7,319.35,30,,
6,KUSI MINIMARKET - Silva Santisteban,2025-01-25,7,296.84,21,,
6,KUSI MINIMARKET - Silva Santisteban,2023-01-06,6,279.78,17,,
5,KUSI MINIMARKET - San Sebastián,2023-01-08,1,105.76,11,,
1,KUSI MINIMARKET - Vía de Evitamiento Norte,2023-01-18,4,478.62,36,,
7,KUSI MINIMARKET - San Roque,2023-01-26,5,290.79,13,,
5,KUSI MINIMARKET - San Sebastián,2023-01-30,2,267.13,17,,
6,KUSI MINIMARKET - Silva Santisteban,2023-02-20,2,207.49,14,Festividad local,Campaña escolar
1,KUSI MINIMARKET - Vía de Evitamiento Norte,2023-03-26,1,633.97,38,,
5,KUSI MINIMARKET - San Sebastián,2023-04-06,5,155.11,14,Feriado nacional,Jueves/Viernes Santo
5,KUSI MINIMARKET - San Sebastián,2023-04-07,6,274.6,18,Feriado nacional,Jueves/Viernes Santo
7,KUSI MINIMARKET - San Roque,2023-04-20,5,282.72,20,,
5,KUSI MINIMARKET - San Sebastián,2023-05-31,4,208.08,14,,
5,KUSI MINIMARKET - San Sebastián,2023-06-16,6,348.71,22,,
5,KUSI MINIMARKET - San Sebastián,2023-06-20,3,165.02,12,,
1,KUSI MINIMARKET - Vía de Evitamiento Norte,2023-06-21,4,744.11,42,,
7,KUSI MINIMARKET - San Roque,2023-07-02,1,158.52,13,,
1,KUSI MINIMARKET - Vía de Evitamiento Norte,2023-07-21,6,729.32,54,,
7,KUSI MINIMARKET - San Roque,2023-07-23,1,388.49,22,,
7,KUSI MINIMARKET - San Roque,2023-08-16,4,253.71,15,,
7,KUSI MINIMARKET - San Roque,2023-08-27,1,295.68,20,,
7,KUSI MINIMARKET - San Roque,2023-08-29,3,305.27,17,,
5,KUSI MINIMARKET - San Sebastián,2023-09-03,1,195.43,18,,
5,KUSI MINIMARKET - San Sebastián,2023-09-08,6,373.21,24,,
6,KUSI MINIMARKET - Silva Santisteban,2023-09-18,2,323.19,22,,
5,KUSI MINIMARKET - San Sebastián,2023-09-25,2,277.22,21,,
1,KUSI MINIMARKET - Vía de Evitamiento Norte,2023-09-30,7,503.44,39,,
6,KUSI MINIMARKET - Silva Santisteban,2023-11-04,7,263.23,17,,
6,KUSI MINIMARKET - Silva Santisteban,2023-11-10,6,290.19,22,,
7,KUSI MINIMARKET - San Roque,2023-11-16,5,237.48,19,,
5,KUSI MINIMARKET - San Sebastián,2023-11-22,4,220.65,17,,
6,KUSI MINIMARKET - Silva Santisteban,2023-12-03,1,303.13,21,,
5,KUSI MINIMARKET - San Sebastián,2023-12-03,1,197.3,16,,
5,KUSI MINIMARKET - San Sebastián,2023-12-05,3,210.01,19,,
7,KUSI MINIMARKET - San Roque,2023-12-07,5,321.98,19,,
1,KUSI MINIMARKET - Vía de Evitamiento Norte,2023-12-13,4,865.81,53,,
6,KUSI MINIMARKET - Silva Santisteban,2024-01-07,1,186.39,13,,
5,KUSI MINIMARKET - San Sebastián,2024-01-11,5,203.27,13,,
5,KUSI MINIMARKET - San Sebastián,2024-01-20,7,285.93,16,,
1,KUSI MINIMARKET - Vía de Evitamiento Norte,2024-03-08,6,517.36,43,Festividad local,Campaña escolar
1,KUSI MINIMARKET - Vía de Evitamiento Norte,2024-04-27,7,972.04,59,,
5,KUSI MINIMARKET - San Sebastián,2024-05-13,2,322.55,20,,
6,KUSI MINIMARKET - Silva Santisteban,2024-05-24,6,233.27,19,,
6,KUSI MINIMARKET - Silva Santisteban,2024-07-09,3,225.82,16,,
6,KUSI MINIMARKET - Silva Santisteban,2024-07-22,2,208.0,15,,
1,KUSI MINIMARKET - Vía de Evitamiento Norte,2024-07-25,5,947.37,54,,
1,KUSI MINIMARKET - Vía de Evitamiento Norte,2024-08-12,2,673.91,54,,
5,KUSI MINIMARKET - San Sebastián,2024-08-21,4,211.73,16,,
6,KUSI MINIMARKET - Silva Santisteban,2024-09-18,4,179.92,12,,
6,KUSI MINIMARKET - Silva Santisteban,2024-09-23,2,278.18,19,,
5,KUSI MINIMARKET - San Sebastián,2024-10-13,1,86.18,7,,
6,KUSI MINIMARKET - Silva Santisteban,2024-10-16,4,271.57,21,,
7,KUSI MINIMARKET - San Roque,2024-10-27,1,290.15,23,,
6,KUSI MINIMARKET - Silva Santisteban,2024-10-29,3,341.98,26,,
5,KUSI MINIMARKET - San Sebastián,2024-11-17,1,319.24,20,,
6,KUSI MINIMARKET - Silva Santisteban,2024-11-19,3,269.65,20,,
6,KUSI MINIMARKET - Silva Santisteban,2024-11-23,7,307.23,22,,
7,KUSI MINIMARKET - San Roque,2024-11-26,3,275.03,18,,
7,KUSI MINIMARKET - San Roque,2024-11-28,5,294.3,21,,
6,KUSI MINIMARKET - Silva Santisteban,2024-11-30,7,213.64,16,,
1,KUSI MINIMARKET - Vía de Evitamiento Norte,2024-12-21,7,717.12,52,Festividad local,Campaña navideña
7,KUSI MINIMARKET - San Roque,2025-01-07,3,304.47,23,,
1,KUSI MINIMARKET - Vía de Evitamiento Norte,2025-01-15,4,437.93,30,,
5,KUSI MINIMARKET - San Sebastián,2025-01-30,5,356.54,19,,
6,KUSI MINIMARKET - Silva Santisteban,2025-01-31,6,225.99,17,,
5,KUSI MINIMARKET - San Sebastián,2025-02-02,1,150.87,12,,
7,KUSI MINIMARKET - San Roque,2025-02-05,4,249.7,17,,
7,KUSI MINIMARKET - San Roque,2025-02-27,5,353.45,25,Festividad local,Campaña escolar
5,KUSI MINIMARKET - San Sebastián,2025-03-05,4,195.38,15,Festividad local,Campaña escolar
1,KUSI MINIMARKET - Vía de Evitamiento Norte,2025-03-19,4,656.11,46,,
5,KUSI MINIMARKET - San Sebastián,2025-03-30,1,233.86,21,,
7,KUSI MINIMARKET - San Roque,2025-03-30,1,401.33,26,,
6,KUSI MINIMARKET - Silva Santisteban,2025-04-02,4,295.62,21,,
6,KUSI MINIMARKET - Silva Santisteban,2025-04-12,7,351.55,26,,
6,KUSI MINIMARKET - Silva Santisteban,2025-05-12,2,260.49,21,,
7,KUSI MINIMARKET - San Roque,2025-05-27,3,226.67,19,,
7,KUSI MINIMARKET - San Roque,2025-06-14,7,326.39,19,,
1,KUSI MINIMARKET - Vía de Evitamiento Norte,2025-07-06,1,811.58,57,,
5,KUSI MINIMARKET - San Sebastián,2025-08-31,1,335.48,25,,
2,KUSI MINIMARKET - Hoyos Rubio,2023-01-08,1,505.48,26,,
2,KUSI MINIMARKET - Hoyos Rubio,2023-01-11,4,294.35,21,,
2,KUSI MINIMARKET - Hoyos Rubio,2023-02-09,5,288.39,23,,
2,KUSI MINIMARKET - Hoyos Rubio,2023-02-27,2,306.89,24,Festividad local,Campaña escolar
2,KUSI MINIMARKET - Hoyos Rubio,2023-02-28,3,261.25,17,Festividad local,Campaña escolar
2,KUSI MINIMARKET - Hoyos Rubio,2023-03-21,3,226.62,17,,
2,KUSI MINIMARKET - Hoyos Rubio,2023-04-21,6,381.56,25,,
2,KUSI MINIMARKET - Hoyos Rubio,2023-04-28,6,331.52,21,,
7,KUSI MINIMARKET - San Roque,2023-06-15,5,217.65,14,,
2,KUSI MINIMARKET - Hoyos Rubio,2023-07-27,5,441.3,31,,
6,KUSI MINIMARKET - Silva Santisteban,2023-08-14,2,250.85,19,,
2,KUSI MINIMARKET - Hoyos Rubio,2023-08-17,5,414.31,28,,
2,KUSI MINIMARKET - Hoyos Rubio,2023-09-17,1,413.77,28,,
6,KUSI MINIMARKET - Silva Santisteban,2023-09-26,3,233.68,15,,
2,KUSI MINIMARKET - Hoyos Rubio,2023-09-27,4,467.01,31,,
7,KUSI MINIMARKET - San Roque,2023-10-09,2,204.34,15,,
2,KUSI MINIMARKET - Hoyos Rubio,2023-11-28,3,301.08,25,,
2,KUSI MINIMARKET - Hoyos Rubio,2023-12-08,6,585.04,37,Feriado nacional,Inmaculada Concepción
2,KUSI MINIMARKET - Hoyos Rubio,2024-01-08,2,228.97,22,,
2,KUSI MINIMARKET - Hoyos Rubio,2024-01-23,3,389.63,27,,
2,KUSI MINIMARKET - Hoyos Rubio,2024-02-06,3,315.74,25,,
2,KUSI MINIMARKET - Hoyos Rubio,2024-03-08,6,427.2,27,Festividad local,Campaña escolar
7,KUSI MINIMARKET - San Roque,2024-04-01,2,180.98,15,,
7,KUSI MINIMARKET - San Roque,2024-04-09,3,224.3,16,,
2,KUSI MINIMARKET - Hoyos Rubio,2024-04-11,5,301.31,25,,
6,KUSI MINIMARKET - Silva Santisteban,2024-04-18,5,243.36,17,,
6,KUSI MINIMARKET - Silva Santisteban,2024-04-21,1,181.43,15,,
2,KUSI MINIMARKET - Hoyos Rubio,2024-05-13,2,394.37,30,,
2,KUSI MINIMARKET - Hoyos Rubio,2024-05-24,6,601.21,42,,
2,KUSI MINIMARKET - Hoyos Rubio,2024-06-08,7,297.62,21,,
5,KUSI MINIMARKET - San Sebastián,2024-06-19,4,235.6,19,,
7,KUSI MINIMARKET - San Roque,2024-06-27,5,345.22,20,,
7,KUSI MINIMARKET - San Roque,2024-08-05,2,271.22,20,,
2,KUSI MINIMARKET - Hoyos Rubio,2024-08-20,3,450.67,27,,
6,KUSI MINIMARKET - Silva Santisteban,2024-08-22,5,199.91,17,,
7,KUSI MINIMARKET - San Roque,2024-09-15,1,300.7,21,,
5,KUSI MINIMARKET - San Sebastián,2024-10-06,1,440.4,27,,
5,KUSI MINIMARKET - San Sebastián,2024-10-30,4,304.9,22,,
2,KUSI MINIMARKET - Hoyos Rubio,2024-11-02,7,309.47,21,,
5,KUSI MINIMARKET - San Sebastián,2024-12-02,2,367.28,22,,
2,KUSI MINIMARKET - Hoyos Rubio,2025-02-15,7,416.35,30,Festividad local,Campaña escolar
2,KUSI MINIMARKET - Hoyos Rubio,2025-02-23,1,343.72,31,Festividad local,Campaña escolar
6,KUSI MINIMARKET - Silva Santisteban,2025-02-23,1,151.23,14,Festividad local,Campaña escolar
2,KUSI MINIMARKET - Hoyos Rubio,2025-03-04,3,365.92,26,Festividad local,Campaña escolar
5,KUSI MINIMARKET - San Sebastián,2025-03-13,5,337.23,22,Festividad local,Campaña escolar
2,KUSI MINIMARKET - Hoyos Rubio,2025-03-20,5,397.81,27,,
2,KUSI MINIMARKET - Hoyos Rubio,2025-03-22,7,512.15,30,,
2,KUSI MINIMARKET - Hoyos Rubio,2025-04-21,2,351.75,30,,
2,KUSI MINIMARKET - Hoyos Rubio,2025-05-18,1,407.08,34,,
2,KUSI MINIMARKET - Hoyos Rubio,2025-05-19,2,384.12,33,,
7,KUSI MINIMARKET - San Roque,2025-05-25,1,326.63,23,,
2,KUSI MINIMARKET - Hoyos Rubio,2025-05-28,4,624.08,43,,
5,KUSI MINIMARKET - San Sebastián,2025-06-02,2,330.78,24,,
2,KUSI MINIMARKET - Hoyos Rubio,2025-06-07,7,502.64,32,,
2,KUSI MINIMARKET - Hoyos Rubio,2025-06-12,5,461.84,36,,
2,KUSI MINIMARKET - Hoyos Rubio,2025-06-30,2,425.12,29,,
2,KUSI MINIMARKET - Hoyos Rubio,2025-07-07,2,609.51,44,,
2,KUSI MINIMARKET - Hoyos Rubio,2025-07-09,4,552.38,35,,
2,KUSI MINIMARKET - Hoyos Rubio,2025-07-23,4,525.07,39,,
2,KUSI MINIMARKET - Hoyos Rubio,2025-08-10,1,521.11,32,,
2,KUSI MINIMARKET - Hoyos Rubio,2025-08-26,3,492.09,34,,
3,KUSI MINIMARKET - Amalia Puga,2023-01-25,4,258.35,19,,
3,KUSI MINIMARKET - Amalia Puga,2023-03-19,1,374.53,31,,
5,KUSI MINIMARKET - San Sebastián,2023-03-25,7,326.7,19,,
3,KUSI MINIMARKET - Amalia Puga,2023-03-29,4,274.05,20,,
6,KUSI MINIMARKET - Silva Santisteban,2023-04-05,4,194.02,15,Festividad local,Semana Santa
3,KUSI MINIMARKET - Amalia Puga,2023-04-10,2,210.15,17,,
3,KUSI MINIMARKET - Amalia Puga,2023-04-12,4,421.97,29,,
3,KUSI MINIMARKET - Amalia Puga,2023-04-20,5,448.43,31,,
3,KUSI MINIMARKET - Amalia Puga,2023-04-29,7,348.91,27,,
3,KUSI MINIMARKET - Amalia Puga,2023-05-05,6,300.78,22,,
3,KUSI MINIMARKET - Amalia Puga,2023-05-09,3,296.45,18,,
3,KUSI MINIMARKET - Amalia Puga,2023-05-18,5,307.39,24,,
3,KUSI MINIMARKET - Amalia Puga,2023-05-21,1,514.25,32,,
3,KUSI MINIMARKET - Amalia Puga,2023-05-28,1,279.79,21,,
3,KUSI MINIMARKET - Amalia Puga,2023-06-16,6,490.13,30,,
3,KUSI MINIMARKET - Amalia Puga,2023-08-01,3,374.81,30,,
3,KUSI MINIMARKET - Amalia Puga,2023-08-04,6,489.77,26,,
3,KUSI MINIMARKET - Amalia Puga,2023-08-09,4,425.86,26,,
3,KUSI MINIMARKET - Amalia Puga,2023-09-14,5,366.44,24,,
3,KUSI MINIMARKET - Amalia Puga,2023-09-15,6,427.74,25,,
3,KUSI MINIMARKET - Amalia Puga,2023-09-27,4,501.9,32,,
3,KUSI MINIMARKET - Amalia Puga,2023-10-06,6,488.43,35,,
3,KUSI MINIMARKET - Amalia Puga,2023-10-08,1,391.44,24,Feriado nacional,Combate de Angamos
3,KUSI MINIMARKET - Amalia Puga,2023-10-23,2,383.79,27,,
3,KUSI MINIMARKET - Amalia Puga,2023-11-04,7,350.0,23,,
3,KUSI MINIMARKET - Amalia Puga,2023-11-05,1,305.9,24,,
3,KUSI MINIMARKET - Amalia Puga,2023-11-20,2,281.23,23,,
3,KUSI MINIMARKET - Amalia Puga,2023-12-14,5,475.35,36,,
3,KUSI MINIMARKET - Amalia Puga,2023-12-15,6,601.43,43,Festividad local,Campaña navideña
3,KUSI MINIMARKET - Amalia Puga,2023-12-16,7,569.58,36,Festividad local,Campaña navideña
3,KUSI MINIMARKET - Amalia Puga,2023-12-26,3,580.14,34,Festividad local,Fin de año
3,KUSI MINIMARKET - Amalia Puga,2024-01-05,6,287.3,23,,
3,KUSI MINIMARKET - Amalia Puga,2024-01-07,1,421.07,30,,
7,KUSI MINIMARKET - San Roque,2024-02-22,5,185.72,11,Festividad local,Campaña escolar
3,KUSI MINIMARKET - Amalia Puga,2024-03-07,5,409.82,28,Festividad local,Campaña escolar
3,KUSI MINIMARKET - Amalia Puga,2024-03-13,4,355.14,20,Festividad local,Campaña escolar
6,KUSI MINIMARKET - Silva Santisteban,2024-03-30,7,328.89,21,Festividad local,Semana Santa
3,KUSI MINIMARKET - Amalia Puga,2024-04-15,2,329.75,22,,
3,KUSI MINIMARKET - Amalia Puga,2024-04-27,7,408.57,27,,
3,KUSI MINIMARKET - Amalia Puga,2024-04-28,1,409.25,28,,
3,KUSI MINIMARKET - Amalia Puga,2024-05-12,1,341.59,29,Festividad local,Día de la Madre
3,KUSI MINIMARKET - Amalia Puga,2024-06-05,4,395.71,24,,
3,KUSI MINIMARKET - Amalia Puga,2024-06-08,7,327.84,26,,
3,KUSI MINIMARKET - Amalia Puga,2024-06-10,2,342.21,25,,
5,KUSI MINIMARKET - San Sebastián,2024-06-26,4,329.66,19,,
3,KUSI MINIMARKET - Amalia Puga,2024-07-12,6,283.53,24,,
3,KUSI MINIMARKET - Amalia Puga,2024-07-17,4,469.16,34,,
3,KUSI MINIMARKET - Amalia Puga,2024-07-21,1,341.29,27,,
6,KUSI MINIMARKET - Silva Santisteban,2024-07-21,1,135.73,13,,
3,KUSI MINIMARKET - Amalia Puga,2024-08-24,7,554.53,35,,
3,KUSI MINIMARKET - Amalia Puga,2024-09-13,6,295.07,25,,
3,KUSI MINIMARKET - Amalia Puga,2024-09-20,6,327.29,25,,
3,KUSI MINIMARKET - Amalia Puga,2024-09-25,4,315.77,23,,
3,KUSI MINIMARKET - Amalia Puga,2024-09-29,1,321.38,23,,
3,KUSI MINIMARKET - Amalia Puga,2024-10-23,4,306.35,23,,
3,KUSI MINIMARKET - Amalia Puga,2024-10-30,4,376.1,25,,
5,KUSI MINIMARKET - San Sebastián,2024-11-04,2,314.93,23,,
7,KUSI MINIMARKET - San Roque,2024-11-06,4,286.5,19,,
3,KUSI MINIMARKET - Amalia Puga,2024-11-23,7,351.6,27,,
3,KUSI MINIMARKET - Amalia Puga,2024-11-24,1,428.73,31,,
3,KUSI MINIMARKET - Amalia Puga,2024-12-25,4,655.96,40,Feriado nacional,Navidad
3,KUSI MINIMARKET - Amalia Puga,2024-12-26,5,334.33,30,Festividad local,Fin de año
3,KUSI MINIMARKET - Amalia Puga,2025-01-11,7,447.62,30,,
3,KUSI MINIMARKET - Amalia Puga,2025-01-12,1,513.3,30,,
3,KUSI MINIMARKET - Amalia Puga,2025-01-14,3,310.65,25,,
7,KUSI MINIMARKET - San Roque,2025-01-17,6,258.06,19,,
3,KUSI MINIMARKET - Amalia Puga,2025-01-29,4,406.13,30,,
3,KUSI MINIMARKET - Amalia Puga,2025-03-01,7,466.91,28,Festividad local,Campaña escolar
3,KUSI MINIMARKET - Amalia Puga,2025-03-02,1,440.51,28,Festividad local,Campaña escolar
3,KUSI MINIMARKET - Amalia Puga,2025-03-16,1,447.18,35,,
3,KUSI MINIMARKET - Amalia Puga,2025-03-27,5,330.86,24,,
3,KUSI MINIMARKET - Amalia Puga,2025-03-29,7,450.47,30,,
3,KUSI MINIMARKET - Amalia Puga,2025-05-08,5,532.04,32,,
3,KUSI MINIMARKET - Amalia Puga,2025-05-20,3,455.98,27,,
5,KUSI MINIMARKET - San Sebastián,2025-05-22,5,154.25,13,,
3,KUSI MINIMARKET - Amalia Puga,2025-06-28,7,423.7,27,,
3,KUSI MINIMARKET - Amalia Puga,2025-07-01,3,500.7,38,,
3,KUSI MINIMARKET - Amalia Puga,2025-07-12,7,671.46,46,,
3,KUSI MINIMARKET - Amalia Puga,2025-07-26,7,479.51,30,,
6,KUSI MINIMARKET - Silva Santisteban,2025-07-29,3,485.62,32,Feriado nacional,Fiestas Patrias
3,KUSI MINIMARKET - Amalia Puga,2025-08-05,3,342.94,28,,
5,KUSI MINIMARKET - San Sebastián,2025-08-06,4,434.88,23,,
6,KUSI MINIMARKET - Silva Santisteban,2025-08-28,5,197.8,13,,
3,KUSI MINIMARKET - Amalia Puga,2025-08-30,7,564.22,39,Feriado nacional,Santa Rosa de Lima
4,KUSI MINIMARKET - Del Comercio,2023-01-15,1,346.29,27,,
7,KUSI MINIMARKET - San Roque,2023-01-23,2,179.77,13,,
4,KUSI MINIMARKET - Del Comercio,2023-01-31,3,477.35,31,,
4,KUSI MINIMARKET - Del Comercio,2023-02-01,4,409.05,24,,
4,KUSI MINIMARKET - Del Comercio,2023-02-22,4,242.16,22,Festividad local,Campaña escolar
4,KUSI MINIMARKET - Del Comercio,2023-03-10,6,512.19,33,Festividad local,Campaña escolar
6,KUSI MINIMARKET - Silva Santisteban,2023-03-14,3,202.01,15,Festividad local,Campaña escolar
4,KUSI MINIMARKET - Del Comercio,2023-03-23,5,247.53,17,,
4,KUSI MINIMARKET - Del Comercio,2023-04-02,1,356.46,25,Festividad local,Semana Santa
4,KUSI MINIMARKET - Del Comercio,2023-04-05,4,346.58,27,Festividad local,Semana Santa
4,KUSI MINIMARKET - Del Comercio,2023-04-13,5,384.71,25,,
4,KUSI MINIMARKET - Del Comercio,2023-05-10,4,271.31,19,,
4,KUSI MINIMARKET - Del Comercio,2023-05-13,7,355.07,21,,
4,KUSI MINIMARKET - Del Comercio,2023-05-29,2,336.55,18,,
4,KUSI MINIMARKET - Del Comercio,2023-06-09,6,382.06,29,,
4,KUSI MINIMARKET - Del Comercio,2023-06-11,1,386.45,26,,
6,KUSI MINIMARKET - Silva Santisteban,2025-08-26,3,122.97,17,,
3,KUSI MINIMARKET - Amalia Puga,2023-08-16,4,437.17,27,,
6,KUSI MINIMARKET - Silva Santisteban,2023-11-24,6,217.87,14,,
3,KUSI MINIMARKET - Amalia Puga,2025-07-25,6,579.22,37,,
4,KUSI MINIMARKET - Del Comercio,2023-04-08,7,409.6,26,Festividad local,Semana Santa
4,KUSI MINIMARKET - Del Comercio,2023-07-04,3,260.9,20,,
4,KUSI MINIMARKET - Del Comercio,2023-07-07,6,271.3,19,,
4,KUSI MINIMARKET - Del Comercio,2023-07-12,4,258.87,26,,
4,KUSI MINIMARKET - Del Comercio,2023-07-19,4,390.51,27,,
4,KUSI MINIMARKET - Del Comercio,2023-08-12,7,274.98,18,,
5,KUSI MINIMARKET - San Sebastián,2023-08-28,2,188.83,16,,
4,KUSI MINIMARKET - Del Comercio,2023-08-31,5,399.53,28,,
4,KUSI MINIMARKET - Del Comercio,2023-09-18,2,220.86,14,,
4,KUSI MINIMARKET - Del Comercio,2023-10-24,3,306.64,23,,
4,KUSI MINIMARKET - Del Comercio,2023-11-02,5,363.59,26,,
4,KUSI MINIMARKET - Del Comercio,2023-11-12,1,205.63,12,,
4,KUSI MINIMARKET - Del Comercio,2023-11-21,3,413.13,25,,
4,KUSI MINIMARKET - Del Comercio,2023-11-26,1,386.74,29,,
4,KUSI MINIMARKET - Del Comercio,2023-12-04,2,394.39,27,,
4,KUSI MINIMARKET - Del Comercio,2023-12-10,1,450.75,33,,
4,KUSI MINIMARKET - Del Comercio,2023-12-13,4,337.71,23,,
4,KUSI MINIMARKET - Del Comercio,2023-12-18,2,402.44,33,Festividad local,Campaña navideña
4,KUSI MINIMARKET - Del Comercio,2023-12-19,3,380.89,28,Festividad local,Campaña navideña
4,KUSI MINIMARKET - Del Comercio,2023-12-28,5,493.01,34,Festividad local,Fin de año
4,KUSI MINIMARKET - Del Comercio,2023-12-29,6,522.09,34,Festividad local,Fin de año
5,KUSI MINIMARKET - San Sebastián,2024-01-27,7,141.11,8,,
4,KUSI MINIMARKET - Del Comercio,2024-02-13,3,337.35,26,Festividad local,Carnaval de Cajamarca
4,KUSI MINIMARKET - Del Comercio,2024-03-14,5,321.77,24,Festividad local,Campaña escolar
4,KUSI MINIMARKET - Del Comercio,2024-04-05,6,460.71,31,,
4,KUSI MINIMARKET - Del Comercio,2024-04-06,7,381.75,29,,
4,KUSI MINIMARKET - Del Comercio,2024-04-16,3,351.54,24,,
4,KUSI MINIMARKET - Del Comercio,2024-04-19,6,255.34,22,,
4,KUSI MINIMARKET - Del Comercio,2024-04-20,7,456.34,29,,
4,KUSI MINIMARKET - Del Comercio,2024-05-17,6,199.25,14,,
4,KUSI MINIMARKET - Del Comercio,2024-05-18,7,307.38,22,,
4,KUSI MINIMARKET - Del Comercio,2024-05-22,4,318.65,25,,
4,KUSI MINIMARKET - Del Comercio,2024-06-11,3,183.99,21,,
4,KUSI MINIMARKET - Del Comercio,2024-06-30,1,323.02,23,,
4,KUSI MINIMARKET - Del Comercio,2024-07-02,3,331.76,27,,
4,KUSI MINIMARKET - Del Comercio,2024-07-09,3,293.39,20,,
4,KUSI MINIMARKET - Del Comercio,2024-07-11,5,279.69,22,,
4,KUSI MINIMARKET - Del Comercio,2024-07-13,7,387.13,26,,
4,KUSI MINIMARKET - Del Comercio,2024-07-19,6,353.92,30,,
7,KUSI MINIMARKET - San Roque,2024-07-21,1,210.26,16,,
4,KUSI MINIMARKET - Del Comercio,2024-07-27,7,587.4,38,,
4,KUSI MINIMARKET - Del Comercio,2024-07-29,2,443.27,35,Feriado nacional,Fiestas Patrias
4,KUSI MINIMARKET - Del Comercio,2024-08-08,5,318.25,28,,
7,KUSI MINIMARKET - San Roque,2024-08-17,7,142.77,12,,
4,KUSI MINIMARKET - Del Comercio,2024-08-19,2,397.32,32,,
4,KUSI MINIMARKET - Del Comercio,2024-09-09,2,297.73,24,,
4,KUSI MINIMARKET - Del Comercio,2024-09-14,7,272.79,23,,
5,KUSI MINIMARKET - San Sebastián,2024-09-24,3,278.04,20,,
4,KUSI MINIMARKET - Del Comercio,2024-09-27,6,240.53,14,,
4,KUSI MINIMARKET - Del Comercio,2024-10-03,5,339.26,22,,
4,KUSI MINIMARKET - Del Comercio,2024-10-06,1,475.91,34,,
4,KUSI MINIMARKET - Del Comercio,2024-10-16,4,419.41,31,,
4,KUSI MINIMARKET - Del Comercio,2024-10-22,3,263.81,20,,
7,KUSI MINIMARKET - San Roque,2024-10-29,3,199.25,10,,
4,KUSI MINIMARKET - Del Comercio,2024-11-05,3,535.52,30,,
4,KUSI MINIMARKET - Del Comercio,2024-11-09,7,488.22,31,,
4,KUSI MINIMARKET - Del Comercio,2024-11-30,7,341.53,24,,
4,KUSI MINIMARKET - Del Comercio,2024-12-03,3,287.47,24,,
4,KUSI MINIMARKET - Del Comercio,2024-12-04,4,462.19,30,,
4,KUSI MINIMARKET - Del Comercio,2024-12-06,6,600.39,40,,
4,KUSI MINIMARKET - Del Comercio,2024-12-11,4,253.82,20,,
4,KUSI MINIMARKET - Del Comercio,2024-12-15,1,485.05,30,Festividad local,Campaña navideña
7,KUSI MINIMARKET - San Roque,2025-01-04,7,174.3,11,,
4,KUSI MINIMARKET - Del Comercio,2025-01-08,4,330.33,22,,
4,KUSI MINIMARKET - Del Comercio,2025-01-10,6,232.0,24,,
4,KUSI MINIMARKET - Del Comercio,2025-02-02,1,426.93,31,,
4,KUSI MINIMARKET - Del Comercio,2025-02-11,3,395.16,28,,
4,KUSI MINIMARKET - Del Comercio,2025-02-20,5,260.85,23,Festividad local,Campaña escolar
4,KUSI MINIMARKET - Del Comercio,2025-02-22,7,436.81,23,Festividad local,Campaña escolar
4,KUSI MINIMARKET - Del Comercio,2025-02-26,4,417.66,29,Festividad local,Campaña escolar
4,KUSI MINIMARKET - Del Comercio,2025-03-04,3,293.53,23,Festividad local,Campaña escolar
5,KUSI MINIMARKET - San Sebastián,2025-03-04,3,240.51,18,Festividad local,Campaña escolar
4,KUSI MINIMARKET - Del Comercio,2025-03-21,6,438.37,30,,
4,KUSI MINIMARKET - Del Comercio,2025-03-23,1,504.92,28,,
4,KUSI MINIMARKET - Del Comercio,2025-03-26,4,285.13,17,,
7,KUSI MINIMARKET - San Roque,2025-03-27,5,208.75,15,,
4,KUSI MINIMARKET - Del Comercio,2025-03-30,1,420.74,34,,
4,KUSI MINIMARKET - Del Comercio,2025-04-07,2,321.7,20,,
4,KUSI MINIMARKET - Del Comercio,2025-04-21,2,493.76,34,,
7,KUSI MINIMARKET - San Roque,2025-04-24,5,247.42,18,,
4,KUSI MINIMARKET - Del Comercio,2025-05-04,1,378.14,31,,
4,KUSI MINIMARKET - Del Comercio,2025-05-07,4,348.95,30,,
4,KUSI MINIMARKET - Del Comercio,2025-06-01,1,451.82,33,,
4,KUSI MINIMARKET - Del Comercio,2025-06-10,3,389.13,27,,
4,KUSI MINIMARKET - Del Comercio,2025-07-11,6,504.76,33,,
4,KUSI MINIMARKET - Del Comercio,2025-07-18,6,405.63,32,,
4,KUSI MINIMARKET - Del Comercio,2025-07-27,1,450.06,27,,
4,KUSI MINIMARKET - Del Comercio,2025-08-10,1,438.67,34,,
4,KUSI MINIMARKET - Del Comercio,2025-08-13,4,284.53,18,,
4,KUSI MINIMARKET - Del Comercio,2025-08-31,1,381.68,29,,
4,KUSI MINIMARKET - Del Comercio,2025-01-11,7,324.79,25,,
4,KUSI MINIMARKET - Del Comercio,2025-07-17,5,429.04,33,,
2,KUSI MINIMARKET - Hoyos Rubio,2025-07-19,7,672.85,42,,
5,KUSI MINIMARKET - San Sebastián,2025-01-23,5,287.85,17,,
3,KUSI MINIMARKET - Amalia Puga,2025-05-09,6,515.47,33,,
5,KUSI MINIMARKET - San Sebastián,2024-12-12,5,227.08,20,,
3,KUSI MINIMARKET - Amalia Puga,2023-12-02,7,492.42,30,,
4,KUSI MINIMARKET - Del Comercio,2023-08-04,6,264.25,20,,
4,KUSI MINIMARKET - Del Comercio,2024-02-02,6,401.03,26,,
5,KUSI MINIMARKET - San Sebastián,2023-06-04,1,381.94,23,,
7,KUSI MINIMARKET - San Roque,2023-12-09,7,169.46,15,,
4,KUSI MINIMARKET - Del Comercio,2024-02-07,4,248.54,16,,
4,KUSI MINIMARKET - Del Comercio,2025-04-16,4,226.76,23,Festividad local,Semana Santa
5,KUSI MINIMARKET - San Sebastián,2024-03-27,4,144.83,10,Festividad local,Semana Santa
4,KUSI MINIMARKET - Del Comercio,2025-05-13,3,272.35,25,,
4,KUSI MINIMARKET - Del Comercio,2024-10-05,7,298.75,22,,
3,KUSI MINIMARKET - Amalia Puga,2024-06-26,4,175.47,15,,
3,KUSI MINIMARKET - Amalia Puga,2023-05-02,3,213.64,21,,
7,KUSI MINIMARKET - San Roque,2023-02-15,4,297.9,17,Festividad local,Campaña escolar
6,KUSI MINIMARKET - Silva Santisteban,2023-12-20,4,474.05,25,Festividad local,Campaña navideña
3,KUSI MINIMARKET - Amalia Puga,2025-03-18,3,413.29,29,,
3,KUSI MINIMARKET - Amalia Puga,2024-05-15,4,392.95,25,,
5,KUSI MINIMARKET - San Sebastián,2024-10-10,5,191.34,13,,
3,KUSI MINIMARKET - Amalia Puga,2023-12-12,3,367.78,22,,
2,KUSI MINIMARKET - Hoyos Rubio,2025-04-17,5,469.27,34,Feriado nacional,Jueves/Viernes Santo
6,KUSI MINIMARKET - Silva Santisteban,2023-03-23,5,299.49,17,,
2,KUSI MINIMARKET - Hoyos Rubio,2025-05-23,6,672.95,36,,
4,KUSI MINIMARKET - Del Comercio,2025-08-01,6,372.16,27,,
1,KUSI MINIMARKET - Vía de Evitamiento Norte,2024-09-23,2,633.34,49,,
5,KUSI MINIMARKET - San Sebastián,2023-04-13,5,250.06,17,,
4,KUSI MINIMARKET - Del Comercio,2023-06-08,5,473.95,29,Festividad local,Corpus Christi
7,KUSI MINIMARKET - San Roque,2025-01-15,4,141.46,12,,
2,KUSI MINIMARKET - Hoyos Rubio,2025-03-30,1,372.16,30,,
5,KUSI MINIMARKET - San Sebastián,2025-05-25,1,313.84,26,,
2,KUSI MINIMARKET - Hoyos Rubio,2025-05-29,5,618.21,43,,
2,KUSI MINIMARKET - Hoyos Rubio,2025-06-08,1,403.76,29,,
6,KUSI MINIMARKET - Silva Santisteban,2025-06-08,1,269.51,18,,
2,KUSI MINIMARKET - Hoyos Rubio,2025-06-14,7,299.67,22,,
2,KUSI MINIMARKET - Hoyos Rubio,2025-06-26,5,425.99,30,,
7,KUSI MINIMARKET - San Roque,2025-07-10,5,266.3,22,,
2,KUSI MINIMARKET - Hoyos Rubio,2025-07-10,5,469.3,35,,
7,KUSI MINIMARKET - San Roque,2025-07-16,4,305.41,20,,
2,KUSI MINIMARKET - Hoyos Rubio,2025-07-20,1,385.73,34,,
2,KUSI MINIMARKET - Hoyos Rubio,2025-08-14,5,367.93,30,,
5,KUSI MINIMARKET - San Sebastián,2023-02-26,1,210.15,14,Festividad local,Campaña escolar
3,KUSI MINIMARKET - Amalia Puga,2023-03-22,4,352.25,26,,
3,KUSI MINIMARKET - Amalia Puga,2023-03-27,2,311.71,25,,
6,KUSI MINIMARKET - Silva Santisteban,2023-03-28,3,220.02,19,,
3,KUSI MINIMARKET - Amalia Puga,2023-04-30,1,246.33,22,,
3,KUSI MINIMARKET - Amalia Puga,2023-06-02,6,370.74,25,,
6,KUSI MINIMARKET - Silva Santisteban,2023-06-06,3,215.69,17,,
3,KUSI MINIMARKET - Amalia Puga,2023-06-28,4,303.2,24,,
5,KUSI MINIMARKET - San Sebastián,2023-07-21,6,222.36,18,,
3,KUSI MINIMARKET - Amalia Puga,2023-09-04,2,358.15,24,,
6,KUSI MINIMARKET - Silva Santisteban,2023-09-15,6,105.78,9,,
5,KUSI MINIMARKET - San Sebastián,2023-10-06,6,379.31,25,,
3,KUSI MINIMARKET - Amalia Puga,2023-10-19,5,496.08,28,,
3,KUSI MINIMARKET - Amalia Puga,2023-10-20,6,319.78,27,,
3,KUSI MINIMARKET - Amalia Puga,2023-11-17,6,368.71,26,,
6,KUSI MINIMARKET - Silva Santisteban,2023-12-07,5,219.56,16,,
3,KUSI MINIMARKET - Amalia Puga,2024-01-16,3,298.09,21,,
5,KUSI MINIMARKET - San Sebastián,2024-01-29,2,179.42,14,,
7,KUSI MINIMARKET - San Roque,2024-02-12,2,194.38,14,Festividad local,Carnaval de Cajamarca
7,KUSI MINIMARKET - San Roque,2024-03-04,2,236.95,18,Festividad local,Campaña escolar
3,KUSI MINIMARKET - Amalia Puga,2024-03-12,3,380.61,20,Festividad local,Campaña escolar
3,KUSI MINIMARKET - Amalia Puga,2024-05-26,1,295.99,21,,
7,KUSI MINIMARKET - San Roque,2024-06-22,7,87.42,7,,
5,KUSI MINIMARKET - San Sebastián,2024-07-20,7,209.39,15,,
5,KUSI MINIMARKET - San Sebastián,2024-07-31,4,159.12,10,,
3,KUSI MINIMARKET - Amalia Puga,2024-08-02,6,223.05,19,,
3,KUSI MINIMARKET - Amalia Puga,2024-08-10,7,301.55,19,,
3,KUSI MINIMARKET - Amalia Puga,2024-08-31,7,283.5,29,,
3,KUSI MINIMARKET - Amalia Puga,2024-10-15,3,326.13,22,,
3,KUSI MINIMARKET - Amalia Puga,2024-10-17,5,430.37,30,,
3,KUSI MINIMARKET - Amalia Puga,2024-10-24,5,283.84,22,,
3,KUSI MINIMARKET - Amalia Puga,2024-12-27,6,500.68,38,Festividad local,Fin de año
3,KUSI MINIMARKET - Amalia Puga,2024-12-31,3,402.17,33,Festividad local,Fin de año
3,KUSI MINIMARKET - Amalia Puga,2025-01-30,5,493.67,31,,
3,KUSI MINIMARKET - Amalia Puga,2025-02-28,6,416.66,30,Festividad local,Campaña escolar
7,KUSI MINIMARKET - San Roque,2025-05-01,5,162.02,12,Feriado nacional,Día del Trabajo
5,KUSI MINIMARKET - San Sebastián,2025-05-10,7,254.78,20,,
7,KUSI MINIMARKET - San Roque,2025-07-03,5,281.79,21,,
4,KUSI MINIMARKET - Del Comercio,2023-01-07,7,165.87,16,,
6,KUSI MINIMARKET - Silva Santisteban,2023-01-21,7,169.21,11,,
5,KUSI MINIMARKET - San Sebastián,2023-03-05,1,240.84,18,Festividad local,Campaña escolar
4,KUSI MINIMARKET - Del Comercio,2023-04-09,1,344.94,24,Festividad local,Semana Santa
4,KUSI MINIMARKET - Del Comercio,2023-06-13,3,301.82,21,,
4,KUSI MINIMARKET - Del Comercio,2023-06-20,3,439.99,28,,
4,KUSI MINIMARKET - Del Comercio,2023-07-01,7,421.01,29,,
6,KUSI MINIMARKET - Silva Santisteban,2023-07-02,1,264.94,20,,
4,KUSI MINIMARKET - Del Comercio,2023-07-08,7,443.65,29,,
4,KUSI MINIMARKET - Del Comercio,2023-07-17,2,382.07,25,,
6,KUSI MINIMARKET - Silva Santisteban,2023-11-08,4,289.55,19,,
4,KUSI MINIMARKET - Del Comercio,2024-01-03,4,311.28,25,,
4,KUSI MINIMARKET - Del Comercio,2024-03-04,2,297.13,21,Festividad local,Campaña escolar
4,KUSI MINIMARKET - Del Comercio,2024-04-03,4,441.74,27,,
4,KUSI MINIMARKET - Del Comercio,2024-04-15,2,326.62,22,,
4,KUSI MINIMARKET - Del Comercio,2024-04-29,2,340.13,22,,
4,KUSI MINIMARKET - Del Comercio,2024-05-02,5,206.17,16,,
4,KUSI MINIMARKET - Del Comercio,2024-05-15,4,324.14,24,,
6,KUSI MINIMARKET - Silva Santisteban,2024-05-20,2,214.77,14,,
4,KUSI MINIMARKET - Del Comercio,2024-06-03,2,281.91,19,,
4,KUSI MINIMARKET - Del Comercio,2024-07-03,4,373.13,27,,
4,KUSI MINIMARKET - Del Comercio,2024-08-01,5,418.3,25,,
4,KUSI MINIMARKET - Del Comercio,2024-08-04,1,336.92,23,,
5,KUSI MINIMARKET - San Sebastián,2024-08-06,3,193.08,16,,
4,KUSI MINIMARKET - Del Comercio,2024-08-09,6,249.87,20,,
4,KUSI MINIMARKET - Del Comercio,2024-09-19,5,214.08,18,,
4,KUSI MINIMARKET - Del Comercio,2024-09-25,4,234.75,18,,
5,KUSI MINIMARKET - San Sebastián,2024-10-20,1,322.24,20,,
7,KUSI MINIMARKET - San Roque,2025-07-21,2,331.22,22,,
7,KUSI MINIMARKET - San Roque,2024-10-07,2,128.03,9,,
5,KUSI MINIMARKET - San Sebastián,2024-12-30,2,346.67,19,Festividad local,Fin de año
4,KUSI MINIMARKET - Del Comercio,2025-02-28,6,443.63,25,Festividad local,Campaña escolar
4,KUSI MINIMARKET - Del Comercio,2025-03-03,2,357.69,27,Festividad local,Campaña escolar
4,KUSI MINIMARKET - Del Comercio,2025-04-04,6,362.52,26,,
4,KUSI MINIMARKET - Del Comercio,2025-06-15,1,282.73,21,Festividad local,Día del Padre
4,KUSI MINIMARKET - Del Comercio,2025-06-17,3,289.07,20,,
4,KUSI MINIMARKET - Del Comercio,2025-08-15,6,218.59,18,,
4,KUSI MINIMARKET - Del Comercio,2025-08-22,6,313.24,24,,
5,KUSI MINIMARKET - San Sebastián,2023-08-20,1,218.57,14,,
7,KUSI MINIMARKET - San Roque,2023-07-08,7,287.63,23,,
6,KUSI MINIMARKET - Silva Santisteban,2024-10-15,3,284.41,17,,
6,KUSI MINIMARKET - Silva Santisteban,2023-08-20,1,182.83,16,,
7,KUSI MINIMARKET - San Roque,2024-11-05,3,318.34,21,,
7,KUSI MINIMARKET - San Roque,2024-01-19,6,143.42,9,,
3,KUSI MINIMARKET - Amalia Puga,2023-12-08,6,321.84,24,Feriado nacional,Inmaculada Concepción
7,KUSI MINIMARKET - San Roque,2023-07-19,4,327.35,17,,
4,KUSI MINIMARKET - Del Comercio,2025-06-08,1,533.71,31,,
7,KUSI MINIMARKET - San Roque,2023-06-06,3,114.24,7,,
5,KUSI MINIMARKET - San Sebastián,2025-08-19,3,240.67,18,,
6,KUSI MINIMARKET - Silva Santisteban,2024-01-02,3,163.2,10,,
5,KUSI MINIMARKET - San Sebastián,2024-11-11,2,375.2,25,,
3,KUSI MINIMARKET - Amalia Puga,2024-01-22,2,324.75,22,,
6,KUSI MINIMARKET - Silva Santisteban,2024-06-05,4,283.96,19,,
4,KUSI MINIMARKET - Del Comercio,2024-08-28,4,187.94,15,,
5,KUSI MINIMARKET - San Sebastián,2024-01-01,2,229.5,15,Feriado nacional,Año Nuevo
5,KUSI MINIMARKET - San Sebastián,2023-10-08,1,212.89,15,Feriado nacional,Combate de Angamos
2,KUSI MINIMARKET - Hoyos Rubio,2025-02-27,5,317.81,28,Festividad local,Campaña escolar
7,KUSI MINIMARKET - San Roque,2025-08-31,1,303.13,19,,
2,KUSI MINIMARKET - Hoyos Rubio,2025-02-04,3,346.93,25,,
3,KUSI MINIMARKET - Amalia Puga,2024-11-09,7,360.44,27,,
7,KUSI MINIMARKET - San Roque,2025-08-30,7,196.66,13,Feriado nacional,Santa Rosa de Lima
2,KUSI MINIMARKET - Hoyos Rubio,2023-03-28,3,385.09,32,,
4,KUSI MINIMARKET - Del Comercio,2025-03-18,3,256.88,21,,
7,KUSI MINIMARKET - San Roque,2024-09-05,5,163.47,10,,
2,KUSI MINIMARKET - Hoyos Rubio,2025-03-18,3,379.08,27,,
2,KUSI MINIMARKET - Hoyos Rubio,2023-11-18,7,342.42,19,,
6,KUSI MINIMARKET - Silva Santisteban,2023-03-15,4,224.34,18,Festividad local,Campaña escolar
5,KUSI MINIMARKET - San Sebastián,2023-06-29,5,206.15,15,Feriado nacional,San Pedro y San Pablo
3,KUSI MINIMARKET - Amalia Puga,2023-09-13,4,316.09,28,,
1,KUSI MINIMARKET - Vía de Evitamiento Norte,2024-10-23,4,557.93,40,,
7,KUSI MINIMARKET - San Roque,2025-01-31,6,181.14,12,,
5,KUSI MINIMARKET - San Sebastián,2024-12-25,4,225.19,18,Feriado nacional,Navidad
3,KUSI MINIMARKET - Amalia Puga,2024-11-16,7,317.39,23,,
6,KUSI MINIMARKET - Silva Santisteban,2025-03-20,5,350.21,20,,
3,KUSI MINIMARKET - Amalia Puga,2024-05-11,7,288.78,21,,
5,KUSI MINIMARKET - San Sebastián,2024-09-10,3,187.66,14,,
6,KUSI MINIMARKET - Silva Santisteban,2024-05-14,3,165.83,14,,
5,KUSI MINIMARKET - San Sebastián,2025-03-06,5,221.76,19,Festividad local,Campaña escolar
5,KUSI MINIMARKET - San Sebastián,2023-08-24,5,282.27,19,,
7,KUSI MINIMARKET - San Roque,2024-01-23,3,187.79,12,,
2,KUSI MINIMARKET - Hoyos Rubio,2023-06-05,2,325.37,22,,
2,KUSI MINIMARKET - Hoyos Rubio,2024-07-21,1,386.77,26,,
7,KUSI MINIMARKET - San Roque,2023-11-05,1,238.13,13,,
7,KUSI MINIMARKET - San Roque,2023-12-17,1,291.34,20,Festividad local,Campaña navideña
2,KUSI MINIMARKET - Hoyos Rubio,2024-04-10,4,313.11,21,,
4,KUSI MINIMARKET - Del Comercio,2023-01-29,1,400.72,28,,
4,KUSI MINIMARKET - Del Comercio,2024-01-21,1,403.8,27,,
6,KUSI MINIMARKET - Silva Santisteban,2024-09-13,6,302.46,18,,
3,KUSI MINIMARKET - Amalia Puga,2024-06-06,5,270.62,18,,
6,KUSI MINIMARKET - Silva Santisteban,2023-12-05,3,303.41,18,,
5,KUSI MINIMARKET - San Sebastián,2023-07-20,5,228.74,18,,
5,KUSI MINIMARKET - San Sebastián,2023-01-15,1,219.72,16,,
7,KUSI MINIMARKET - San Roque,2025-03-02,1,178.76,13,Festividad local,Campaña escolar
6,KUSI MINIMARKET - Silva Santisteban,2023-12-31,1,271.65,16,Festividad local,Fin de año
4,KUSI MINIMARKET - Del Comercio,2023-11-22,4,311.96,24,,
6,KUSI MINIMARKET - Silva Santisteban,2023-09-14,5,159.98,12,,
3,KUSI MINIMARKET - Amalia Puga,2024-01-28,1,317.65,22,,
7,KUSI MINIMARKET - San Roque,2025-01-27,2,278.58,18,,
5,KUSI MINIMARKET - San Sebastián,2023-07-30,1,224.57,13,,
6,KUSI MINIMARKET - Silva Santisteban,2024-06-17,2,188.83,14,,
5,KUSI MINIMARKET - San Sebastián,2024-11-27,4,142.44,14,,
7,KUSI MINIMARKET - San Roque,2024-07-03,4,169.62,11,,
3,KUSI MINIMARKET - Amalia Puga,2023-01-11,4,370.85,21,,
5,KUSI MINIMARKET - San Sebastián,2023-11-18,7,247.92,19,,
7,KUSI MINIMARKET - San Roque,2024-09-10,3,204.62,13,,
7,KUSI MINIMARKET - San Roque,2024-10-12,7,208.27,13,,
3,KUSI MINIMARKET - Amalia Puga,2024-10-05,7,373.88,22,,
5,KUSI MINIMARKET - San Sebastián,2024-10-31,5,295.14,21,,
7,KUSI MINIMARKET - San Roque,2023-06-28,4,219.7,16,,
6,KUSI MINIMARKET - Silva Santisteban,2024-03-11,2,261.06,12,Festividad local,Campaña escolar
6,KUSI MINIMARKET - Silva Santisteban,2025-02-07,6,250.44,21,,
4,KUSI MINIMARKET - Del Comercio,2023-01-23,2,354.43,26,,
6,KUSI MINIMARKET - Silva Santisteban,2025-01-15,4,195.18,17,,
2,KUSI MINIMARKET - Hoyos Rubio,2024-04-30,3,496.27,32,,
6,KUSI MINIMARKET - Silva Santisteban,2023-10-08,1,140.54,11,Feriado nacional,Combate de Angamos
4,KUSI MINIMARKET - Del Comercio,2024-07-08,2,227.44,17,,
5,KUSI MINIMARKET - San Sebastián,2024-11-09,7,155.08,14,,
3,KUSI MINIMARKET - Amalia Puga,2023-10-02,2,291.54,25,,
3,KUSI MINIMARKET - Amalia Puga,2024-08-19,2,265.29,17,,
5,KUSI MINIMARKET - San Sebastián,2025-02-22,7,184.4,15,Festividad local,Campaña escolar
5,KUSI MINIMARKET - San Sebastián,2024-09-19,5,148.4,12,,
7,KUSI MINIMARKET - San Roque,2023-01-12,5,262.02,18,,
5,KUSI MINIMARKET - San Sebastián,2023-09-14,5,224.8,14,,
6,KUSI MINIMARKET - Silva Santisteban,2024-03-01,6,121.65,9,Festividad local,Campaña escolar
6,KUSI MINIMARKET - Silva Santisteban,2023-09-20,4,336.63,20,,
6,KUSI MINIMARKET - Silva Santisteban,2025-07-01,3,159.21,10,,
3,KUSI MINIMARKET - Amalia Puga,2025-08-25,2,402.05,25,,
6,KUSI MINIMARKET - Silva Santisteban,2023-07-20,5,200.02,13,,
6,KUSI MINIMARKET - Silva Santisteban,2025-06-11,4,127.47,13,,
7,KUSI MINIMARKET - San Roque,2025-07-15,3,287.49,18,,
5,KUSI MINIMARKET - San Sebastián,2025-05-18,1,239.63,14,,
5,KUSI MINIMARKET - San Sebastián,2023-12-31,1,253.28,21,Festividad local,Fin de año
7,KUSI MINIMARKET - San Roque,2024-07-31,4,171.87,15,,
5,KUSI MINIMARKET - San Sebastián,2025-04-16,4,278.31,21,Festividad local,Semana Santa
5,KUSI MINIMARKET - San Sebastián,2023-09-13,4,137.53,11,,
6,KUSI MINIMARKET - Silva Santisteban,2024-07-03,4,146.18,10,,
4,KUSI MINIMARKET - Del Comercio,2024-06-10,2,324.75,25,,
6,KUSI MINIMARKET - Silva Santisteban,2024-05-23,5,306.08,18,,
5,KUSI MINIMARKET - San Sebastián,2024-03-03,1,32.43,5,Festividad local,Campaña escolar
4,KUSI MINIMARKET - Del Comercio,2023-04-14,6,282.9,20,,
6,KUSI MINIMARKET - Silva Santisteban,2025-06-01,1,174.18,13,,
6,KUSI MINIMARKET - Silva Santisteban,2023-11-11,7,263.99,14,,
5,KUSI MINIMARKET - San Sebastián,2024-03-22,6,97.16,9,,
7,KUSI MINIMARKET - San Roque,2025-03-06,5,249.51,16,Festividad local,Campaña escolar
4,KUSI MINIMARKET - Del Comercio,2023-05-21,1,374.57,24,,
7,KUSI MINIMARKET - San Roque,2023-10-13,6,154.09,11,,
4,KUSI MINIMARKET - Del Comercio,2023-01-13,6,140.61,13,,
6,KUSI MINIMARKET - Silva Santisteban,2023-06-28,4,251.16,14,,
5,KUSI MINIMARKET - San Sebastián,2023-08-16,4,141.91,11,,
7,KUSI MINIMARKET - San Roque,2024-09-11,4,158.66,9,,
6,KUSI MINIMARKET - Silva Santisteban,2024-08-23,6,250.09,17,,
6,KUSI MINIMARKET - Silva Santisteban,2023-07-25,3,202.75,13,,
6,KUSI MINIMARKET - Silva Santisteban,2025-03-02,1,194.26,15,Festividad local,Campaña escolar
2,KUSI MINIMARKET - Hoyos Rubio,2025-06-09,2,291.32,23,,
4,KUSI MINIMARKET - Del Comercio,2024-11-24,1,314.62,23,,
5,KUSI MINIMARKET - San Sebastián,2023-06-30,6,219.31,14,,
2,KUSI MINIMARKET - Hoyos Rubio,2024-02-22,5,258.97,20,Festividad local,Campaña escolar
7,KUSI MINIMARKET - San Roque,2024-07-01,2,104.55,8,,
6,KUSI MINIMARKET - Silva Santisteban,2023-01-11,4,161.56,11,,
6,KUSI MINIMARKET - Silva Santisteban,2023-08-31,5,133.9,10,,
6,KUSI MINIMARKET - Silva Santisteban,2023-10-23,2,136.89,9,,
6,KUSI MINIMARKET - Silva Santisteban,2024-02-04,1,85.7,8,,
